dagi_id;navn;nummer;afstemningssted_navn;kommune_id;opstillingskreds_nummer;opstillingskreds_dagi_id;afstemningssted_adresse;kommune_navn;kommune_dagi_id;resultat_art;ALT;DD;DF;EL;K;LA;M;N;R;S;SF;V;største_parti;pop_up
701294;St. Merløse;8;Merløse Fritidscenter;316;37;403628;Holbækvej 34, 4370 Store Merløse;Holbæk;389140;ForeløbigOptælling;0.890985324947589;8.176100628930817;6.865828092243187;8.071278825995808;3.1446540880503147;6.446540880503145;0.7337526205450734;5.555555555555555;0.9433962264150944;45.073375262054505;4.612159329140461;9.48637316561845;Socialdemokratiet;"<b style='color:#F00B2F; font-size:1.5em;margin-bottom: 10px'>Socialdemokratiet</b><br> blev størst på valgstedet Merløse Fritidscenter<br><span style='display:inline-block; width:0.3em; height:1.2em; vertical-align:middle;background:#F00B2F;'></span><span style='display:inline-block; width:30px; font-size:1em;vertical-align:middle; margin-left: 4px'>S</span><span style='display:inline-block; width:50px; text-align:left; font-size:1em; vertical-align:middle'>45.1%</span><br><span style='display:inline-block; width:0.3em; height:1.2em; vertical-align:middle;background:#0781DD;'></span><span style='display:inline-block; width:30px; font-size:1em;vertical-align:middle; margin-left: 4px'>V</span><span style='display:inline-block; width:50px; text-align:left; font-size:1em; vertical-align:middle'>9.5%</span><br><span style='display:inline-block; width:0.3em; height:1.2em; vertical-align:middle;background:#0075c9;'></span><span style='display:inline-block; width:30px; font-size:1em;vertical-align:middle; margin-left: 4px'>DD</span><span style='display:inline-block; width:50px; text-align:left; font-size:1em; vertical-align:middle'>8.2%</span><br><span style='display:inline-block; width:0.3em; height:1.2em; vertical-align:middle;background:#FF7400;'></span><span style='display:inline-block; width:30px; font-size:1em;vertical-align:middle; margin-left: 4px'>EL</span><span style='display:inline-block; width:50px; text-align:left; font-size:1em; vertical-align:middle'>8.1%</span><br><span style='display:inline-block; width:0.3em; height:1.2em; vertical-align:middle;background:#F6BA00;'></span><span style='display:inline-block; width:30px; font-size:1em;vertical-align:middle; margin-left: 4px'>DF</span><span style='display:inline-block; width:50px; text-align:left; font-size:1em; vertical-align:middle'>6.9%</span><br><span style='display:inline-block; width:0.3em; height:1.2em; vertical-align:middle;background:#48CEF3;'></span><span style='display:inline-block; width:30px; font-size:1em;vertical-align:middle; margin-left: 4px'>LA</span><span style='display:inline-block; width:50px; text-align:left; font-size:1em; vertical-align:middle'>6.4%</span><br><span style='display:inline-block; width:0.3em; height:1.2em; vertical-align:middle;background:#494949;'></span><span style='display:inline-block; width:30px; font-size:1em;vertical-align:middle; margin-left: 4px'>N</span><span style='display:inline-block; width:50px; text-align:left; font-size:1em; vertical-align:middle'>5.6%</span><br><span style='display:inline-block; width:0.3em; height:1.2em; vertical-align:middle;background:#F257A9;'></span><span style='display:inline-block; width:30px; font-size:1em;vertical-align:middle; margin-left: 4px'>SF</span><span style='display:inline-block; width:50px; text-align:left; font-size:1em; vertical-align:middle'>4.6%</span><br><span style='display:inline-block; width:0.3em; height:1.2em; vertical-align:middle;background:#06691E;'></span><span style='display:inline-block; width:30px; font-size:1em;vertical-align:middle; margin-left: 4px'>K</span><span style='display:inline-block; width:50px; text-align:left; font-size:1em; vertical-align:middle'>3.1%</span><br><span style='display:inline-block; width:0.3em; height:1.2em; vertical-align:middle;background:#662690;'></span><span style='display:inline-block; width:30px; font-size:1em;vertical-align:middle; margin-left: 4px'>R</span><span style='display:inline-block; width:50px; text-align:left; font-size:1em; vertical-align:middle'>0.9%</span><br><span style='display:inline-block; width:0.3em; height:1.2em; vertical-align:middle;background:#3CE63D;'></span><span style='display:inline-block; width:30px; font-size:1em;vertical-align:middle; margin-left: 4px'>ALT</span><span style='display:inline-block; width:50px; text-align:left; font-size:1em; vertical-align:middle'>0.9%</span><br><span style='display:inline-block; width:0.3em; height:1.2em; vertical-align:middle;background:#911995;'></span><span style='display:inline-block; width:30px; font-size:1em;vertical-align:middle; margin-left: 4px'>M</span><span style='display:inline-block; width:50px; text-align:left; font-size:1em; vertical-align:middle'>0.7%</span>"
708868;Udby;6;Tuse Næs Hallerne;316;37;403628;Udby Kirkevej 23, Udby, 4300 Holbæk;Holbæk;389140;ForeløbigOptælling;0.3412969283276451;6.552901023890785;4.846416382252559;4.163822525597269;2.525597269624573;6.006825938566553;0.7508532423208191;1.911262798634812;2.04778156996587;55.15358361774744;4.6416382252559725;11.058020477815699;Socialdemokratiet;"<b style='color:#F00B2F; font-size:1.5em;margin-bottom: 10px'>Socialdemokratiet</b><br> blev størst på valgstedet Tuse Næs Hallerne<br><span style='display:inline-block; width:0.3em; height:1.2em; vertical-align:middle;background:#F00B2F;'></span><span style='display:inline-block; width:30px; font-size:1em;vertical-align:middle; margin-left: 4px'>S</span><span style='display:inline-block; width:50px; text-align:left; font-size:1em; vertical-align:middle'>55.2%</span><br><span style='display:inline-block; width:0.3em; height:1.2em; vertical-align:middle;background:#0781DD;'></span><span style='display:inline-block; width:30px; font-size:1em;vertical-align:middle; margin-left: 4px'>V</span><span style='display:inline-block; width:50px; text-align:left; font-size:1em; vertical-align:middle'>11.1%</span><br><span style='display:inline-block; width:0.3em; height:1.2em; vertical-align:middle;background:#0075c9;'></span><span style='display:inline-block; width:30px; font-size:1em;vertical-align:middle; margin-left: 4px'>DD</span><span style='display:inline-block; width:50px; text-align:left; font-size:1em; vertical-align:middle'>6.6%</span><br><span style='display:inline-block; width:0.3em; height:1.2em; vertical-align:middle;background:#48CEF3;'></span><span style='display:inline-block; width:30px; font-size:1em;vertical-align:middle; margin-left: 4px'>LA</span><span style='display:inline-block; width:50px; text-align:left; font-size:1em; vertical-align:middle'>6.0%</span><br><span style='display:inline-block; width:0.3em; height:1.2em; vertical-align:middle;background:#F6BA00;'></span><span style='display:inline-block; width:30px; font-size:1em;vertical-align:middle; margin-left: 4px'>DF</span><span style='display:inline-block; width:50px; text-align:left; font-size:1em; vertical-align:middle'>4.8%</span><br><span style='display:inline-block; width:0.3em; height:1.2em; vertical-align:middle;background:#F257A9;'></span><span style='display:inline-block; width:30px; font-size:1em;vertical-align:middle; margin-left: 4px'>SF</span><span style='display:inline-block; width:50px; text-align:left; font-size:1em; vertical-align:middle'>4.6%</span><br><span style='display:inline-block; width:0.3em; height:1.2em; vertical-align:middle;background:#FF7400;'></span><span style='display:inline-block; width:30px; font-size:1em;vertical-align:middle; margin-left: 4px'>EL</span><span style='display:inline-block; width:50px; text-align:left; font-size:1em; vertical-align:middle'>4.2%</span><br><span style='display:inline-block; width:0.3em; height:1.2em; vertical-align:middle;background:#06691E;'></span><span style='display:inline-block; width:30px; font-size:1em;vertical-align:middle; margin-left: 4px'>K</span><span style='display:inline-block; width:50px; text-align:left; font-size:1em; vertical-align:middle'>2.5%</span><br><span style='display:inline-block; width:0.3em; height:1.2em; vertical-align:middle;background:#662690;'></span><span style='display:inline-block; width:30px; font-size:1em;vertical-align:middle; margin-left: 4px'>R</span><span style='display:inline-block; width:50px; text-align:left; font-size:1em; vertical-align:middle'>2.0%</span><br><span style='display:inline-block; width:0.3em; height:1.2em; vertical-align:middle;background:#494949;'></span><span style='display:inline-block; width:30px; font-size:1em;vertical-align:middle; margin-left: 4px'>N</span><span style='display:inline-block; width:50px; text-align:left; font-size:1em; vertical-align:middle'>1.9%</span><br><span style='display:inline-block; width:0.3em; height:1.2em; vertical-align:middle;background:#911995;'></span><span style='display:inline-block; width:30px; font-size:1em;vertical-align:middle; margin-left: 4px'>M</span><span style='display:inline-block; width:50px; text-align:left; font-size:1em; vertical-align:middle'>0.8%</span><br><span style='display:inline-block; width:0.3em; height:1.2em; vertical-align:middle;background:#3CE63D;'></span><span style='display:inline-block; width:30px; font-size:1em;vertical-align:middle; margin-left: 4px'>ALT</span><span style='display:inline-block; width:50px; text-align:left; font-size:1em; vertical-align:middle'>0.3%</span>"
704450;Jyderup;11;Jyderup Hallen;316;37;403628;Elmegården 58, 4450 Jyderup;Holbæk;389140;ForeløbigOptælling;0.257542310522443;5.555555555555555;5.481972038263429;4.083885209713024;11.77336276674025;3.532008830022075;0.7358351729212657;0.6990434142752024;7.137601177336276;47.57174392935982;4.8933038999264165;8.27814569536424;Socialdemokratiet;"<b style='color:#F00B2F; font-size:1.5em;margin-bottom: 10px'>Socialdemokratiet</b><br> blev størst på valgstedet Jyderup Hallen<br><span style='display:inline-block; width:0.3em; height:1.2em; vertical-align:middle;background:#F00B2F;'></span><span style='display:inline-block; width:30px; font-size:1em;vertical-align:middle; margin-left: 4px'>S</span><span style='display:inline-block; width:50px; text-align:left; font-size:1em; vertical-align:middle'>47.6%</span><br><span style='display:inline-block; width:0.3em; height:1.2em; vertical-align:middle;background:#06691E;'></span><span style='display:inline-block; width:30px; font-size:1em;vertical-align:middle; margin-left: 4px'>K</span><span style='display:inline-block; width:50px; text-align:left; font-size:1em; vertical-align:middle'>11.8%</span><br><span style='display:inline-block; width:0.3em; height:1.2em; vertical-align:middle;background:#0781DD;'></span><span style='display:inline-block; width:30px; font-size:1em;vertical-align:middle; margin-left: 4px'>V</span><span style='display:inline-block; width:50px; text-align:left; font-size:1em; vertical-align:middle'>8.3%</span><br><span style='display:inline-block; width:0.3em; height:1.2em; vertical-align:middle;background:#662690;'></span><span style='display:inline-block; width:30px; font-size:1em;vertical-align:middle; margin-left: 4px'>R</span><span style='display:inline-block; width:50px; text-align:left; font-size:1em; vertical-align:middle'>7.1%</span><br><span style='display:inline-block; width:0.3em; height:1.2em; vertical-align:middle;background:#0075c9;'></span><span style='display:inline-block; width:30px; font-size:1em;vertical-align:middle; margin-left: 4px'>DD</span><span style='display:inline-block; width:50px; text-align:left; font-size:1em; vertical-align:middle'>5.6%</span><br><span style='display:inline-block; width:0.3em; height:1.2em; vertical-align:middle;background:#F6BA00;'></span><span style='display:inline-block; width:30px; font-size:1em;vertical-align:middle; margin-left: 4px'>DF</span><span style='display:inline-block; width:50px; text-align:left; font-size:1em; vertical-align:middle'>5.5%</span><br><span style='display:inline-block; width:0.3em; height:1.2em; vertical-align:middle;background:#F257A9;'></span><span style='display:inline-block; width:30px; font-size:1em;vertical-align:middle; margin-left: 4px'>SF</span><span style='display:inline-block; width:50px; text-align:left; font-size:1em; vertical-align:middle'>4.9%</span><br><span style='display:inline-block; width:0.3em; height:1.2em; vertical-align:middle;background:#FF7400;'></span><span style='display:inline-block; width:30px; font-size:1em;vertical-align:middle; margin-left: 4px'>EL</span><span style='display:inline-block; width:50px; text-align:left; font-size:1em; vertical-align:middle'>4.1%</span><br><span style='display:inline-block; width:0.3em; height:1.2em; vertical-align:middle;background:#48CEF3;'></span><span style='display:inline-block; width:30px; font-size:1em;vertical-align:middle; margin-left: 4px'>LA</span><span style='display:inline-block; width:50px; text-align:left; font-size:1em; vertical-align:middle'>3.5%</span><br><span style='display:inline-block; width:0.3em; height:1.2em; vertical-align:middle;background:#911995;'></span><span style='display:inline-block; width:30px; font-size:1em;vertical-align:middle; margin-left: 4px'>M</span><span style='display:inline-block; width:50px; text-align:left; font-size:1em; vertical-align:middle'>0.7%</span><br><span style='display:inline-block; width:0.3em; height:1.2em; vertical-align:middle;background:#494949;'></span><span style='display:inline-block; width:30px; font-size:1em;vertical-align:middle; margin-left: 4px'>N</span><span style='display:inline-block; width:50px; text-align:left; font-size:1em; vertical-align:middle'>0.7%</span><br><span style='display:inline-block; width:0.3em; height:1.2em; vertical-align:middle;background:#3CE63D;'></span><span style='display:inline-block; width:30px; font-size:1em;vertical-align:middle; margin-left: 4px'>ALT</span><span style='display:inline-block; width:50px; text-align:left; font-size:1em; vertical-align:middle'>0.3%</span>"
705958;Tuse;5;Tuse Hallen;316;37;403628;Tuse Byvej 8, Tuse, 4300 Holbæk;Holbæk;389140;ForeløbigOptælling;0.1400560224089636;6.26750700280112;3.5364145658263304;2.941176470588235;3.011204481792717;5.777310924369748;0.7352941176470588;1.050420168067227;3.081232492997199;58.228291316526615;4.621848739495799;10.609243697478991;Socialdemokratiet;"<b style='color:#F00B2F; font-size:1.5em;margin-bottom: 10px'>Socialdemokratiet</b><br> blev størst på valgstedet Tuse Hallen<br><span style='display:inline-block; width:0.3em; height:1.2em; vertical-align:middle;background:#F00B2F;'></span><span style='display:inline-block; width:30px; font-size:1em;vertical-align:middle; margin-left: 4px'>S</span><span style='display:inline-block; width:50px; text-align:left; font-size:1em; vertical-align:middle'>58.2%</span><br><span style='display:inline-block; width:0.3em; height:1.2em; vertical-align:middle;background:#0781DD;'></span><span style='display:inline-block; width:30px; font-size:1em;vertical-align:middle; margin-left: 4px'>V</span><span style='display:inline-block; width:50px; text-align:left; font-size:1em; vertical-align:middle'>10.6%</span><br><span style='display:inline-block; width:0.3em; height:1.2em; vertical-align:middle;background:#0075c9;'></span><span style='display:inline-block; width:30px; font-size:1em;vertical-align:middle; margin-left: 4px'>DD</span><span style='display:inline-block; width:50px; text-align:left; font-size:1em; vertical-align:middle'>6.3%</span><br><span style='display:inline-block; width:0.3em; height:1.2em; vertical-align:middle;background:#48CEF3;'></span><span style='display:inline-block; width:30px; font-size:1em;vertical-align:middle; margin-left: 4px'>LA</span><span style='display:inline-block; width:50px; text-align:left; font-size:1em; vertical-align:middle'>5.8%</span><br><span style='display:inline-block; width:0.3em; height:1.2em; vertical-align:middle;background:#F257A9;'></span><span style='display:inline-block; width:30px; font-size:1em;vertical-align:middle; margin-left: 4px'>SF</span><span style='display:inline-block; width:50px; text-align:left; font-size:1em; vertical-align:middle'>4.6%</span><br><span style='display:inline-block; width:0.3em; height:1.2em; vertical-align:middle;background:#F6BA00;'></span><span style='display:inline-block; width:30px; font-size:1em;vertical-align:middle; margin-left: 4px'>DF</span><span style='display:inline-block; width:50px; text-align:left; font-size:1em; vertical-align:middle'>3.5%</span><br><span style='display:inline-block; width:0.3em; height:1.2em; vertical-align:middle;background:#662690;'></span><span style='display:inline-block; width:30px; font-size:1em;vertical-align:middle; margin-left: 4px'>R</span><span style='display:inline-block; width:50px; text-align:left; font-size:1em; vertical-align:middle'>3.1%</span><br><span style='display:inline-block; width:0.3em; height:1.2em; vertical-align:middle;background:#06691E;'></span><span style='display:inline-block; width:30px; font-size:1em;vertical-align:middle; margin-left: 4px'>K</span><span style='display:inline-block; width:50px; text-align:left; font-size:1em; vertical-align:middle'>3.0%</span><br><span style='display:inline-block; width:0.3em; height:1.2em; vertical-align:middle;background:#FF7400;'></span><span style='display:inline-block; width:30px; font-size:1em;vertical-align:middle; margin-left: 4px'>EL</span><span style='display:inline-block; width:50px; text-align:left; font-size:1em; vertical-align:middle'>2.9%</span><br><span style='display:inline-block; width:0.3em; height:1.2em; vertical-align:middle;background:#494949;'></span><span style='display:inline-block; width:30px; font-size:1em;vertical-align:middle; margin-left: 4px'>N</span><span style='display:inline-block; width:50px; text-align:left; font-size:1em; vertical-align:middle'>1.1%</span><br><span style='display:inline-block; width:0.3em; height:1.2em; vertical-align:middle;background:#911995;'></span><span style='display:inline-block; width:30px; font-size:1em;vertical-align:middle; margin-left: 4px'>M</span><span style='display:inline-block; width:50px; text-align:left; font-size:1em; vertical-align:middle'>0.7%</span><br><span style='display:inline-block; width:0.3em; height:1.2em; vertical-align:middle;background:#3CE63D;'></span><span style='display:inline-block; width:30px; font-size:1em;vertical-align:middle; margin-left: 4px'>ALT</span><span style='display:inline-block; width:50px; text-align:left; font-size:1em; vertical-align:middle'>0.1%</span>"
701314;Mørkøv;12;Mørkøv Hallen;316;37;403628;Skamstrupvej 7, 4440 Mørkøv;Holbæk;389140;ForeløbigOptælling;0.13464991023339318;8.168761220825854;7.495511669658887;5.879712746858169;3.680430879712747;5.9245960502693;1.0323159784560145;1.570915619389587;1.436265709156194;51.526032315978455;4.174147217235189;8.976660682226212;Socialdemokratiet;"<b style='color:#F00B2F; font-size:1.5em;margin-bottom: 10px'>Socialdemokratiet</b><br> blev størst på valgstedet Mørkøv Hallen<br><span style='display:inline-block; width:0.3em; height:1.2em; vertical-align:middle;background:#F00B2F;'></span><span style='display:inline-block; width:30px; font-size:1em;vertical-align:middle; margin-left: 4px'>S</span><span style='display:inline-block; width:50px; text-align:left; font-size:1em; vertical-align:middle'>51.5%</span><br><span style='display:inline-block; width:0.3em; height:1.2em; vertical-align:middle;background:#0781DD;'></span><span style='display:inline-block; width:30px; font-size:1em;vertical-align:middle; margin-left: 4px'>V</span><span style='display:inline-block; width:50px; text-align:left; font-size:1em; vertical-align:middle'>9.0%</span><br><span style='display:inline-block; width:0.3em; height:1.2em; vertical-align:middle;background:#0075c9;'></span><span style='display:inline-block; width:30px; font-size:1em;vertical-align:middle; margin-left: 4px'>DD</span><span style='display:inline-block; width:50px; text-align:left; font-size:1em; vertical-align:middle'>8.2%</span><br><span style='display:inline-block; width:0.3em; height:1.2em; vertical-align:middle;background:#F6BA00;'></span><span style='display:inline-block; width:30px; font-size:1em;vertical-align:middle; margin-left: 4px'>DF</span><span style='display:inline-block; width:50px; text-align:left; font-size:1em; vertical-align:middle'>7.5%</span><br><span style='display:inline-block; width:0.3em; height:1.2em; vertical-align:middle;background:#48CEF3;'></span><span style='display:inline-block; width:30px; font-size:1em;vertical-align:middle; margin-left: 4px'>LA</span><span style='display:inline-block; width:50px; text-align:left; font-size:1em; vertical-align:middle'>5.9%</span><br><span style='display:inline-block; width:0.3em; height:1.2em; vertical-align:middle;background:#FF7400;'></span><span style='display:inline-block; width:30px; font-size:1em;vertical-align:middle; margin-left: 4px'>EL</span><span style='display:inline-block; width:50px; text-align:left; font-size:1em; vertical-align:middle'>5.9%</span><br><span style='display:inline-block; width:0.3em; height:1.2em; vertical-align:middle;background:#F257A9;'></span><span style='display:inline-block; width:30px; font-size:1em;vertical-align:middle; margin-left: 4px'>SF</span><span style='display:inline-block; width:50px; text-align:left; font-size:1em; vertical-align:middle'>4.2%</span><br><span style='display:inline-block; width:0.3em; height:1.2em; vertical-align:middle;background:#06691E;'></span><span style='display:inline-block; width:30px; font-size:1em;vertical-align:middle; margin-left: 4px'>K</span><span style='display:inline-block; width:50px; text-align:left; font-size:1em; vertical-align:middle'>3.7%</span><br><span style='display:inline-block; width:0.3em; height:1.2em; vertical-align:middle;background:#494949;'></span><span style='display:inline-block; width:30px; font-size:1em;vertical-align:middle; margin-left: 4px'>N</span><span style='display:inline-block; width:50px; text-align:left; font-size:1em; vertical-align:middle'>1.6%</span><br><span style='display:inline-block; width:0.3em; height:1.2em; vertical-align:middle;background:#662690;'></span><span style='display:inline-block; width:30px; font-size:1em;vertical-align:middle; margin-left: 4px'>R</span><span style='display:inline-block; width:50px; text-align:left; font-size:1em; vertical-align:middle'>1.4%</span><br><span style='display:inline-block; width:0.3em; height:1.2em; vertical-align:middle;background:#911995;'></span><span style='display:inline-block; width:30px; font-size:1em;vertical-align:middle; margin-left: 4px'>M</span><span style='display:inline-block; width:50px; text-align:left; font-size:1em; vertical-align:middle'>1.0%</span><br><span style='display:inline-block; width:0.3em; height:1.2em; vertical-align:middle;background:#3CE63D;'></span><span style='display:inline-block; width:30px; font-size:1em;vertical-align:middle; margin-left: 4px'>ALT</span><span style='display:inline-block; width:50px; text-align:left; font-size:1em; vertical-align:middle'>0.1%</span>"
705924;Vipperød;4;Vipperød Hallen;316;37;403628;Rensdyrvej 4, 4390 Vipperød;Holbæk;389140;ForeløbigOptælling;0.3250270855904659;4.7670639219935;4.442036836403034;4.080895630191405;4.586493318887685;5.77825929938606;1.3362224629830264;2.744673167208379;2.600216684723727;52.437703141928495;5.092091007583965;11.80931744312026;Socialdemokratiet;"<b style='color:#F00B2F; font-size:1.5em;margin-bottom: 10px'>Socialdemokratiet</b><br> blev størst på valgstedet Vipperød Hallen<br><span style='display:inline-block; width:0.3em; height:1.2em; vertical-align:middle;background:#F00B2F;'></span><span style='display:inline-block; width:30px; font-size:1em;vertical-align:middle; margin-left: 4px'>S</span><span style='display:inline-block; width:50px; text-align:left; font-size:1em; vertical-align:middle'>52.4%</span><br><span style='display:inline-block; width:0.3em; height:1.2em; vertical-align:middle;background:#0781DD;'></span><span style='display:inline-block; width:30px; font-size:1em;vertical-align:middle; margin-left: 4px'>V</span><span style='display:inline-block; width:50px; text-align:left; font-size:1em; vertical-align:middle'>11.8%</span><br><span style='display:inline-block; width:0.3em; height:1.2em; vertical-align:middle;background:#48CEF3;'></span><span style='display:inline-block; width:30px; font-size:1em;vertical-align:middle; margin-left: 4px'>LA</span><span style='display:inline-block; width:50px; text-align:left; font-size:1em; vertical-align:middle'>5.8%</span><br><span style='display:inline-block; width:0.3em; height:1.2em; vertical-align:middle;background:#F257A9;'></span><span style='display:inline-block; width:30px; font-size:1em;vertical-align:middle; margin-left: 4px'>SF</span><span style='display:inline-block; width:50px; text-align:left; font-size:1em; vertical-align:middle'>5.1%</span><br><span style='display:inline-block; width:0.3em; height:1.2em; vertical-align:middle;background:#0075c9;'></span><span style='display:inline-block; width:30px; font-size:1em;vertical-align:middle; margin-left: 4px'>DD</span><span style='display:inline-block; width:50px; text-align:left; font-size:1em; vertical-align:middle'>4.8%</span><br><span style='display:inline-block; width:0.3em; height:1.2em; vertical-align:middle;background:#06691E;'></span><span style='display:inline-block; width:30px; font-size:1em;vertical-align:middle; margin-left: 4px'>K</span><span style='display:inline-block; width:50px; text-align:left; font-size:1em; vertical-align:middle'>4.6%</span><br><span style='display:inline-block; width:0.3em; height:1.2em; vertical-align:middle;background:#F6BA00;'></span><span style='display:inline-block; width:30px; font-size:1em;vertical-align:middle; margin-left: 4px'>DF</span><span style='display:inline-block; width:50px; text-align:left; font-size:1em; vertical-align:middle'>4.4%</span><br><span style='display:inline-block; width:0.3em; height:1.2em; vertical-align:middle;background:#FF7400;'></span><span style='display:inline-block; width:30px; font-size:1em;vertical-align:middle; margin-left: 4px'>EL</span><span style='display:inline-block; width:50px; text-align:left; font-size:1em; vertical-align:middle'>4.1%</span><br><span style='display:inline-block; width:0.3em; height:1.2em; vertical-align:middle;background:#494949;'></span><span style='display:inline-block; width:30px; font-size:1em;vertical-align:middle; margin-left: 4px'>N</span><span style='display:inline-block; width:50px; text-align:left; font-size:1em; vertical-align:middle'>2.7%</span><br><span style='display:inline-block; width:0.3em; height:1.2em; vertical-align:middle;background:#662690;'></span><span style='display:inline-block; width:30px; font-size:1em;vertical-align:middle; margin-left: 4px'>R</span><span style='display:inline-block; width:50px; text-align:left; font-size:1em; vertical-align:middle'>2.6%</span><br><span style='display:inline-block; width:0.3em; height:1.2em; vertical-align:middle;background:#911995;'></span><span style='display:inline-block; width:30px; font-size:1em;vertical-align:middle; margin-left: 4px'>M</span><span style='display:inline-block; width:50px; text-align:left; font-size:1em; vertical-align:middle'>1.3%</span><br><span style='display:inline-block; width:0.3em; height:1.2em; vertical-align:middle;background:#3CE63D;'></span><span style='display:inline-block; width:30px; font-size:1em;vertical-align:middle; margin-left: 4px'>ALT</span><span style='display:inline-block; width:50px; text-align:left; font-size:1em; vertical-align:middle'>0.3%</span>"
705950;Holbæk Vest;2;Absalonskolen;316;37;403628;Vandtårnsvej 3, 4300 Holbæk;Holbæk;389140;;;;;;;;;;;;;;;"<b style='color:#494949; font-size:1.5em;margin-bottom: 10px'>nan</b><br> blev størst på valgstedet Absalonskolen<br>"
708878;Tølløse;7;Tølløse Hallen;316;37;403628;Sportsvej 2, 4340 Tølløse;Holbæk;389140;ForeløbigOptælling;0.8572370590174745;4.978569073524563;4.516979887899769;5.077481041872733;2.90141773821299;4.813715792944279;1.714474118034949;2.934388394329047;2.6046818331684802;53.67622815694032;6.165512693702604;9.759314210352786;Socialdemokratiet;"<b style='color:#F00B2F; font-size:1.5em;margin-bottom: 10px'>Socialdemokratiet</b><br> blev størst på valgstedet Tølløse Hallen<br><span style='display:inline-block; width:0.3em; height:1.2em; vertical-align:middle;background:#F00B2F;'></span><span style='display:inline-block; width:30px; font-size:1em;vertical-align:middle; margin-left: 4px'>S</span><span style='display:inline-block; width:50px; text-align:left; font-size:1em; vertical-align:middle'>53.7%</span><br><span style='display:inline-block; width:0.3em; height:1.2em; vertical-align:middle;background:#0781DD;'></span><span style='display:inline-block; width:30px; font-size:1em;vertical-align:middle; margin-left: 4px'>V</span><span style='display:inline-block; width:50px; text-align:left; font-size:1em; vertical-align:middle'>9.8%</span><br><span style='display:inline-block; width:0.3em; height:1.2em; vertical-align:middle;background:#F257A9;'></span><span style='display:inline-block; width:30px; font-size:1em;vertical-align:middle; margin-left: 4px'>SF</span><span style='display:inline-block; width:50px; text-align:left; font-size:1em; vertical-align:middle'>6.2%</span><br><span style='display:inline-block; width:0.3em; height:1.2em; vertical-align:middle;background:#FF7400;'></span><span style='display:inline-block; width:30px; font-size:1em;vertical-align:middle; margin-left: 4px'>EL</span><span style='display:inline-block; width:50px; text-align:left; font-size:1em; vertical-align:middle'>5.1%</span><br><span style='display:inline-block; width:0.3em; height:1.2em; vertical-align:middle;background:#0075c9;'></span><span style='display:inline-block; width:30px; font-size:1em;vertical-align:middle; margin-left: 4px'>DD</span><span style='display:inline-block; width:50px; text-align:left; font-size:1em; vertical-align:middle'>5.0%</span><br><span style='display:inline-block; width:0.3em; height:1.2em; vertical-align:middle;background:#48CEF3;'></span><span style='display:inline-block; width:30px; font-size:1em;vertical-align:middle; margin-left: 4px'>LA</span><span style='display:inline-block; width:50px; text-align:left; font-size:1em; vertical-align:middle'>4.8%</span><br><span style='display:inline-block; width:0.3em; height:1.2em; vertical-align:middle;background:#F6BA00;'></span><span style='display:inline-block; width:30px; font-size:1em;vertical-align:middle; margin-left: 4px'>DF</span><span style='display:inline-block; width:50px; text-align:left; font-size:1em; vertical-align:middle'>4.5%</span><br><span style='display:inline-block; width:0.3em; height:1.2em; vertical-align:middle;background:#494949;'></span><span style='display:inline-block; width:30px; font-size:1em;vertical-align:middle; margin-left: 4px'>N</span><span style='display:inline-block; width:50px; text-align:left; font-size:1em; vertical-align:middle'>2.9%</span><br><span style='display:inline-block; width:0.3em; height:1.2em; vertical-align:middle;background:#06691E;'></span><span style='display:inline-block; width:30px; font-size:1em;vertical-align:middle; margin-left: 4px'>K</span><span style='display:inline-block; width:50px; text-align:left; font-size:1em; vertical-align:middle'>2.9%</span><br><span style='display:inline-block; width:0.3em; height:1.2em; vertical-align:middle;background:#662690;'></span><span style='display:inline-block; width:30px; font-size:1em;vertical-align:middle; margin-left: 4px'>R</span><span style='display:inline-block; width:50px; text-align:left; font-size:1em; vertical-align:middle'>2.6%</span><br><span style='display:inline-block; width:0.3em; height:1.2em; vertical-align:middle;background:#911995;'></span><span style='display:inline-block; width:30px; font-size:1em;vertical-align:middle; margin-left: 4px'>M</span><span style='display:inline-block; width:50px; text-align:left; font-size:1em; vertical-align:middle'>1.7%</span><br><span style='display:inline-block; width:0.3em; height:1.2em; vertical-align:middle;background:#3CE63D;'></span><span style='display:inline-block; width:30px; font-size:1em;vertical-align:middle; margin-left: 4px'>ALT</span><span style='display:inline-block; width:50px; text-align:left; font-size:1em; vertical-align:middle'>0.9%</span>"
708862;Svinninge;13;Svinninge Sportscenter;316;37;403628;Svinningehallen 1, 4520 Svinninge;Holbæk;389140;ForeløbigOptælling;0.2587991718426501;15.320910973084887;7.039337474120083;2.536231884057971;2.639751552795031;4.606625258799172;0.7246376811594203;1.4492753623188406;1.8115942028985508;52.43271221532091;3.7267080745341614;7.453416149068323;Socialdemokratiet;"<b style='color:#F00B2F; font-size:1.5em;margin-bottom: 10px'>Socialdemokratiet</b><br> blev størst på valgstedet Svinninge Sportscenter<br><span style='display:inline-block; width:0.3em; height:1.2em; vertical-align:middle;background:#F00B2F;'></span><span style='display:inline-block; width:30px; font-size:1em;vertical-align:middle; margin-left: 4px'>S</span><span style='display:inline-block; width:50px; text-align:left; font-size:1em; vertical-align:middle'>52.4%</span><br><span style='display:inline-block; width:0.3em; height:1.2em; vertical-align:middle;background:#0075c9;'></span><span style='display:inline-block; width:30px; font-size:1em;vertical-align:middle; margin-left: 4px'>DD</span><span style='display:inline-block; width:50px; text-align:left; font-size:1em; vertical-align:middle'>15.3%</span><br><span style='display:inline-block; width:0.3em; height:1.2em; vertical-align:middle;background:#0781DD;'></span><span style='display:inline-block; width:30px; font-size:1em;vertical-align:middle; margin-left: 4px'>V</span><span style='display:inline-block; width:50px; text-align:left; font-size:1em; vertical-align:middle'>7.5%</span><br><span style='display:inline-block; width:0.3em; height:1.2em; vertical-align:middle;background:#F6BA00;'></span><span style='display:inline-block; width:30px; font-size:1em;vertical-align:middle; margin-left: 4px'>DF</span><span style='display:inline-block; width:50px; text-align:left; font-size:1em; vertical-align:middle'>7.0%</span><br><span style='display:inline-block; width:0.3em; height:1.2em; vertical-align:middle;background:#48CEF3;'></span><span style='display:inline-block; width:30px; font-size:1em;vertical-align:middle; margin-left: 4px'>LA</span><span style='display:inline-block; width:50px; text-align:left; font-size:1em; vertical-align:middle'>4.6%</span><br><span style='display:inline-block; width:0.3em; height:1.2em; vertical-align:middle;background:#F257A9;'></span><span style='display:inline-block; width:30px; font-size:1em;vertical-align:middle; margin-left: 4px'>SF</span><span style='display:inline-block; width:50px; text-align:left; font-size:1em; vertical-align:middle'>3.7%</span><br><span style='display:inline-block; width:0.3em; height:1.2em; vertical-align:middle;background:#06691E;'></span><span style='display:inline-block; width:30px; font-size:1em;vertical-align:middle; margin-left: 4px'>K</span><span style='display:inline-block; width:50px; text-align:left; font-size:1em; vertical-align:middle'>2.6%</span><br><span style='display:inline-block; width:0.3em; height:1.2em; vertical-align:middle;background:#FF7400;'></span><span style='display:inline-block; width:30px; font-size:1em;vertical-align:middle; margin-left: 4px'>EL</span><span style='display:inline-block; width:50px; text-align:left; font-size:1em; vertical-align:middle'>2.5%</span><br><span style='display:inline-block; width:0.3em; height:1.2em; vertical-align:middle;background:#662690;'></span><span style='display:inline-block; width:30px; font-size:1em;vertical-align:middle; margin-left: 4px'>R</span><span style='display:inline-block; width:50px; text-align:left; font-size:1em; vertical-align:middle'>1.8%</span><br><span style='display:inline-block; width:0.3em; height:1.2em; vertical-align:middle;background:#494949;'></span><span style='display:inline-block; width:30px; font-size:1em;vertical-align:middle; margin-left: 4px'>N</span><span style='display:inline-block; width:50px; text-align:left; font-size:1em; vertical-align:middle'>1.4%</span><br><span style='display:inline-block; width:0.3em; height:1.2em; vertical-align:middle;background:#911995;'></span><span style='display:inline-block; width:30px; font-size:1em;vertical-align:middle; margin-left: 4px'>M</span><span style='display:inline-block; width:50px; text-align:left; font-size:1em; vertical-align:middle'>0.7%</span><br><span style='display:inline-block; width:0.3em; height:1.2em; vertical-align:middle;background:#3CE63D;'></span><span style='display:inline-block; width:30px; font-size:1em;vertical-align:middle; margin-left: 4px'>ALT</span><span style='display:inline-block; width:50px; text-align:left; font-size:1em; vertical-align:middle'>0.3%</span>"
707370;Regstrup;9;Jernløse Hallen;316;37;403628;Gl. Skovvej 150B, Nørre Jernløse, 4420 Regstrup;Holbæk;389140;ForeløbigOptælling;0.3432003432003432;7.5933075933075935;4.590304590304591;4.2900042900042905;2.8743028743028742;5.7915057915057915;1.3728013728013728;1.673101673101673;2.1021021021021022;43.886743886743886;3.517803517803518;21.964821964821965;Socialdemokratiet;"<b style='color:#F00B2F; font-size:1.5em;margin-bottom: 10px'>Socialdemokratiet</b><br> blev størst på valgstedet Jernløse Hallen<br><span style='display:inline-block; width:0.3em; height:1.2em; vertical-align:middle;background:#F00B2F;'></span><span style='display:inline-block; width:30px; font-size:1em;vertical-align:middle; margin-left: 4px'>S</span><span style='display:inline-block; width:50px; text-align:left; font-size:1em; vertical-align:middle'>43.9%</span><br><span style='display:inline-block; width:0.3em; height:1.2em; vertical-align:middle;background:#0781DD;'></span><span style='display:inline-block; width:30px; font-size:1em;vertical-align:middle; margin-left: 4px'>V</span><span style='display:inline-block; width:50px; text-align:left; font-size:1em; vertical-align:middle'>22.0%</span><br><span style='display:inline-block; width:0.3em; height:1.2em; vertical-align:middle;background:#0075c9;'></span><span style='display:inline-block; width:30px; font-size:1em;vertical-align:middle; margin-left: 4px'>DD</span><span style='display:inline-block; width:50px; text-align:left; font-size:1em; vertical-align:middle'>7.6%</span><br><span style='display:inline-block; width:0.3em; height:1.2em; vertical-align:middle;background:#48CEF3;'></span><span style='display:inline-block; width:30px; font-size:1em;vertical-align:middle; margin-left: 4px'>LA</span><span style='display:inline-block; width:50px; text-align:left; font-size:1em; vertical-align:middle'>5.8%</span><br><span style='display:inline-block; width:0.3em; height:1.2em; vertical-align:middle;background:#F6BA00;'></span><span style='display:inline-block; width:30px; font-size:1em;vertical-align:middle; margin-left: 4px'>DF</span><span style='display:inline-block; width:50px; text-align:left; font-size:1em; vertical-align:middle'>4.6%</span><br><span style='display:inline-block; width:0.3em; height:1.2em; vertical-align:middle;background:#FF7400;'></span><span style='display:inline-block; width:30px; font-size:1em;vertical-align:middle; margin-left: 4px'>EL</span><span style='display:inline-block; width:50px; text-align:left; font-size:1em; vertical-align:middle'>4.3%</span><br><span style='display:inline-block; width:0.3em; height:1.2em; vertical-align:middle;background:#F257A9;'></span><span style='display:inline-block; width:30px; font-size:1em;vertical-align:middle; margin-left: 4px'>SF</span><span style='display:inline-block; width:50px; text-align:left; font-size:1em; vertical-align:middle'>3.5%</span><br><span style='display:inline-block; width:0.3em; height:1.2em; vertical-align:middle;background:#06691E;'></span><span style='display:inline-block; width:30px; font-size:1em;vertical-align:middle; margin-left: 4px'>K</span><span style='display:inline-block; width:50px; text-align:left; font-size:1em; vertical-align:middle'>2.9%</span><br><span style='display:inline-block; width:0.3em; height:1.2em; vertical-align:middle;background:#662690;'></span><span style='display:inline-block; width:30px; font-size:1em;vertical-align:middle; margin-left: 4px'>R</span><span style='display:inline-block; width:50px; text-align:left; font-size:1em; vertical-align:middle'>2.1%</span><br><span style='display:inline-block; width:0.3em; height:1.2em; vertical-align:middle;background:#494949;'></span><span style='display:inline-block; width:30px; font-size:1em;vertical-align:middle; margin-left: 4px'>N</span><span style='display:inline-block; width:50px; text-align:left; font-size:1em; vertical-align:middle'>1.7%</span><br><span style='display:inline-block; width:0.3em; height:1.2em; vertical-align:middle;background:#911995;'></span><span style='display:inline-block; width:30px; font-size:1em;vertical-align:middle; margin-left: 4px'>M</span><span style='display:inline-block; width:50px; text-align:left; font-size:1em; vertical-align:middle'>1.4%</span><br><span style='display:inline-block; width:0.3em; height:1.2em; vertical-align:middle;background:#3CE63D;'></span><span style='display:inline-block; width:30px; font-size:1em;vertical-align:middle; margin-left: 4px'>ALT</span><span style='display:inline-block; width:50px; text-align:left; font-size:1em; vertical-align:middle'>0.3%</span>"
708890;Holbæk Øst;1;Bjergmarkshallen;316;37;403628;Bispehøjen 2, 4300 Holbæk;Holbæk;389140;ForeløbigOptælling;0.49019607843137253;3.0834914611005693;3.004427577482606;5.64516129032258;4.364326375711575;4.459203036053131;1.0910815939278937;1.2017710309930425;5.8981657179000635;53.0044275774826;6.1353573687539535;11.622390891840608;Socialdemokratiet;"<b style='color:#F00B2F; font-size:1.5em;margin-bottom: 10px'>Socialdemokratiet</b><br> blev størst på valgstedet Bjergmarkshallen<br><span style='display:inline-block; width:0.3em; height:1.2em; vertical-align:middle;background:#F00B2F;'></span><span style='display:inline-block; width:30px; font-size:1em;vertical-align:middle; margin-left: 4px'>S</span><span style='display:inline-block; width:50px; text-align:left; font-size:1em; vertical-align:middle'>53.0%</span><br><span style='display:inline-block; width:0.3em; height:1.2em; vertical-align:middle;background:#0781DD;'></span><span style='display:inline-block; width:30px; font-size:1em;vertical-align:middle; margin-left: 4px'>V</span><span style='display:inline-block; width:50px; text-align:left; font-size:1em; vertical-align:middle'>11.6%</span><br><span style='display:inline-block; width:0.3em; height:1.2em; vertical-align:middle;background:#F257A9;'></span><span style='display:inline-block; width:30px; font-size:1em;vertical-align:middle; margin-left: 4px'>SF</span><span style='display:inline-block; width:50px; text-align:left; font-size:1em; vertical-align:middle'>6.1%</span><br><span style='display:inline-block; width:0.3em; height:1.2em; vertical-align:middle;background:#662690;'></span><span style='display:inline-block; width:30px; font-size:1em;vertical-align:middle; margin-left: 4px'>R</span><span style='display:inline-block; width:50px; text-align:left; font-size:1em; vertical-align:middle'>5.9%</span><br><span style='display:inline-block; width:0.3em; height:1.2em; vertical-align:middle;background:#FF7400;'></span><span style='display:inline-block; width:30px; font-size:1em;vertical-align:middle; margin-left: 4px'>EL</span><span style='display:inline-block; width:50px; text-align:left; font-size:1em; vertical-align:middle'>5.6%</span><br><span style='display:inline-block; width:0.3em; height:1.2em; vertical-align:middle;background:#48CEF3;'></span><span style='display:inline-block; width:30px; font-size:1em;vertical-align:middle; margin-left: 4px'>LA</span><span style='display:inline-block; width:50px; text-align:left; font-size:1em; vertical-align:middle'>4.5%</span><br><span style='display:inline-block; width:0.3em; height:1.2em; vertical-align:middle;background:#06691E;'></span><span style='display:inline-block; width:30px; font-size:1em;vertical-align:middle; margin-left: 4px'>K</span><span style='display:inline-block; width:50px; text-align:left; font-size:1em; vertical-align:middle'>4.4%</span><br><span style='display:inline-block; width:0.3em; height:1.2em; vertical-align:middle;background:#0075c9;'></span><span style='display:inline-block; width:30px; font-size:1em;vertical-align:middle; margin-left: 4px'>DD</span><span style='display:inline-block; width:50px; text-align:left; font-size:1em; vertical-align:middle'>3.1%</span><br><span style='display:inline-block; width:0.3em; height:1.2em; vertical-align:middle;background:#F6BA00;'></span><span style='display:inline-block; width:30px; font-size:1em;vertical-align:middle; margin-left: 4px'>DF</span><span style='display:inline-block; width:50px; text-align:left; font-size:1em; vertical-align:middle'>3.0%</span><br><span style='display:inline-block; width:0.3em; height:1.2em; vertical-align:middle;background:#494949;'></span><span style='display:inline-block; width:30px; font-size:1em;vertical-align:middle; margin-left: 4px'>N</span><span style='display:inline-block; width:50px; text-align:left; font-size:1em; vertical-align:middle'>1.2%</span><br><span style='display:inline-block; width:0.3em; height:1.2em; vertical-align:middle;background:#911995;'></span><span style='display:inline-block; width:30px; font-size:1em;vertical-align:middle; margin-left: 4px'>M</span><span style='display:inline-block; width:50px; text-align:left; font-size:1em; vertical-align:middle'>1.1%</span><br><span style='display:inline-block; width:0.3em; height:1.2em; vertical-align:middle;background:#3CE63D;'></span><span style='display:inline-block; width:30px; font-size:1em;vertical-align:middle; margin-left: 4px'>ALT</span><span style='display:inline-block; width:50px; text-align:left; font-size:1em; vertical-align:middle'>0.5%</span>"
704456;Undløse;10;Undløse Hallen;316;37;403628;Øvej 5A, Undløse, 4340 Tølløse;Holbæk;389140;ForeløbigOptælling;0.2288329519450801;9.382151029748284;7.379862700228832;4.061784897025172;4.176201372997712;5.148741418764303;0.9725400457665904;3.0320366132723113;0.6292906178489702;48.05491990846682;3.4897025171624714;13.443935926773456;Socialdemokratiet;"<b style='color:#F00B2F; font-size:1.5em;margin-bottom: 10px'>Socialdemokratiet</b><br> blev størst på valgstedet Undløse Hallen<br><span style='display:inline-block; width:0.3em; height:1.2em; vertical-align:middle;background:#F00B2F;'></span><span style='display:inline-block; width:30px; font-size:1em;vertical-align:middle; margin-left: 4px'>S</span><span style='display:inline-block; width:50px; text-align:left; font-size:1em; vertical-align:middle'>48.1%</span><br><span style='display:inline-block; width:0.3em; height:1.2em; vertical-align:middle;background:#0781DD;'></span><span style='display:inline-block; width:30px; font-size:1em;vertical-align:middle; margin-left: 4px'>V</span><span style='display:inline-block; width:50px; text-align:left; font-size:1em; vertical-align:middle'>13.4%</span><br><span style='display:inline-block; width:0.3em; height:1.2em; vertical-align:middle;background:#0075c9;'></span><span style='display:inline-block; width:30px; font-size:1em;vertical-align:middle; margin-left: 4px'>DD</span><span style='display:inline-block; width:50px; text-align:left; font-size:1em; vertical-align:middle'>9.4%</span><br><span style='display:inline-block; width:0.3em; height:1.2em; vertical-align:middle;background:#F6BA00;'></span><span style='display:inline-block; width:30px; font-size:1em;vertical-align:middle; margin-left: 4px'>DF</span><span style='display:inline-block; width:50px; text-align:left; font-size:1em; vertical-align:middle'>7.4%</span><br><span style='display:inline-block; width:0.3em; height:1.2em; vertical-align:middle;background:#48CEF3;'></span><span style='display:inline-block; width:30px; font-size:1em;vertical-align:middle; margin-left: 4px'>LA</span><span style='display:inline-block; width:50px; text-align:left; font-size:1em; vertical-align:middle'>5.1%</span><br><span style='display:inline-block; width:0.3em; height:1.2em; vertical-align:middle;background:#06691E;'></span><span style='display:inline-block; width:30px; font-size:1em;vertical-align:middle; margin-left: 4px'>K</span><span style='display:inline-block; width:50px; text-align:left; font-size:1em; vertical-align:middle'>4.2%</span><br><span style='display:inline-block; width:0.3em; height:1.2em; vertical-align:middle;background:#FF7400;'></span><span style='display:inline-block; width:30px; font-size:1em;vertical-align:middle; margin-left: 4px'>EL</span><span style='display:inline-block; width:50px; text-align:left; font-size:1em; vertical-align:middle'>4.1%</span><br><span style='display:inline-block; width:0.3em; height:1.2em; vertical-align:middle;background:#F257A9;'></span><span style='display:inline-block; width:30px; font-size:1em;vertical-align:middle; margin-left: 4px'>SF</span><span style='display:inline-block; width:50px; text-align:left; font-size:1em; vertical-align:middle'>3.5%</span><br><span style='display:inline-block; width:0.3em; height:1.2em; vertical-align:middle;background:#494949;'></span><span style='display:inline-block; width:30px; font-size:1em;vertical-align:middle; margin-left: 4px'>N</span><span style='display:inline-block; width:50px; text-align:left; font-size:1em; vertical-align:middle'>3.0%</span><br><span style='display:inline-block; width:0.3em; height:1.2em; vertical-align:middle;background:#911995;'></span><span style='display:inline-block; width:30px; font-size:1em;vertical-align:middle; margin-left: 4px'>M</span><span style='display:inline-block; width:50px; text-align:left; font-size:1em; vertical-align:middle'>1.0%</span><br><span style='display:inline-block; width:0.3em; height:1.2em; vertical-align:middle;background:#662690;'></span><span style='display:inline-block; width:30px; font-size:1em;vertical-align:middle; margin-left: 4px'>R</span><span style='display:inline-block; width:50px; text-align:left; font-size:1em; vertical-align:middle'>0.6%</span><br><span style='display:inline-block; width:0.3em; height:1.2em; vertical-align:middle;background:#3CE63D;'></span><span style='display:inline-block; width:30px; font-size:1em;vertical-align:middle; margin-left: 4px'>ALT</span><span style='display:inline-block; width:50px; text-align:left; font-size:1em; vertical-align:middle'>0.2%</span>"
710502;Gislinge;14;Gislinge Skole;316;37;403628;Skolevej 4, 4532 Gislinge;Holbæk;389140;ForeløbigOptælling;0.21052631578947367;18.157894736842106;6.631578947368421;2.68421052631579;2.1052631578947367;9.578947368421051;0.894736842105263;1.789473684210526;1.0;44.473684210526315;3.1578947368421053;9.31578947368421;Socialdemokratiet;"<b style='color:#F00B2F; font-size:1.5em;margin-bottom: 10px'>Socialdemokratiet</b><br> blev størst på valgstedet Gislinge Skole<br><span style='display:inline-block; width:0.3em; height:1.2em; vertical-align:middle;background:#F00B2F;'></span><span style='display:inline-block; width:30px; font-size:1em;vertical-align:middle; margin-left: 4px'>S</span><span style='display:inline-block; width:50px; text-align:left; font-size:1em; vertical-align:middle'>44.5%</span><br><span style='display:inline-block; width:0.3em; height:1.2em; vertical-align:middle;background:#0075c9;'></span><span style='display:inline-block; width:30px; font-size:1em;vertical-align:middle; margin-left: 4px'>DD</span><span style='display:inline-block; width:50px; text-align:left; font-size:1em; vertical-align:middle'>18.2%</span><br><span style='display:inline-block; width:0.3em; height:1.2em; vertical-align:middle;background:#48CEF3;'></span><span style='display:inline-block; width:30px; font-size:1em;vertical-align:middle; margin-left: 4px'>LA</span><span style='display:inline-block; width:50px; text-align:left; font-size:1em; vertical-align:middle'>9.6%</span><br><span style='display:inline-block; width:0.3em; height:1.2em; vertical-align:middle;background:#0781DD;'></span><span style='display:inline-block; width:30px; font-size:1em;vertical-align:middle; margin-left: 4px'>V</span><span style='display:inline-block; width:50px; text-align:left; font-size:1em; vertical-align:middle'>9.3%</span><br><span style='display:inline-block; width:0.3em; height:1.2em; vertical-align:middle;background:#F6BA00;'></span><span style='display:inline-block; width:30px; font-size:1em;vertical-align:middle; margin-left: 4px'>DF</span><span style='display:inline-block; width:50px; text-align:left; font-size:1em; vertical-align:middle'>6.6%</span><br><span style='display:inline-block; width:0.3em; height:1.2em; vertical-align:middle;background:#F257A9;'></span><span style='display:inline-block; width:30px; font-size:1em;vertical-align:middle; margin-left: 4px'>SF</span><span style='display:inline-block; width:50px; text-align:left; font-size:1em; vertical-align:middle'>3.2%</span><br><span style='display:inline-block; width:0.3em; height:1.2em; vertical-align:middle;background:#FF7400;'></span><span style='display:inline-block; width:30px; font-size:1em;vertical-align:middle; margin-left: 4px'>EL</span><span style='display:inline-block; width:50px; text-align:left; font-size:1em; vertical-align:middle'>2.7%</span><br><span style='display:inline-block; width:0.3em; height:1.2em; vertical-align:middle;background:#06691E;'></span><span style='display:inline-block; width:30px; font-size:1em;vertical-align:middle; margin-left: 4px'>K</span><span style='display:inline-block; width:50px; text-align:left; font-size:1em; vertical-align:middle'>2.1%</span><br><span style='display:inline-block; width:0.3em; height:1.2em; vertical-align:middle;background:#494949;'></span><span style='display:inline-block; width:30px; font-size:1em;vertical-align:middle; margin-left: 4px'>N</span><span style='display:inline-block; width:50px; text-align:left; font-size:1em; vertical-align:middle'>1.8%</span><br><span style='display:inline-block; width:0.3em; height:1.2em; vertical-align:middle;background:#662690;'></span><span style='display:inline-block; width:30px; font-size:1em;vertical-align:middle; margin-left: 4px'>R</span><span style='display:inline-block; width:50px; text-align:left; font-size:1em; vertical-align:middle'>1.0%</span><br><span style='display:inline-block; width:0.3em; height:1.2em; vertical-align:middle;background:#911995;'></span><span style='display:inline-block; width:30px; font-size:1em;vertical-align:middle; margin-left: 4px'>M</span><span style='display:inline-block; width:50px; text-align:left; font-size:1em; vertical-align:middle'>0.9%</span><br><span style='display:inline-block; width:0.3em; height:1.2em; vertical-align:middle;background:#3CE63D;'></span><span style='display:inline-block; width:30px; font-size:1em;vertical-align:middle; margin-left: 4px'>ALT</span><span style='display:inline-block; width:50px; text-align:left; font-size:1em; vertical-align:middle'>0.2%</span>"
707528;Orø;15;Orø Forsamlingshus;316;37;403628;Brøndevej 24, Bybjerg, 4305 Orø;Holbæk;389140;ForeløbigOptælling;8.79284649776453;5.514157973174367;4.619970193740686;5.812220566318927;2.8315946348733236;2.086438152011923;0.7451564828614009;1.639344262295082;2.384500745156483;50.670640834575266;11.624441132637854;3.278688524590164;Socialdemokratiet;"<b style='color:#F00B2F; font-size:1.5em;margin-bottom: 10px'>Socialdemokratiet</b><br> blev størst på valgstedet Orø Forsamlingshus<br><span style='display:inline-block; width:0.3em; height:1.2em; vertical-align:middle;background:#F00B2F;'></span><span style='display:inline-block; width:30px; font-size:1em;vertical-align:middle; margin-left: 4px'>S</span><span style='display:inline-block; width:50px; text-align:left; font-size:1em; vertical-align:middle'>50.7%</span><br><span style='display:inline-block; width:0.3em; height:1.2em; vertical-align:middle;background:#F257A9;'></span><span style='display:inline-block; width:30px; font-size:1em;vertical-align:middle; margin-left: 4px'>SF</span><span style='display:inline-block; width:50px; text-align:left; font-size:1em; vertical-align:middle'>11.6%</span><br><span style='display:inline-block; width:0.3em; height:1.2em; vertical-align:middle;background:#3CE63D;'></span><span style='display:inline-block; width:30px; font-size:1em;vertical-align:middle; margin-left: 4px'>ALT</span><span style='display:inline-block; width:50px; text-align:left; font-size:1em; vertical-align:middle'>8.8%</span><br><span style='display:inline-block; width:0.3em; height:1.2em; vertical-align:middle;background:#FF7400;'></span><span style='display:inline-block; width:30px; font-size:1em;vertical-align:middle; margin-left: 4px'>EL</span><span style='display:inline-block; width:50px; text-align:left; font-size:1em; vertical-align:middle'>5.8%</span><br><span style='display:inline-block; width:0.3em; height:1.2em; vertical-align:middle;background:#0075c9;'></span><span style='display:inline-block; width:30px; font-size:1em;vertical-align:middle; margin-left: 4px'>DD</span><span style='display:inline-block; width:50px; text-align:left; font-size:1em; vertical-align:middle'>5.5%</span><br><span style='display:inline-block; width:0.3em; height:1.2em; vertical-align:middle;background:#F6BA00;'></span><span style='display:inline-block; width:30px; font-size:1em;vertical-align:middle; margin-left: 4px'>DF</span><span style='display:inline-block; width:50px; text-align:left; font-size:1em; vertical-align:middle'>4.6%</span><br><span style='display:inline-block; width:0.3em; height:1.2em; vertical-align:middle;background:#0781DD;'></span><span style='display:inline-block; width:30px; font-size:1em;vertical-align:middle; margin-left: 4px'>V</span><span style='display:inline-block; width:50px; text-align:left; font-size:1em; vertical-align:middle'>3.3%</span><br><span style='display:inline-block; width:0.3em; height:1.2em; vertical-align:middle;background:#06691E;'></span><span style='display:inline-block; width:30px; font-size:1em;vertical-align:middle; margin-left: 4px'>K</span><span style='display:inline-block; width:50px; text-align:left; font-size:1em; vertical-align:middle'>2.8%</span><br><span style='display:inline-block; width:0.3em; height:1.2em; vertical-align:middle;background:#662690;'></span><span style='display:inline-block; width:30px; font-size:1em;vertical-align:middle; margin-left: 4px'>R</span><span style='display:inline-block; width:50px; text-align:left; font-size:1em; vertical-align:middle'>2.4%</span><br><span style='display:inline-block; width:0.3em; height:1.2em; vertical-align:middle;background:#48CEF3;'></span><span style='display:inline-block; width:30px; font-size:1em;vertical-align:middle; margin-left: 4px'>LA</span><span style='display:inline-block; width:50px; text-align:left; font-size:1em; vertical-align:middle'>2.1%</span><br><span style='display:inline-block; width:0.3em; height:1.2em; vertical-align:middle;background:#494949;'></span><span style='display:inline-block; width:30px; font-size:1em;vertical-align:middle; margin-left: 4px'>N</span><span style='display:inline-block; width:50px; text-align:left; font-size:1em; vertical-align:middle'>1.6%</span><br><span style='display:inline-block; width:0.3em; height:1.2em; vertical-align:middle;background:#911995;'></span><span style='display:inline-block; width:30px; font-size:1em;vertical-align:middle; margin-left: 4px'>M</span><span style='display:inline-block; width:50px; text-align:left; font-size:1em; vertical-align:middle'>0.7%</span>"
702906;Holbæk Midt;3;Elværket;316;37;403628;Gasværksvej 9, 4300 Holbæk;Holbæk;389140;ForeløbigOptælling;0.5116279069767441;2.9069767441860463;3.7674418604651163;4.930232558139535;3.9767441860465116;5.023255813953488;0.9069767441860465;1.1627906976744187;3.697674418604651;56.860465116279066;5.6976744186046515;10.55813953488372;Socialdemokratiet;"<b style='color:#F00B2F; font-size:1.5em;margin-bottom: 10px'>Socialdemokratiet</b><br> blev størst på valgstedet Elværket<br><span style='display:inline-block; width:0.3em; height:1.2em; vertical-align:middle;background:#F00B2F;'></span><span style='display:inline-block; width:30px; font-size:1em;vertical-align:middle; margin-left: 4px'>S</span><span style='display:inline-block; width:50px; text-align:left; font-size:1em; vertical-align:middle'>56.9%</span><br><span style='display:inline-block; width:0.3em; height:1.2em; vertical-align:middle;background:#0781DD;'></span><span style='display:inline-block; width:30px; font-size:1em;vertical-align:middle; margin-left: 4px'>V</span><span style='display:inline-block; width:50px; text-align:left; font-size:1em; vertical-align:middle'>10.6%</span><br><span style='display:inline-block; width:0.3em; height:1.2em; vertical-align:middle;background:#F257A9;'></span><span style='display:inline-block; width:30px; font-size:1em;vertical-align:middle; margin-left: 4px'>SF</span><span style='display:inline-block; width:50px; text-align:left; font-size:1em; vertical-align:middle'>5.7%</span><br><span style='display:inline-block; width:0.3em; height:1.2em; vertical-align:middle;background:#48CEF3;'></span><span style='display:inline-block; width:30px; font-size:1em;vertical-align:middle; margin-left: 4px'>LA</span><span style='display:inline-block; width:50px; text-align:left; font-size:1em; vertical-align:middle'>5.0%</span><br><span style='display:inline-block; width:0.3em; height:1.2em; vertical-align:middle;background:#FF7400;'></span><span style='display:inline-block; width:30px; font-size:1em;vertical-align:middle; margin-left: 4px'>EL</span><span style='display:inline-block; width:50px; text-align:left; font-size:1em; vertical-align:middle'>4.9%</span><br><span style='display:inline-block; width:0.3em; height:1.2em; vertical-align:middle;background:#06691E;'></span><span style='display:inline-block; width:30px; font-size:1em;vertical-align:middle; margin-left: 4px'>K</span><span style='display:inline-block; width:50px; text-align:left; font-size:1em; vertical-align:middle'>4.0%</span><br><span style='display:inline-block; width:0.3em; height:1.2em; vertical-align:middle;background:#F6BA00;'></span><span style='display:inline-block; width:30px; font-size:1em;vertical-align:middle; margin-left: 4px'>DF</span><span style='display:inline-block; width:50px; text-align:left; font-size:1em; vertical-align:middle'>3.8%</span><br><span style='display:inline-block; width:0.3em; height:1.2em; vertical-align:middle;background:#662690;'></span><span style='display:inline-block; width:30px; font-size:1em;vertical-align:middle; margin-left: 4px'>R</span><span style='display:inline-block; width:50px; text-align:left; font-size:1em; vertical-align:middle'>3.7%</span><br><span style='display:inline-block; width:0.3em; height:1.2em; vertical-align:middle;background:#0075c9;'></span><span style='display:inline-block; width:30px; font-size:1em;vertical-align:middle; margin-left: 4px'>DD</span><span style='display:inline-block; width:50px; text-align:left; font-size:1em; vertical-align:middle'>2.9%</span><br><span style='display:inline-block; width:0.3em; height:1.2em; vertical-align:middle;background:#494949;'></span><span style='display:inline-block; width:30px; font-size:1em;vertical-align:middle; margin-left: 4px'>N</span><span style='display:inline-block; width:50px; text-align:left; font-size:1em; vertical-align:middle'>1.2%</span><br><span style='display:inline-block; width:0.3em; height:1.2em; vertical-align:middle;background:#911995;'></span><span style='display:inline-block; width:30px; font-size:1em;vertical-align:middle; margin-left: 4px'>M</span><span style='display:inline-block; width:50px; text-align:left; font-size:1em; vertical-align:middle'>0.9%</span><br><span style='display:inline-block; width:0.3em; height:1.2em; vertical-align:middle;background:#3CE63D;'></span><span style='display:inline-block; width:30px; font-size:1em;vertical-align:middle; margin-left: 4px'>ALT</span><span style='display:inline-block; width:50px; text-align:left; font-size:1em; vertical-align:middle'>0.5%</span>"
