kommune,kommune_dagi_id,frigivelsestidspunkt,opdateringstidspunkt,valgforbund_navn,kandidatliste_id,valgforbund_partier,valgforbund_partibogstav
Faaborg-Midtfyn,389158,2025-10-06 10:05:57,2025-10-06 10:05:57,"B, L, M","['65654baf-0d17-444f-8b8d-ded91d47ec33', '6beef4e0-f94c-440a-9a6a-42f11e679a05', 'b94df435-98ad-4b8a-88f0-0e1928bcaaf0']","['Radikale Venstre', 'Lokallisten Faaborg-Midtfyn', 'Moderaterne']","['B', 'L', 'M']"
Faaborg-Midtfyn,389158,2025-10-06 10:05:57,2025-10-06 10:05:57,"F, Ø","['82e62c23-b60c-4b71-8772-ec23c5f3ecf8', 'd6dd0792-0912-48cc-a3d6-e6525ffde99d']","['Enhedslisten - De Rød-Grønne', 'SF - Socialistisk Folkeparti']","['Ø', 'F']"
Faaborg-Midtfyn,389158,2025-10-06 10:05:57,2025-10-06 10:05:57,"C, I, O, Æ","['0e88e7ef-ba60-4f24-883a-4895bd69a8f3', '55d4e0be-a0b4-457a-8bab-1f6f6d857e26', '747531b7-9936-41f2-9c18-b9d537ee4003', 'da6b0e7a-828e-472e-aecb-ed0bd0d4fb74']","['Liberal Alliance', 'Dansk Folkeparti', 'Danmarksdemokraterne - Inger Støjberg', 'Det Konservative Folkeparti']","['I', 'O', 'Æ', 'C']"
Brøndby,389106,2025-10-06 12:25:28,2025-10-06 12:25:28,Valgforbund II,"['7130f580-7037-4daf-86df-ec52cd3625e6', 'a653c687-4e33-46c3-a22f-c794846f2994', 'acb0f894-58a7-406c-9cfe-f65a88808308', 'b522e809-c0b8-4802-b94a-953cb8d86694']","['Det Konservative Folkeparti', 'Liberal Alliance', 'Venstre, Danmarks Liberale Parti', 'Dansk Folkeparti']","['C', 'I', 'V', 'O']"
Brøndby,389106,2025-10-06 12:25:28,2025-10-06 12:25:28,Valgforbund III,"['7e1e07c7-be39-4e07-a7c8-662fa901dc12', '95ac7b65-9c55-47b7-9d73-50536aa0aa46', '9cab9f7c-3ea7-427a-bf33-12ddc90b2dea']","['Radikale Venstre', 'Moderaterne', 'Kristendemokraterne']","['B', 'M', 'K']"
Brøndby,389106,2025-10-06 12:25:28,2025-10-06 12:25:28,Valgforbund I,"['57b064d3-da23-45c7-bf15-c5765157bebd', 'e06b8df3-c2c0-4a01-9eb6-915a59d43dbe']","['SF - Socialistisk Folkeparti', 'Socialdemokratiet']","['F', 'A']"
Jammerbugt,389205,2025-10-06 10:03:41,2025-10-06 10:03:41,BKT,"['2f9790eb-73bf-476f-9753-74ac737930a9', 'bb5a6cd2-598d-45b1-992e-75cb73f959e3', 'cde4bc8b-9f28-4edd-8b31-fcaeaa51e370']","['Kristendemokraterne', 'Radikale Venstre', 'Lokallisten Jammerbugt']","['K', 'B', 'T']"
Jammerbugt,389205,2025-10-06 10:03:41,2025-10-06 10:03:41,CIL,"['517d994f-483a-40b4-94d0-6a156c9fb3b5', '78099afd-7dae-4b39-ab8b-8aa2e82c76f3', '7e620cd5-9e5f-4c22-8f75-9bc512019c19']","['Vendelbo-Listen', 'Liberal Alliance', 'Det Konservative Folkeparti']","['L', 'I', 'C']"
Jammerbugt,389205,2025-10-06 10:03:41,2025-10-06 10:03:41,AF,"['1b7834fc-da3d-4f45-92db-e8f51402c3b5', 'cd07c1fa-1c08-471d-b7e1-819835380c8b']","['Socialdemokratiet', 'SF - Socialistisk Folkeparti']","['A', 'F']"
Jammerbugt,389205,2025-10-06 10:03:41,2025-10-06 10:03:41,OVÆ,"['68ef3028-4e6f-4ea2-b243-a34da4e2a751', '7cfae50c-469b-4359-bfaa-4563ed6fc4c5', 'b3aa20c5-29a2-4f47-822a-4bda8cc4024c']","['Dansk Folkeparti', 'Danmarksdemokraterne - Inger Støjberg', 'Venstre, Danmarks Liberale Parti']","['O', 'Æ', 'V']"
Samsø,389191,2025-10-06 14:50:16,2025-10-06 14:50:16,C/V,"['64ddbfbd-d386-49bd-8a43-c209a9c29d5e', 'd2bc63d8-4bd6-4b78-aaf2-eeb6021358a7']","['Det Konservative Folkeparti', 'Venstre']","['C', 'V']"
Samsø,389191,2025-10-06 14:50:16,2025-10-06 14:50:16,A/F,"['42c3618b-43d5-4e28-ac1a-07b4dc09a719', 'ad36a5e0-d8d3-4557-9811-067095cdfea1']","['SF - Socialistisk Folkeparti', 'Socialdemokratiet']","['F', 'A']"
Faxe,389143,2025-10-06 10:12:45,2025-10-06 10:12:45,Valgforbund 3 - ILM,"['3689863e-4242-4bfc-a2cc-1f4b442afca7', '502723da-0e9d-42f4-bd3d-af5718a2d7ca', '7dba66a4-7c7d-4f2b-b83e-ddc2f5c328b6']","['Moderaterne', 'Liberal Alliance', 'Lokallisten']","['M', 'I', 'L']"
Faxe,389143,2025-10-06 10:12:45,2025-10-06 10:12:45,Valgforbund 1 - COÆ,"['24ee9d4a-b155-4ef0-b421-d3dc24b54cec', '5beff07c-4056-432d-9a6b-22dab3a0fe53', 'f6fbcf8b-d0b7-4cd6-a40a-a25f289cfaf1']","['Danmarksdemokraterne - Inger Støjberg', 'Dansk Folkeparti', 'Det Konservative Folkeparti']","['Æ', 'O', 'C']"
Faxe,389143,2025-10-06 10:12:45,2025-10-06 10:12:45,Valgforbund 2 - FTØ,"['9df185d3-e4b5-40cc-87c2-a307852b0b9b', 'd6ad1834-9a23-45aa-a5b0-7b725eb9cdb3', 'ff677797-0b83-4d3c-a116-ec58a71f46a2']","['Enhedslisten - De Rød-Grønne', 'HaslevFaxe-Listen', 'SF - Socialistisk Folkeparti']","['Ø', 'T', 'F']"
Varde,389173,2025-10-07 06:46:33,2025-10-07 06:46:33,B- A - F,"['859fbedb-96f4-4f7a-baa1-603536b1b254', 'a0a47cfb-5f0b-459c-8249-8051755711e5', 'a912b667-43d8-4b0c-ad42-558a112edbfb']","['Radikale Venstre', 'SF - Socialistisk Folkeparti', 'Socialdemokratiet']","['B', 'F', 'A']"
Varde,389173,2025-10-07 06:46:33,2025-10-07 06:46:33,C - I - Æ - K,"['1601440c-8927-45c6-8bee-8eff0a1b7a44', '2e413be9-4f22-4a70-9ece-b466e411a919', 'cd2ce40c-6461-4bc8-bba4-8a0f83004be8', 'e70d1bc1-cea1-4839-b277-a631223e5bec']","['Liberal Alliance', 'Kristendemokraterne', 'Danmarksdemokraterne - Inger Støjberg', 'Det Konservative Folkeparti']","['I', 'K', 'Æ', 'C']"
Varde,389173,2025-10-07 06:46:33,2025-10-07 06:46:33,V - O,"['2912cca7-74cc-4087-a3ec-e17ad03dd7a4', '70ca4bc5-ef86-4874-a591-324c587d521b', '98e4cab7-3108-40ac-a56d-335cbc075d72']","['Dansk Folkeparti', 'Venstre, Danmarks Liberale Parti', 'Moderaterne']","['O', 'V', 'M']"
Lemvig,389183,2025-10-06 11:55:23,2025-10-06 11:55:23,A+B+F,"['20f1cd37-c0f6-426e-ad06-40abf6524b13', '74ee1ac6-93f4-4a5c-8e72-7c760ecc88f4', '9f6b25a2-11b3-4dfc-9b0a-39b86d45ad5a']","['Socialdemokratiet', 'SF - Socialistisk Folkeparti', 'Radikale Venstre']","['A', 'F', 'B']"
Lemvig,389183,2025-10-06 11:55:23,2025-10-06 11:55:23,C+L+O+Æ,"['0d47b949-ee49-452f-a8e8-8dce4601d14a', '3a80779e-59c3-4c70-be18-d6b241f56c51', '941c9a53-d1fd-4bfe-afa2-ba6034c41aa9', 'c3fada37-052e-4356-9a33-30fef02fecf7']","['Dansk Folkeparti', 'Det Konservative Folkeparti', 'Danmarksdemokraterne - Inger Støjberg', 'Land- og Bylisten']","['O', 'C', 'Æ', 'L']"
Hjørring,389201,2025-10-06 12:47:16,2025-10-06 12:47:16,"C, Æ, I","['23e42156-d207-4a67-ab75-5f5014e19ce0', '9e542dfc-49d7-4ce5-bea8-7d31877e4ddc', 'e6e6a7f6-9767-4218-811e-16a99a3f2bc5']","['Danmarksdemokraterne - Inger Støjberg', 'Liberal Alliance', 'Det Konservative Folkeparti']","['Æ', 'I', 'C']"
Hjørring,389201,2025-10-06 12:47:16,2025-10-06 12:47:16,"Ø, SF","['bc13b41a-b86d-4d0f-96e0-371a066bd385', 'f0d9f7e1-1260-428d-8353-478f417be1d7']","['SF - Socialistisk Folkeparti', 'Enhedslisten - De Rød-Grønne']","['F', 'Ø']"
Hjørring,389201,2025-10-06 12:47:16,2025-10-06 12:47:16,"B, V","['2ac5c893-50c0-4722-8e4c-e75d4f4d4eb8', '45fd6de7-22c3-486c-a369-0b3436852882']","['Venstre, Danmarks Liberale Parti', 'Radikale Venstre']","['V', 'B']"
Sønderborg,389167,2025-10-06 10:17:00,2025-10-06 10:17:00,Valgforbund 1,"['28e6642b-f3a8-43fa-8e4f-bd244183e834', '532e5dee-a9b6-41f8-853f-9dc37afc033d', 'c9c67ba8-59a0-4121-942b-7b197dd25487', 'e714744c-699a-4ddf-b44a-b28cd78b63a5']","['Danmarksdemokraterne - Inger Støjberg', 'Det Konservative Folkeparti', 'Liberal Alliance', 'Dansk Folkeparti']","['Æ', 'C', 'I', 'O']"
Sønderborg,389167,2025-10-06 10:17:00,2025-10-06 10:17:00,Valgforbund 3,"['7313c02f-4896-46e2-86b0-af2ca427140f', 'a869cdc4-b8eb-4f9b-8228-d5c6a8b98ade', 'ef86c2e9-cd46-4128-9bc6-7c03249055db']","['Kristendemokraterne', 'Slesvigsk Parti', 'Moderaterne']","['K', 'S', 'M']"
Sønderborg,389167,2025-10-06 10:17:00,2025-10-06 10:17:00,Valgforbund 2,"['57ee4847-8f49-4bd5-a340-041a5b8aa665', 'c2024ee5-f68f-4544-8b5b-ab96058977f4', 'ccbf1035-71cd-4405-aa12-878ec19532fe']","['Enhedslisten - De Rød-Grønne', 'Alternativet', 'SF - Socialistisk Folkeparti']","['Ø', 'Å', 'F']"
Solrød,389138,2025-10-06 13:07:47,2025-10-06 13:07:47,Valgforbund 1,"['8c868337-e49f-4680-a507-4abd1acafc0e', 'e79b7178-9abb-419f-9198-423dcdd17add', 'f74d1e6c-2ca0-458a-831a-a08877ca809b']","['SF - Socialistisk Folkeparti', 'Radikale Venstre', 'Enhedslisten - De Rød-Grønne']","['F', 'B', 'Ø']"
Solrød,389138,2025-10-06 13:07:47,2025-10-06 13:07:47,Valgforbund 3,"['602da47f-e43a-4ac4-9622-dcf7b34e0cd8', '6558e386-cb78-47dc-a893-4d0720d4ad1b', 'd5e7ca49-ca73-4757-ab66-28d7ff459169']","['Danmarksdemokraterne - Inger Støjberg', 'Dansk Folkeparti', 'Venstre, Danmarks Liberale Parti']","['Æ', 'O', 'V']"
Solrød,389138,2025-10-06 13:07:47,2025-10-06 13:07:47,Valgforbund 2,"['3f50d8ee-d33a-4f3b-80f2-d0d2a500b3f9', '8601320b-5524-4d60-81e4-ebe37484b021', 'f1017b16-3be1-4656-a6da-032b3d2e1342']","['Det Konservative Folkeparti', 'VoresSolrød', 'HavdrupListen']","['C', 'T', 'L']"
Vordingborg,389149,2025-10-06 11:45:37,2025-10-06 11:45:37,V2,"['0bb382ed-4f3b-43ea-9db5-7dc94f785ed3', '1d68ad06-7983-4951-8521-16c20b22f39d', '7e7f47e1-2658-4395-b405-fa97a1e5bd00', 'c5d81839-64f4-4e63-9008-a1146d16cb0c', 'cb279c0e-48a6-478f-87f7-a417d8f33851', 'cffafb5b-f590-43f3-84cb-9f63edf65954']","['Danmarksdemokraterne - Inger Støjberg', 'Liberal Alliance', 'Dansk Folkeparti', 'Moderaterne', 'Venstre, Danmarks Liberale Parti', 'Det Konservative Folkeparti']","['Æ', 'I', 'O', 'M', 'V', 'C']"
Vordingborg,389149,2025-10-06 11:45:37,2025-10-06 11:45:37,V1,"['1109afe7-0a3d-4caf-9ba7-15264f3ed2fb', '2180069f-488c-4867-a8c2-604a4e70cd31', '9919fea2-659b-4260-b89a-b64b9a4fec84', 'f6a8b3b8-3e24-4032-9cd3-eeef3f5f5a49']","['Enhedslisten - De Rød-Grønne', 'Radikale Venstre', 'Socialdemokratiet', 'SF - Socialistisk Folkeparti']","['Ø', 'B', 'A', 'F']"
Syddjurs,389186,2025-10-06 13:34:35,2025-10-06 13:34:35,VF,"['7966abc3-7a81-4945-8b20-99fcb4723e34', 'a3070c28-7493-4895-b526-0374b5f94ae7', 'eab309aa-2900-4b82-afae-ff044a48a375']","['Velfærdslisten Syddjurs', 'Dansk Folkeparti', 'Danmarksdemokraterne - Inger Støjberg']","['Z', 'O', 'Æ']"
Syddjurs,389186,2025-10-06 13:34:35,2025-10-06 13:34:35,VF,"['009a8a3d-eb07-4b2b-9009-a6cd5d4ac6bd', '21e1ec7e-8995-4ae5-ad4f-3355ad938643', '2df12acd-ec1e-4504-9534-b2f65f35319d', 'f9878b08-87f1-4280-bb23-91272901abe1']","['Socialdemokratiet', 'Enhedslisten - De Rød-Grønne', 'SF - Socialistisk Folkeparti', 'Alternativet']","['A', 'Ø', 'F', 'Å']"
Syddjurs,389186,2025-10-06 13:34:35,2025-10-06 13:34:35,VF,"['75a52286-c950-4932-8454-5f10feaa3932', 'eda4767a-947a-4a05-9fd4-28de4237e346']","['Det Konservative Folkeparti', 'Radikale Venstre']","['C', 'B']"
Syddjurs,389186,2025-10-06 13:34:35,2025-10-06 13:34:35,VF,"['20829304-73e1-4a9f-bbc7-37967a1cd688', '56a5e665-d801-4904-a522-973a98383743']","['Liberal Alliance', 'Venstre, Danmarks Liberale Parti']","['I', 'V']"
Ishøj,389118,2025-10-06 13:04:01,2025-10-06 13:04:01,CV,"['097d7502-51ad-4a23-b67d-cc9294f8a59b', 'a0005671-bd58-4b99-9014-d3d741b1d9f0']","['Det Konservative Folkeparti', 'Venstre, Danmarks Liberale Parti']","['C', 'V']"
Ishøj,389118,2025-10-06 13:04:01,2025-10-06 13:04:01,BDFLM,"['1ec469b7-a8be-41ed-910a-3634b77fa010', '29333a4e-98b8-4938-a36c-252e0e9a3d4b', '6afd8eff-c3d4-4a5f-af2e-43393d289969', '82fb9fa5-e05c-45b1-8f00-dd4ff60335d6', 'd35b578c-f3a6-43aa-91ce-e75a9a8bcbc6']","['Ishøjlisten', 'IshøjDemokraterne', 'Socialistisk Folkeparti', 'Moderaterne', 'Radikale Venstre']","['L', 'D', 'F', 'M', 'B']"
Ishøj,389118,2025-10-06 13:04:01,2025-10-06 13:04:01,IO,"['3ed628dc-a1d7-4037-b87e-e1a3f0298b63', 'ab82a10c-9016-456d-86fa-1f024f02fcc0']","['Liberal Alliance', 'Dansk Folkeparti']","['I', 'O']"
Ishøj,389118,2025-10-06 13:04:01,2025-10-06 13:04:01,AØ,"['28e27024-1b96-4004-b2b0-82305622b4b7', 'd67715b0-b5c5-4c54-be18-28b48245b8b6']","['Enhedslisten De Rød-Grønne', 'Socialdemokratiet']","['Ø', 'A']"
Hvidovre,389113,2025-10-06 10:21:15,2025-10-06 10:21:15,Valgforbund 2,"['0a7e8c76-342f-4199-a568-040f7837d4d6', '25a892b0-4e2b-4185-b19a-8c60200d0261', '350d1be5-b5c6-4e37-bda9-b4b2aa66f443', '664b80ab-f837-4815-9837-833f478b5b1b', 'f4db2c3e-f6bd-43b1-9455-914601c9e02f']","['Danmarksdemokraterne -  Inger Støjberg', 'Dansk Folkeparti', 'Det Konservative Folkeparti', 'Liberal Alliance', 'Venstre, Danmarks Liberale Parti']","['Æ', 'O', 'C', 'I', 'V']"
Hvidovre,389113,2025-10-06 10:21:15,2025-10-06 10:21:15,Valgforbund 3,"['28776d08-3766-483a-8773-8d0ebb18b3f3', 'b890d538-bbb1-463d-b123-5dab62ee2a6e', 'bafe8c56-db24-4e38-8523-3c8886b158ef']","['Hvidovrelisten', 'Radikale Venstre', 'Moderaterne']","['L', 'B', 'M']"
Hvidovre,389113,2025-10-06 10:21:15,2025-10-06 10:21:15,Valgforbund 1,"['0d404cd8-1499-4346-b3d0-859e28afb666', '21619f75-f6fc-442d-a2c2-23fdbc15a064']","['SF - Socialistisk Folkeparti', 'Enhedslisten - De Rød-Grønne']","['F', 'Ø']"
Ringkøbing-Skjern,389184,2025-10-06 10:20:45,2025-10-06 10:20:45,VS,"['b91816e8-a6d5-4c86-acb6-08db6ea8676b', 'dcb90829-1a8a-4a3c-aeae-1d1a0086526d']","['Venstre, Danmarks Liberale Parti', 'Socialdemokratiet']","['V', 'A']"
Ringkøbing-Skjern,389184,2025-10-06 10:20:45,2025-10-06 10:20:45,ØSF,"['0cb46238-378a-4303-a2e2-3b38e05b5191', '1229bc52-321d-42bd-9fa5-c789233258c2']","['SF - Socialistisk Folkeparti', 'Enhedslisten - De Rød-Grønne']","['F', 'Ø']"
Ringkøbing-Skjern,389184,2025-10-06 10:20:45,2025-10-06 10:20:45,DCIO,"['2a0618c0-e22a-45f5-99f0-979fcfc66d5a', '8181a0f0-5ee5-42c5-b9ae-073860914a98', 'aabe16e2-698a-44b0-a053-d87b4f274868', 'cc90e6b4-6d26-455a-992e-7d58af60b212']","['Det Konservative Folkeparti', 'Liberal Alliance', 'Dansk Folkeparti', 'Nye Borgerlige']","['C', 'I', 'O', 'D']"
Ringkøbing-Skjern,389184,2025-10-06 10:20:45,2025-10-06 10:20:45,ÆK,"['2580031d-8b1f-4e97-a5d8-47741f988d6b', 'c3e470bb-0502-456f-b2bd-40ca3897498c']","['Danmarksdemokraterne - Inger Støjberg', 'Kristendemokraterne']","['Æ', 'K']"
Frederiksberg,389104,2025-10-06 10:07:30,2025-10-06 10:07:30,Valgforbund ABFØÅ,"['0dd30a15-c710-4edd-9540-c3fe50bac30d', '1b3f83e4-af60-4cd1-b105-731467a933e2', '52d46e12-1521-4a1f-9e36-23efced8a333', '9061acac-2bb2-45c9-bfc0-796983065788', '909ab708-40ce-47b3-aa41-5671369e4bfe']","['Alternativet', 'Enhedslisten - De Rød-Grønne', 'SF- Socialistisk Folkeparti', 'Radikale Venstre', 'Socialdemokratiet']","['Å', 'Ø', 'F', 'B', 'A']"
Frederiksberg,389104,2025-10-06 10:07:30,2025-10-06 10:07:30,Valgforbund IMOV,"['0dd17507-79fd-4e37-a390-d8654c6e43e9', 'd6b43094-bdf6-4bef-9560-acced34b6f41', 'db357f70-c31f-44f8-a310-e30059f6b652', 'e2f07206-fba9-4d4b-809c-8009a1abe076']","['Dansk Folkeparti', 'Liberal Alliance', 'Moderaterne', 'Danmarks Liberale Parti - Venstre']","['O', 'I', 'M', 'V']"
Frederiksberg,389104,2025-10-06 10:07:30,2025-10-06 10:07:30,Valgforbund CEKTÆ,"['0d4acd6f-0fa8-4db4-8980-33afe7116fe8', 'bd067eec-7f8a-40f7-a412-20bc871b2762', 'de6fa025-a09b-4b09-8df6-38e61ab6c911', 'e71d1472-b26f-43c0-a278-d0a190333cf5', 'eee72bb5-b206-4e93-92d8-053d0e6a56df']","['Kristendemokraterne', 'Borgernes Frederiksberg', 'Hvid-sten Frederiksbergs uafhængige Borgerliste', 'Det Konservative Folkeparti', 'Danmarksdemokraterne - Inger Støjberg']","['K', 'T', 'E', 'C', 'Æ']"
Nyborg,389160,2025-10-06 11:18:33,2025-10-06 11:18:33,Valgforbund - BFNÅ,"['21cf7a33-3735-49e8-a766-7c44800d1269', '2ea58b07-169a-45a0-85f9-5786a363d5db', 'a0df8edc-ecdd-49bb-a9cd-bc9e3d7feaf7', 'a58c9570-7542-4675-a069-6089e361f6b8']","['Radikale Venstre', 'Bedre By Nyborg', 'SF - Socialistisk Folkeparti', 'Alternativet']","['B', 'N', 'F', 'Å']"
Nyborg,389160,2025-10-06 11:18:33,2025-10-06 11:18:33,Valgforbund - LVÆ,"['02ad7894-0e3c-4439-aa75-ca3fee68afe9', 'b25d9a1d-4a29-4e93-9956-b4b92bd33aeb', 'ec2c1d27-c119-4d42-ac2f-20a52e4dc4c2']","['Venstre, Danmarks Liberale Parti', 'Danmarksdemokraterne - Inger Støjberg', 'Vi Lokale Demokrater']","['V', 'Æ', 'L']"
Nyborg,389160,2025-10-06 11:18:33,2025-10-06 11:18:33,Valgforbund - CIO,"['410243f4-8014-4c3f-a184-a7ac4f5e9362', 'c7c6b9b6-b006-45c8-a1ee-55fff9b37a86', 'cbf134e7-0f06-44bc-8dd5-9df81807b76d']","['Det Konservative Folkeparti', 'Liberal Alliance', 'Dansk Folkeparti']","['C', 'I', 'O']"
Herlev,389111,2025-10-06 10:00:56,2025-10-06 10:00:56,BFØ,"['0b373676-282e-468a-a4e4-1567fe16c829', '9b651048-b49b-43d9-a03e-2076c9ae7358', 'b7a9f6c5-6604-467c-9aaa-ab38f80fc425']","['Radikale Venstre', 'Enhedslisten - De Rød-Grønne', 'SF - Socialistisk Folkeparti']","['B', 'Ø', 'F']"
Herlev,389111,2025-10-06 10:00:56,2025-10-06 10:00:56,IMOV,"['35df23d3-f8b1-4fc7-9bc2-d4f5d1c78c14', '9de46f32-98c9-41bc-9ae6-2932b84cc37e', 'bd1e806c-841a-4e58-992e-df3bdc8c08b3', 'c8a22539-fe8c-4336-afe6-f259f37eec65']","['Dansk Folkeparti', 'Moderaterne', 'Liberal Alliance', 'Venstre, Danmarks Liberale Parti']","['O', 'M', 'I', 'V']"
Fredensborg,389123,2025-10-06 10:23:02,2025-10-06 10:23:02,CEIKOV,"['1250db4b-87ca-4ed8-8fa2-067bf401b331', '3baac5ad-051d-465a-baa7-1d0229fbef18', '6a038eb3-c456-40ea-8da1-e6514122ca15', '8cfea6a6-8bfc-4012-ab68-8f00d1340e7f', '93c41829-a93a-4ce6-8411-197ddd0d7340', 'd3268240-43e3-44c6-bcdf-1e5cdf35a1ce']","['Liberal Alliance', 'Venstre, Danmarks Liberale Parti', 'Fredensborg SocialKonservative', 'KristenDemokraterne', 'Det Konservative Folkeparti', 'Dansk Folkeparti']","['I', 'V', 'E', 'K', 'C', 'O']"
Fredensborg,389123,2025-10-06 10:23:02,2025-10-06 10:23:02,FØÅ,"['2acd30cc-4f11-4b9f-a528-2c682dcbd2c8', '9680edec-bb95-4309-812f-1cebf777c4e1', 'b381419a-fde3-4a27-b995-a6f08e68c555']","['SF - Socialistisk Folkeparti', 'Alternativet', 'Enhedslisten - De Rød-Grønne']","['F', 'Å', 'Ø']"
Fredensborg,389123,2025-10-06 10:23:02,2025-10-06 10:23:02,ABM,"['5e169f41-52b4-4d8e-846e-5353326439bc', 'c11ccc78-d230-4eb4-b41b-d687c430664b', 'e413cdbd-00e6-4118-8458-69e440c1d889']","['Radikale Venstre', 'Moderaterne', 'Socialdemokratiet']","['B', 'M', 'A']"
Dragør,389107,2025-10-06 11:32:50,2025-10-06 11:32:50,AF,"['99162fd2-722b-493d-a2c5-bffe41d764af', 'd874b4cb-6250-460e-a527-680184202ace']","['SF - Socialistisk Folkeparti', 'Socialdemokratiet']","['F', 'A']"
Dragør,389107,2025-10-06 11:32:50,2025-10-06 11:32:50,BGIMV,"['36f0667f-0080-4479-8c8a-e8ddbbf96ef0', '44b8c038-80f7-469d-80ab-a455a82d4b4c', 'ad373b21-3329-4609-a325-5e146aa135a4', 'd87c1c07-d322-4eab-ad28-f0092e2755fb', 'f88dded8-f5f4-4d39-9701-018e45488f4c']","['Moderaterne', 'Radikale Venstre', 'Anne Grønlund', 'Liberal Alliance', 'Venstre - Danmarks Liberale Parti']","['M', 'B', 'G', 'I', 'V']"
Dragør,389107,2025-10-06 11:32:50,2025-10-06 11:32:50,COÆ,"['2f49edcd-3d61-434a-bb50-aa2b1038ea74', '5a74458c-960c-4ae3-bcb8-094b455dc4ba', '87147ccd-2823-4d8e-968a-dae5455bbd8f']","['Dansk Folkeparti', 'Det Konservative Folkeparti', 'Danmarksdemokraterne - Inger Støjberg']","['O', 'C', 'Æ']"
Middelfart,389156,2025-10-06 11:22:19,2025-10-06 11:22:19,Valgforbund 1,"['16788441-4230-4d85-ab18-b74dc9b37f10', '5126af01-28aa-4f1b-9e8f-670e729a0523', '67e79872-b1b7-453c-b169-db27297d60bf']","['Socialdemokratiet', 'SF - Socialistisk Folkeparti', 'Moderaterne']","['A', 'F', 'M']"
Middelfart,389156,2025-10-06 11:22:19,2025-10-06 11:22:19,Valgforbund 3,"['2f124e5e-ee15-407a-9f3b-894be85a89a4', '38c71b8f-6da4-40b8-9ca4-e8abb1e3a654']","['Det Konservative Folkeparti', 'Dansk Folkeparti']","['C', 'O']"
Middelfart,389156,2025-10-06 11:22:19,2025-10-06 11:22:19,Valgforbund 4,"['0773a23e-5b0b-44b6-8927-5e3f3a3db5f4', '742fbe4c-abbb-46ac-9637-2afe3f9c68b9', '7b5079c4-1d86-42ef-b3cb-1fe4d49bbb26', '894ff5bf-1d74-4b2a-ae57-a8e52c914af3', 'f451b25c-8269-4ebb-b618-f8051f5b42d6']","['Tværpolitisk Anstændighed', 'Omsorgsgruppen', 'Enhedslisten - De Rød/Grønne', 'Alternativet', 'Solidarisk ansvar']","['T', 'Q', 'Ø', 'Å', 'Y']"
Middelfart,389156,2025-10-06 11:22:19,2025-10-06 11:22:19,Valgforbund 2,"['c23a55c2-7b56-4f38-86e5-3fedb400d50a', 'e376367d-c1d7-42d4-b163-621885450241']","['Venstre, Danmarks Liberale Parti', 'Liberal Alliance']","['V', 'I']"
Thisted,389198,2025-10-06 10:11:13,2025-10-06 10:11:13,"Valgforbund C, I, V og Æ","['2382b54a-19dc-4a21-b004-d510ea42ac15', '99d70d00-742a-489e-87cb-a7095a46f255', 'c26f0096-8588-4201-adfa-889cf9885da1', 'c531ec13-13ad-4d57-ba62-21fc8de664b9']","['Venstre', 'Danmarksdemokraterne - Inger Støjberg', 'Det Konservative Folkeparti', 'Liberal Alliance']","['V', 'Æ', 'C', 'I']"
Thisted,389198,2025-10-06 10:11:13,2025-10-06 10:11:13,"Valgforbund B, F og Ø","['078f6417-1f00-4f31-b0bc-61752fe6a564', '9c7d84dc-5f38-49d1-885d-925eec28c239', 'f140ee99-67ac-438c-969e-b565307c5299']","['Enhedslisten - De Rød-Grønne', 'SF - Socialistisk Folkeparti', 'Radikale Venstre']","['Ø', 'F', 'B']"
Thisted,389198,2025-10-06 10:11:13,2025-10-06 10:11:13,Valgforbund O og T,"['23118d87-fc3f-4e0d-bdd3-1f74fe48ec4c', '76a8255e-2126-413b-8f25-0d95d30aa518']","['Dansk Folkeparti', 'Thy Borgerlige']","['O', 'T']"
Sorø,389145,2025-10-06 13:07:32,2025-10-06 13:07:32,"V - Venstre, D - Nye Borgerlige, I - Liberal Alliance, O - Dansk Folkeparti","['3a7ab8ce-a558-4552-aadf-6e9381957614', '6787a100-c524-4788-ac4c-bf1dd2adbf1c', '9bf3c812-8020-44cb-b21c-f9a62c1ad591', 'bcf5a882-fb2b-4ea9-aa0a-362cb4eb2e0a']","['Dansk Folkeparti', 'Nye Borgerlige', 'Liberal Alliance', 'Venstre']","['O', 'D', 'I', 'V']"
Sorø,389145,2025-10-06 13:07:32,2025-10-06 13:07:32,"C - Konservative, Æ - Danmarksdemokraterne","['30d2b324-195e-452e-ae53-9ef825d84575', 'd6bc7415-ea67-4a01-817b-c3090e3e8120']","['Danmarksdemokraterne - Inger Støjberg', 'Det Konservative Folkeparti']","['Æ', 'C']"
Sorø,389145,2025-10-06 13:07:32,2025-10-06 13:07:32,"A - Socialdemokratiet, F - Socialistisk Folkeparti, Ø - Enhedslisten","['1907465a-afb9-462d-bd13-b35a0189bd7b', '4ccc5ff2-f62c-40e2-8919-c99b5e7c992e', 'fa594d0f-7bca-4fa5-87e3-3813fe536c9d']","['Socialistisk Folkeparti', 'Enhedslisten', 'Socialdemokratiet']","['F', 'Ø', 'A']"
Sorø,389145,2025-10-06 13:07:32,2025-10-06 13:07:32,"B - Radikale Venstre, M - Moderaterne","['65352f81-4ae1-4d9b-b6d1-fa0cacd238f9', 'fe9f1030-33d4-4170-9035-0e39a3ae4420']","['Radikale Venstre', 'Moderaterne']","['B', 'M']"
Gentofte,389108,2025-10-06 15:16:30,2025-10-06 15:16:30,FØ,"['13d3279d-fd57-4145-987e-6a3299130754', 'fcd10df4-9aab-4dfd-84fc-bd51ff2a10cb']","['SF - Socialistisk Folkeparti', 'Enhedslisten - De Rød - Grønne']","['F', 'Ø']"
Gentofte,389108,2025-10-06 15:16:30,2025-10-06 15:16:30,ABM,"['74d6b412-0947-4019-bdbe-860033bc2012', '8a5879c0-da21-4f37-aad6-067225990554', 'eedaad66-e701-43f8-a2d5-c47ff2b37a0e']","['Moderaterne', 'Socialdemokratiet', 'Radikale Venstre']","['M', 'A', 'B']"
Gentofte,389108,2025-10-06 15:16:30,2025-10-06 15:16:30,CIOVÆ,"['02e5ffaf-f3ac-42fe-9545-c734a153a3bb', '1fc3c2c8-2777-4a5d-81c8-ddca82113617', '30c04336-ef8a-431f-b692-3737821cf2c7', '67589e40-5b4b-494b-b1e3-bfefc4137284', '8611e2c5-389d-4554-af08-e16e9079291d']","['Dansk Folkeparti', 'Danmarksdemokraterne - Inger Støjberg', 'Liberal Alliance', 'Venstre, Danmarks Liberale Parti', 'Det Konservative Folkeparti']","['O', 'Æ', 'I', 'V', 'C']"
Gribskov,389132,2025-10-06 10:01:57,2025-10-06 10:01:57,"Alliancen for Børnene, Ungdommen og Fremtiden","['55a0bd5e-1a6e-4cee-9cd3-5955a4bb761c', '60b92790-bc25-46a4-bcb8-fc227090743c', '8191b5eb-7501-4120-aa56-1e0882d3ad13']","['Alliancen for Børnene, Ungdommen og Fremtiden', 'Borgernes Gribskov', 'Folkestyret.dk']","['U', 'E', 'N']"
Gribskov,389132,2025-10-06 10:01:57,2025-10-06 10:01:57,Socialdemokratiet,"['3b0e102d-1bdb-44b8-b07f-8e0028d750c6', '3e3ab2aa-21ea-4eff-a0b3-db724d6b1be8', '95fb087f-7a03-44ce-ac67-f2917f0945b5']","['Enhedslisten - De Rød-Grønne', 'Socialdemokratiet', 'SF - Socialistisk Folkeparti']","['Ø', 'A', 'F']"
Gribskov,389132,2025-10-06 10:01:57,2025-10-06 10:01:57,Listen ByogLand,"['11b2ed50-4b50-44b1-8ec9-51d625b795c0', '17721e47-7bf8-497f-9cca-213e31c5234c', '2b921327-4ae2-4825-98d8-f9e0831fe777', 'c2ef8bfc-d1a5-4c58-9d49-9f012ff23353', 'e044f359-a121-4061-aa8d-fdcd898a51d7']","['Dansk Folkeparti', 'Det Konservative Folkeparti', 'Danmarksdemokraterne - Inger Støjberg', 'Liberal Alliance', 'Listen ByogLand']","['O', 'C', 'Æ', 'I', 'L']"
Gribskov,389132,2025-10-06 10:01:57,2025-10-06 10:01:57,Venstre,"['15d990cd-c95b-4894-8ee7-d0f4148344dd', '71c6f6cb-80ca-49f7-b62e-03fb4a81e3eb', 'fb9d45f0-2b48-4aa5-abbd-885508009d55']","['Moderaterne', 'Venstre, Danmarks Liberale Parti', 'Nytgribskov']","['M', 'V', 'G']"
Gribskov,389132,2025-10-06 10:01:57,2025-10-06 10:01:57,Alternativet,"['02202751-8f9f-46f6-8c14-65667d789972', 'bf6274ff-5035-49e4-bae4-d4ec91ebca0b', 'eebe9fc7-eccb-4c9b-b632-ac25c2a49fd1']","['Alternativet', 'Kristendemokraterne', 'Radikale Venstre']","['Å', 'K', 'B']"
Langeland,389164,2025-10-06 10:07:28,2025-10-06 10:07:28,ABV,"['2cffa510-6294-40b5-9218-c16d797c1110', 'b4c5bcd7-9412-42ce-9c09-7076d197e042', 'e9e66da4-3379-4314-8a7d-6657c191ef47']","['Socialdemokratiet', 'Radikale Venstre', 'Venstre, Danmarks Liberale Parti']","['A', 'B', 'V']"
Langeland,389164,2025-10-06 10:07:28,2025-10-06 10:07:28,FØ,"['770bfb29-96f4-4412-beae-06b5543567eb', '868e66a6-0c57-4981-a737-e2db5f4f5b98']","['Enhedslisten - De Rød-Grønne', 'SF - Socialistisk Folkeparti']","['Ø', 'F']"
Langeland,389164,2025-10-06 10:07:28,2025-10-06 10:07:28,CILMÆ,"['141d4434-58bc-4944-8af7-cfd5b90ffc54', 'a85c365e-e5de-4b7f-a532-a9526b8857b8', 'acf289d7-ab3b-4986-8182-aa421bced947', 'e9e36094-0b2d-48be-89f9-0bbf64c44dbb', 'ef27efcc-aab4-4c82-9981-7362d537eda0']","['Danmarksdemokraterne - Inger Støjberg', 'Liberal Alliance', 'Lokallisten Langeland', 'Moderaterne', 'Det Konservative Folkeparti']","['Æ', 'I', 'L', 'M', 'C']"
Haderslev,389166,2025-10-06 12:03:09,2025-10-06 12:03:09,VF3,"['007078c7-6369-4646-a0ad-2159c7954718', '4f006138-69a7-4eb6-8ebf-2d27d5db1eea', '53e4ac5b-1574-40cf-a984-bb474d50b605', '7573ac11-60b5-44e0-b12f-ec4eacec20a3', 'f25aa20e-26fd-45d0-9511-c33f13fef93d']","['Nye Borgerlige', 'Dansk Folkeparti', 'Danmarksdemokraterne - Inger Støjberg', 'Venstre - Danmarks Liberale Parti', 'Liberal Alliance']","['D', 'O', 'Æ', 'V', 'I']"
Haderslev,389166,2025-10-06 12:03:09,2025-10-06 12:03:09,VF1,"['91075beb-5b18-4836-b392-d283c68eac62', 'a68f197a-0780-4382-bc79-dcbf235e38e8']","['Socialdemokratiet', 'SF - Socialistisk Folkeparti']","['A', 'F']"
Haderslev,389166,2025-10-06 12:03:09,2025-10-06 12:03:09,VF4,"['4103fba7-5b01-4d5d-9d93-97d7eef3d7f2', 'a54c25d8-5acd-4c89-9467-5ccf27ba3b38']","['Alternativet', 'Enhedslisten - De Rød Grønne']","['Å', 'Ø']"
Haderslev,389166,2025-10-06 12:03:09,2025-10-06 12:03:09,VF2,"['1d992b8d-b5c8-40dd-9424-075677ba7b0a', '34dcd17b-c9b2-4fb7-aa4b-8b08dfca609d', '44bf96c2-2a50-4433-851e-72385a9c2b52', 'e80cb981-c16e-4c74-9689-6975279ecf1f']","['Slesvigsk Parti', 'Det Konservative Folkeparti', 'Kristendemokraterne', 'Radikale Venstre']","['S', 'C', 'K', 'B']"
Gladsaxe,389109,2025-10-06 11:41:21,2025-10-06 11:41:21,Valgforbund 3,"['10c04d72-4094-4c1d-95d5-4c1775d1f842', 'cd43d5d8-a89a-4b85-a60b-95309cc2292f', 'd5cb96e9-4cd4-477d-bc06-e5106f98ae2e']","['Radikale Venstre', 'Lokallisten Gladsaxe', 'Enhedslisten - De Rød-Grønne']","['B', 'L', 'Ø']"
Gladsaxe,389109,2025-10-06 11:41:21,2025-10-06 11:41:21,Valgforbund 4,"['69d2aa03-2080-4fd2-b4f1-9491d084d330', '938b2a27-1fcb-4f64-8511-7423ea322abe', 'e6f49c53-7042-4815-9181-0f6641c6a765']","['Liberal Alliance', 'Dansk Folkeparti', 'Danmarksdemokraterne - Inger Støjberg']","['I', 'O', 'Æ']"
Gladsaxe,389109,2025-10-06 11:41:21,2025-10-06 11:41:21,Valgforbund 2,"['43300250-7dd1-4508-b27a-dab9516a02df', '74c88703-c73e-4d72-8694-6463ff09be13']","['Det Konservative Folkeparti', 'Venstre - Danmarks Liberale Parti']","['C', 'V']"
Gladsaxe,389109,2025-10-06 11:41:21,2025-10-06 11:41:21,Valgforbund 1,"['189f06ac-e231-4cb1-bb35-49ba3e7599f6', '433a0be4-d533-47b1-99e7-88abd13dd504', '6482ce1a-1415-4efa-8941-7e06ef3ec0c1']","['SF - Socialistisk Folkeparti', 'Socialdemokratiet', 'Moderaterne']","['F', 'A', 'M']"
Albertslund,389112,2025-10-06 14:53:46,2025-10-06 14:53:46,BFØLT,"['34d46f44-a555-4617-8dcb-70d16fb2a2b2', '9b7f21de-9bd5-4ecb-b0be-6c1d372efc6c', 'ac355e9e-5285-4c48-b131-0abe912f4398', 'd068e5a6-ce50-4d69-90a4-e5b2e2724e9b', 'f62733c4-0b81-4493-af41-a5510901edb4']","['Albertslund-Listen', 'SF - Socialistisk Folkeparti', 'Radikale Venstre', 'Enhedslisten - De Rød-Grønne', 'Grøn Velfærd']","['L', 'F', 'B', 'Ø', 'T']"
Albertslund,389112,2025-10-06 14:53:46,2025-10-06 14:53:46,CIOV,"['154f1bf9-a665-4957-8759-e3e0d7119e87', '1c8a5224-4907-4947-acf6-1a2a0360f0f6', 'c727ce21-91e1-41f5-b0df-d54ecece739c', 'f5f09890-a20b-4d23-94c0-de17c9bbf9a4']","['Liberal Alliance', 'Det Konservative Folkeparti', 'Dansk Folkeparti', 'Venstre, Danmarks Liberale Parti']","['I', 'C', 'O', 'V']"
Bornholm,389133,2025-10-06 10:09:43,2025-10-06 10:09:43,Valgforbund B-F,"['322227e2-5117-4323-a124-206837272f0e', '9c005fdf-19ef-4c06-89f5-75957bb038d9']","['SF - Socialistisk Folkeparti', 'Radikale Venstre']","['F', 'B']"
Bornholm,389133,2025-10-06 10:09:43,2025-10-06 10:09:43,Valgforbund I-K,"['877dee98-2028-480f-83b4-a50dc512e448', '95b5d2d0-8307-4d48-a09f-431f0a7455ec']","['Kristendemokraterne', 'Liberal Alliance']","['K', 'I']"
Bornholm,389133,2025-10-06 10:09:43,2025-10-06 10:09:43,Valgforbund Q-Ø,"['3653c57b-b8a8-4a19-b105-76ee7249b777', '4134b923-97c8-4d6a-9796-34f643643b7b']","['Enhedslisten - De Rød-Grønne', 'Frie Grønne']","['Ø', 'Q']"
Bornholm,389133,2025-10-06 10:09:43,2025-10-06 10:09:43,Valgforbund C-O-V-Æ,"['375c265d-8a03-4456-bb35-00b8f79cbcea', '69b1181d-bfce-4c48-84f8-0887afcef888', 'adfcdfd3-1d41-4bc1-bf50-023af743c2b0', 'f88941d3-efb4-48bd-9f5e-b5d38672295e']","['Det Konservative Folkeparti', 'Danmarksdemokraterne - Inger Støjberg', 'Venstre, Danmarks Liberale Parti', 'Dansk Folkeparti']","['C', 'Æ', 'V', 'O']"
Tønder,389168,2025-10-06 10:07:29,2025-10-06 10:07:29,F-Å,"['b6bab73b-2fd7-4459-9248-a77b6b9174a0', 'c27b596c-a295-4a23-aa0e-038cdb79bfdc']","['Alternativet', 'SF - Socialistisk Folkeparti']","['Å', 'F']"
Tønder,389168,2025-10-06 10:07:29,2025-10-06 10:07:29,C-I-O-Y,"['50cc59dd-d387-4352-b41d-90d515408927', 'ac7d6f3b-5f10-44cf-a6be-12a52b5e4e93', 'c1363435-f5d7-4049-89b9-27683adc1055', 'cc64e476-0c6d-4c5f-ad4a-2a58138e8d29']","['Velfærdsdemokraterne', 'Det Konservative Folkeparti', 'Liberal Alliance', 'Dansk Folkeparti']","['Y', 'C', 'I', 'O']"
Tønder,389168,2025-10-06 10:07:29,2025-10-06 10:07:29,V-Æ,"['1ed1c17d-ed6f-4512-ac08-499ddc55e17b', 'e33a54c0-0e04-43aa-86a1-be9140a1d357']","['Venstre, Danmarks Liberale Parti', 'Danmarksdemokraterne - Inger Støjberg']","['V', 'Æ']"
Frederikshavn,389200,2025-10-06 10:27:45,2025-10-06 10:27:45,Valgforbund 1,"['0a919749-e4d7-42dc-ba84-4591370005de', '69de0114-7400-48dc-ab5b-bfb09e599586']","['Enhedslisten - De Rød-Grønne', 'SF - Socialistisk Folkeparti']","['Ø', 'F']"
Frederikshavn,389200,2025-10-06 10:27:45,2025-10-06 10:27:45,Valgforbund 2,"['7ecc9488-c44b-4e2b-85a1-9ec8da55e40b', '9ee7d8b9-ea9b-45e8-80b0-2d57ff99b9a2']","['Danmarksdemokraterne - Inger Støjberg', 'Venstre, Danmarks Liberale Parti']","['Æ', 'V']"
Frederikshavn,389200,2025-10-06 10:27:45,2025-10-06 10:27:45,Valgforbund 3,"['4067977a-d2ee-479f-af57-d4458b0690a1', '7c562ec0-5361-4800-8515-53fb58b1fa85', 'a2fda784-eaac-4ba1-aa9e-91dc8459c3e6']","['Dansk Folkeparti', 'Liberal Alliance', 'Det Konservative Folkeparti']","['O', 'I', 'C']"
Holbæk,389140,2025-10-06 13:59:09,2025-10-06 13:59:09,CIOÆ,"['05154d85-2a05-4675-bba4-6e112d21b4b0', '7315fe97-0676-482a-ae50-f3c643832e9a', '8b95a960-12d6-4d92-929c-1c8aec1b015e', 'e4e70095-afa9-4e88-851f-c76f25191904']","['Det Konservative Folkeparti', 'Danmarksdemokraterne - Inger Støjberg', 'Dansk Folkeparti', 'Liberal Alliance']","['C', 'Æ', 'O', 'I']"
Holbæk,389140,2025-10-06 13:59:09,2025-10-06 13:59:09,MV,"['0884cef8-87bd-4169-8356-031b43f98a66', 'fda76a93-759f-4d93-83cd-e5ad8a622c53']","['Venstre, Danmarks Liberale Parti', 'Moderaterne']","['V', 'M']"
Holbæk,389140,2025-10-06 13:59:09,2025-10-06 13:59:09,FØÅ,"['2b3862e2-e545-43a7-afb7-8e9673db944c', '4527ee73-10eb-43b4-9e9c-12a45842c5d4', 'ef9ffa52-77a9-4795-9461-56050acfac5e']","['Alternativet', 'SF - Socialistisk Folkeparti', 'Enhedslisten - De Rød-Grønne']","['Å', 'F', 'Ø']"
Holbæk,389140,2025-10-06 13:59:09,2025-10-06 13:59:09,ABN,"['95910603-9ab7-4d38-9e3b-62e86eec3be7', 'da892d68-4790-4666-b909-65dc80112004', 'fb955f02-6a99-4b9e-bf54-f5a9380e41f3']","['Socialdemokratiet', 'Radikale Venstre', 'Ny Holbæk']","['A', 'B', 'N']"
Odsherred,389139,2025-10-06 13:47:22,2025-10-06 13:47:22,Valgforbund 5,"['1e32e86a-31b4-46d5-99f8-1fd1d58076b5', 'ce27e9e0-1612-4140-b743-b6c8baaf6797']","['Nyt Odsherred', 'Venstre, Danmarks Liberale Parti']","['N', 'V']"
Odsherred,389139,2025-10-06 13:47:22,2025-10-06 13:47:22,Valgforbund 4,"['5c7c0a6f-c4ce-4756-bc73-f950bfe16fa1', 'fe1b96a4-9d73-4b25-b39e-0ae5ccb131e8']","['Danmarksdemokraterne - Inger Støjberg', 'Lokalt Fokus']","['Æ', 'L']"
Odsherred,389139,2025-10-06 13:47:22,2025-10-06 13:47:22,Valgforbund 3,"['7c4baafc-cc67-4862-a928-34a15cc2ad96', 'b09abad8-1d1a-4d06-b11b-c3426a7b4a46', 'd34df07b-120b-4a4f-b537-e8b9106e8135']","['SF - Socialistisk Folkeparti', 'Alternativet', 'Enhedslisten - De Rød-Grønne']","['F', 'Å', 'Ø']"
Odsherred,389139,2025-10-06 13:47:22,2025-10-06 13:47:22,Valgforbund 1,"['48004320-a7d3-4244-978b-e0d96fe82dd6', '915ff178-1036-49ef-bec2-d873ee01c05c']","['Moderaterne', 'Radikale Venstre']","['M', 'B']"
Odsherred,389139,2025-10-06 13:47:22,2025-10-06 13:47:22,Valgforbund 2,"['2b145fce-234e-4ce9-aca5-f6fd0962fb87', '3c88c85b-3c73-45f4-81fa-137aa9b694ce', '7cd647e0-11e4-4153-b410-b42b599b65e7']","['Dansk Folkeparti', 'Det Konservative Folkeparti', 'Liberal Alliance']","['O', 'C', 'I']"
Ikast-Brande,389180,2025-10-06 10:09:13,2025-10-06 10:09:13,F og L,"['38fc1762-2636-4539-982b-f76a1bf18c37', '418f34a5-dafa-4596-9adb-e26a0ead72cf']","['SF - Socialistisk Folkeparti', 'Fælleslisten']","['F', 'L']"
Ikast-Brande,389180,2025-10-06 10:09:13,2025-10-06 10:09:13,"C, I, O og Æ","['2488c488-517c-49e7-8c9c-1afc6887bb58', '623c2df1-b1ec-40cc-b5b0-e5357130cd48', '8cda2c94-c33f-4546-90c8-af06ed49e5f4', 'a8665dee-d287-4513-a716-bf4d7ddc39bc']","['Det Konservative Folkeparti', 'Danmarksdemokraterne - Inger Støjberg', 'Liberal Alliance', 'Dansk Folkeparti']","['C', 'Æ', 'I', 'O']"
Guldborgsund,389151,2025-10-06 13:40:51,2025-10-06 13:40:51,Valgforbund 1,"['127c2d4f-63de-4315-95c8-2784f0cc7f4d', '346c34e9-95fc-4e1e-8554-ecc26371235d', 'ff5631ce-2bf9-48b5-930d-f147f8969c0d']","['Socialdemokratiet', 'SF - Socialistisk Folkeparti', 'Enhedslisten - De Rød-Grønne']","['A', 'F', 'Ø']"
Guldborgsund,389151,2025-10-06 13:40:51,2025-10-06 13:40:51,Valgforbund 3,"['054f574e-d78d-4ebd-aceb-6720ed30bcab', '175f9545-66c9-431d-a51f-f00559fead49', 'f60c9586-053f-4ba6-a320-6bb799da906d']","['Moderaterne', 'Radikale Venstre', 'Guldborgsundlisten']","['M', 'B', 'L']"
Guldborgsund,389151,2025-10-06 13:40:51,2025-10-06 13:40:51,Valgforbund 4,"['1537e6bb-6ab9-4074-958c-07b6e352faee', '15404f71-4e05-444e-a4e6-84b36fc517af']","['Dansk Folkeparti', 'Sydhavslisten']","['O', 'T']"
Guldborgsund,389151,2025-10-06 13:40:51,2025-10-06 13:40:51,Valgforbund 2,"['64ce45fa-5bc6-49cc-89c9-5a113380201d', '677ec3c1-a035-4651-a439-1805e01b73d2', 'bf8755df-594b-4752-aaf1-2314453eb909', 'e2bd9ffa-52d7-4028-9d00-d41b271a309f']","['Venstre, Danmarks Liberale Parti', 'Danmarksdemokraterne - Inger Støjberg', 'Liberal Alliance', 'Det Konservative Folkeparti']","['V', 'Æ', 'I', 'C']"
Ærø,389165,2025-10-06 11:00:46,2025-10-06 11:00:46,"B, C","['af88a00d-efc6-4fd6-9e8d-112da2ed51fe', 'd246a848-d1cc-4893-8b3b-af1fa2164618']","['Radikale Venstre', 'Det Konservative Folkeparti']","['B', 'C']"
Ærø,389165,2025-10-06 11:00:46,2025-10-06 11:00:46,"I, O","['6d96071c-d0a0-439f-b9d4-c8ead30763b7', '9b953a50-8638-43a8-9c37-a6772b1b92f0']","['Liberal Alliance', 'Dansk Folkeparti']","['I', 'O']"
Ærø,389165,2025-10-06 11:00:46,2025-10-06 11:00:46,"A, E, F","['5c64853f-2310-4af8-89e1-c4ce4ec4f97b', '66ca46fb-c102-4f10-bf0e-9b186b680e7d', 'c6169a32-76eb-4c23-a76b-f133e5abe9e5']","['Ærø i Centrum', 'SF - Socialistisk Folkeparti', 'Socialdemokratiet']","['E', 'F', 'A']"
Ærø,389165,2025-10-06 11:00:46,2025-10-06 11:00:46,"V, Æ","['5bc0201a-b42e-483f-9c0a-3438a9d0b149', 'eadd9be1-7c59-46d2-aadb-6c228bb6bc78']","['Danmarksdemokraterne - Inger Støjberg', 'Venstre, Danmarks Liberale Parti']","['Æ', 'V']"
Odense,389161,2025-10-06 13:08:17,2025-10-06 13:08:17,Valgforbund 4,"['3f8cde29-c62c-40a7-8c87-d6633393d6ff', '59c5edd4-6f17-444e-b955-0da2da1b76a5', '82d42a0e-18a4-46db-b2b7-60825b2f0a51']","['Liberal Alliance', 'Det starter i Odense', 'Dansk Folkeparti']","['I', 'U', 'O']"
Odense,389161,2025-10-06 13:08:17,2025-10-06 13:08:17,Valgforbund 2,"['4f0d00a5-882d-4f65-9253-1e17eb22361b', '7ca971c0-aede-4c13-b2e2-6910abc9e0bc', 'a225b634-b820-435f-9314-8a5277a9c240', 'a64fa150-cefe-4e8f-91a9-deb596d16f52', 'abb73d4a-8d9e-40c3-8bf0-169e5c38b4d0']","['Venstre, Danmarks Liberale Parti', 'Det Konservative Folkeparti', 'KristenDemokraterne', 'Danmarksdemokraterne - Inger Støjberg', 'Et Bedre Odense']","['V', 'C', 'K', 'Æ', 'L']"
Odense,389161,2025-10-06 13:08:17,2025-10-06 13:08:17,Valgforbund 5,"['1a3b2958-9fb7-4ef8-87ac-9f968d5cfd81', '4ef37ed7-6141-49cb-b66a-6a31dbe2f3a6']","['Stabilt Demokrati', 'Lokallisten Nyt Odense']","['G', 'E']"
Odense,389161,2025-10-06 13:08:17,2025-10-06 13:08:17,Valgforbund 1,"['7d6f3869-a640-4d87-8e38-bc36449e9aeb', '81a390b1-e6d2-409f-a535-f6a46f509d82', '8c254a09-d070-479d-81cb-2ce70476e38d']","['Alternativet', 'Frie Grønne - Danmarks nye venstrefløjsparti', 'Enhedslisten - De Rød-Grønne']","['Å', 'Q', 'Ø']"
Odense,389161,2025-10-06 13:08:17,2025-10-06 13:08:17,Valgforbund 3,"['019cab74-5620-4bcc-97d9-a03e6c6018a8', '7d20e3cc-4892-405f-9a65-c07a69d261a3', '7fc14b48-47fe-42aa-845d-fe22cc899537', 'bf78b72a-2427-4f6f-bec9-7b38839019b0']","['SF - Socialistisk Folkeparti', 'Radikale Venstre', 'Socialdemokratiet', 'Moderaterne']","['F', 'B', 'A', 'M']"
Fredericia,389175,2025-10-06 10:12:45,2025-10-06 10:12:45,2,"['02a1f6cc-671b-4af6-b9dc-01221a14d5af', '06d75da9-9d95-46b9-9afc-e77000a28c49', '61d07b59-8fb4-4103-8246-82ab3590bab0', 'ba9550e5-2b4a-4c21-b293-848d17846257']","['Grøn Kultur', 'SF - Socialistisk Folkeparti', 'Enhedslisten - De Rød-Grønne', 'Radikale Venstre']","['G', 'F', 'Ø', 'B']"
Fredericia,389175,2025-10-06 10:12:45,2025-10-06 10:12:45,1,"['287ca588-646e-44cb-b63a-4e7fa1c1a11e', '6fa4c676-c96d-492a-aeea-3d20261bb624', '9c13a1e7-8dc0-41c7-81a9-bc1a89d62ee2', 'cae8fa5b-f6ce-41a6-9e56-bdbb881a45b5', 'f20ca624-b5c6-4a1c-ac98-dac5bcbf9840']","['Danmarksdemokraterne - Inger Støjberg', 'Borgernes Liste 7000', 'Liberal Alliance', 'Dansk Folkeparti', 'Venstre, Danmarks Liberale Parti']","['Æ', 'J', 'I', 'O', 'V']"
Fredericia,389175,2025-10-06 10:12:45,2025-10-06 10:12:45,3,"['2386b39d-ab32-428b-83bd-02859be6e8e3', '30c713f8-2c5e-466c-963c-c0acbe45c0c2', 'f50a8e89-ce67-4f6d-9ca4-c91f5792aaa9']","['Det Konservative Folkeparti', 'Moderaterne', 'Alternativet']","['C', 'M', 'Å']"
Roskilde,389137,2025-10-06 13:31:50,2025-10-06 13:31:50,CIVÆ,"['14ea5eba-9b15-4783-8251-20e4d617d0f2', '602812c3-2fc1-46af-be31-8ced84254ad4', '6cc5e222-e0b1-4f35-b27a-d0687b248d74', 'fed77bb6-3503-4da1-a902-49844c916bab']","['Danmarksdemokraterne - Inger Støjberg', 'Det Konservative Folkeparti', 'Liberal Alliance', 'Venstre - Danmarks Liberale Parti']","['Æ', 'C', 'I', 'V']"
Roskilde,389137,2025-10-06 13:31:50,2025-10-06 13:31:50,LO,"['995abc98-f926-47b1-a082-b636890d27ea', 'd0a0aa3e-eea8-44e1-b673-077b8c927b73']","['Dansk Folkeparti', 'Lokallisten Roskilde']","['O', 'L']"
Roskilde,389137,2025-10-06 13:31:50,2025-10-06 13:31:50,BFØÅ,"['0da1cf3a-e943-4d83-9a0b-3a5d547c63f3', '3f4b3ada-6604-4bee-bc09-1a26b34707ce', '9ca5454a-42ac-4aa0-8ce6-3fb387896649', 'f9f85d1e-ea54-4c52-a4e0-ff9f69bb2243']","['Alternativet', 'Radikale Venstre', 'SF - Socialistisk Folkeparti', 'Enhedslisten - De Rød-Grønne']","['Å', 'B', 'F', 'Ø']"
Assens,389157,2025-10-06 10:03:26,2025-10-06 10:03:26,VF2 C-I-O-Æ,"['01ce3756-4179-4491-a669-37957192a067', 'b9166339-9089-44e8-a04a-778cd8c19ab8', 'eaa66ebd-6b4a-41aa-b597-82255fe80b24', 'ece3f275-03ee-4fff-9e10-afcf6a548d79']","['Liberal Alliance', 'Det Konservative Folkeparti', 'Dansk Folkeparti', 'Danmarksdemokraterne - Inger Støjberg']","['I', 'C', 'O', 'Æ']"
Assens,389157,2025-10-06 10:03:26,2025-10-06 10:03:26,VF3 L-V,"['922cfbe6-4d57-4534-b570-1c3030918f5b', 'b65e9a45-7e0a-4a8b-b6a3-2df3ceb5233d']","['Venstre, Danmarks Liberale Parti', 'Vi Lokale Demokrater']","['V', 'L']"
Assens,389157,2025-10-06 10:03:26,2025-10-06 10:03:26,VF1 B-F-Ø-Å,"['1139b68d-b3a1-4221-85ed-df6a72a2ece8', '20298354-38c7-4d02-aa80-34c99083ee27', '46181833-767a-4739-93c5-87a4428355ae', 'c41ec281-b186-4015-9e79-677595463e5c']","['Radikale Venstre', 'Alternativet', 'Enhedslisten - De Rød-Grønne', 'SF - Socialistisk Folkeparti']","['B', 'Å', 'Ø', 'F']"
Aabenraa,389169,2025-10-06 11:10:02,2025-10-06 11:10:02,"II. Radikale Venstre, KD - Kristendemokraterne, Moderaterne og Slesvigsk Parti","['25bbd545-7413-47ba-89ce-48fb1b1e1718', '309d5713-f91f-4d97-b44b-38ea826f2faa', '53da03e1-a48b-42dd-847e-5acac3c6df51', 'b4750d6b-59b2-4b8b-af51-c1bad4530290']","['Slesvigsk Parti', 'Moderaterne', 'Radikale Venstre', 'KD - Kristendemokraterne']","['S', 'M', 'B', 'K']"
Aabenraa,389169,2025-10-06 11:10:02,2025-10-06 11:10:02,III. Smilla og Borgernes Liste og borgernes lokalliste,"['31eef529-1426-4ab3-ad01-545b6ab63277', 'e9a612b0-20cb-4803-a080-f2904b86b341']","['borgernes lokalliste', 'Smilla og Borgernes Liste']","['J', 'E']"
Aabenraa,389169,2025-10-06 11:10:02,2025-10-06 11:10:02,"IV. Liberal Alliance, Dansk Folkeparti og Danmarksdemokraterne - Inger Støjberg","['29137a56-7732-4284-8000-9f3dd44aa86c', 'ebe905f7-2879-4aa5-9298-f2c7aedf226a', 'f8025928-a11a-48c9-9f14-67ef6f9d9b71']","['Danmarksdemokraterne - Inger Støjberg', 'Dansk Folkeparti', 'Liberal Alliance']","['Æ', 'O', 'I']"
Aabenraa,389169,2025-10-06 11:10:02,2025-10-06 11:10:02,I. Socialdemokratiet og SF - Socialistisk Folkeparti,"['5d12ab4f-523a-4f85-a084-704bae14a30c', 'ee272554-3a5b-4a90-ab6a-a7596bddec1b']","['Socialdemokratiet', 'SF - Socialistisk Folkeparti']","['A', 'F']"
København,389103,2025-10-06 13:00:15,2025-10-06 13:00:15,E+J+P+Q+R+T+Z,"['02a17588-210b-4bfe-8ddd-299da6ba736f', '0e179f22-f9e1-49c3-8a97-cddd7e39e7a6', '79e715d8-1c6c-435b-9ed2-2e131a2fe990', '7e50efb9-e289-4598-b2e0-589f1ec48e4e', 'a3f58c0c-fb58-4c61-8e10-9f904d1fca63', 'a4742941-674c-493a-bdee-12c2cab3f6bb', 'c7f50984-a61f-44e2-b1e9-9170836fda82']","['Kommunistisk Parti', 'Skamløse Demokrater', 'Solidarisk Integritet', 'DKP - Kommunisterne', 'Frie Grønne', 'KaosTV', 'Hampepartiet']","['R', 'T', 'Z', 'P', 'Q', 'E', 'J']"
København,389103,2025-10-06 13:00:15,2025-10-06 13:00:15,C+D+I+K+O+V+Æ,"['4f2abc98-7260-4211-8adb-5c5d6c25fba4', '6764864d-54d6-46d6-a14c-2b22a6229849', '77413aca-9906-46b1-bf61-1ba6cd64cfca', 'ae2470f5-75a2-4c55-b65f-4e192933581b', 'bdea8084-b2e4-4852-a4e0-446ecaa813b1', 'd8ff0b3b-fea9-468c-a35e-c0240ea9cad9', 'da9ed6d1-3922-447a-926b-43da71c8c22a']","['Danmarksdemokraterne - Inger Støjberg', 'Dansk Folkeparti', 'Venstre, Danmarks Liberale Parti', 'Nye Borgerlige', 'Kristendemokraterne', 'Liberal Alliance', 'Det Konservative Folkeparti']","['Æ', 'O', 'V', 'D', 'K', 'I', 'C']"
København,389103,2025-10-06 13:00:15,2025-10-06 13:00:15,F+N+Ø+Å,"['05e6bddc-5bed-4540-b843-de07b8e611ae', '5867cb91-b9e8-4180-b7b3-430dac26117d', '6b64a9fe-6f10-496c-9445-dfd7cfeec1cc', '6f95e4ce-666c-4033-8ade-799490f1712d']","['SF - Socialistisk Folkeparti', 'Enhedslisten - De Rød-Grønne', 'Alternativet', 'Demokraterne - hele Danmark skal leve']","['F', 'Ø', 'Å', 'N']"
København,389103,2025-10-06 13:00:15,2025-10-06 13:00:15,A+B+M,"['51def75b-6163-40cb-95cc-acbcf164745b', '5b876f44-0e22-431b-8f97-9e42d8197131', '7508ffff-c683-401f-811d-3465b9749c43']","['Moderaterne', 'Socialdemokratiet', 'Radikale Venstre']","['M', 'A', 'B']"
Esbjerg,389170,2025-10-06 10:57:30,2025-10-06 10:57:30,B - C - I - V - Æ,"['2c432d30-4f15-4853-b9cf-b200a54193c8', '34a1044c-ef84-4611-9395-54f4ec252b0d', '79fd913d-5b59-4f6f-854f-f7fb987b4692', '8541561c-cfbc-4a2b-9a17-734a6ec5b58b', 'ba73c9f2-c5f2-4697-a3f4-f399c343dba9']","['Danmarksdemokraterne - Inger Støjberg', 'Liberal Alliance', 'Radikale Venstre', 'Det Konservative Folkeparti', 'Venstre, Danmarks Liberale Parti']","['Æ', 'I', 'B', 'C', 'V']"
Esbjerg,389170,2025-10-06 10:57:30,2025-10-06 10:57:30,F - Ø - Å,"['873fefcc-2dcd-4d5e-b1e4-15a039d75117', 'a640e3a6-92f3-45a1-863c-72e5f2230040', 'bcaaf9d9-08f8-4eef-8a64-0f0e191f66c0']","['SF - Socialistisk Folkeparti', 'Enhedslisten, De Rød-Grønne', 'Alternativet']","['F', 'Ø', 'Å']"
Esbjerg,389170,2025-10-06 10:57:30,2025-10-06 10:57:30,M - O,"['25f14a28-25df-43fc-ad30-739beda0ce2f', 'bff6fd90-0be7-4db5-acfc-574232f2ec8c']","['Moderaterne', 'Dansk Folkeparti']","['M', 'O']"
Esbjerg,389170,2025-10-06 10:57:30,2025-10-06 10:57:30,E - J,"['ed98d7ab-fdad-411c-a68a-8a22d7c52919', 'f533aa7d-482e-45f9-87f3-1ed7da2ef357']","['Esbjerg 2.0', 'Borgerlig Fornuft']","['J', 'E']"
Greve,389135,2025-10-06 11:34:05,2025-10-06 11:34:05,Det Konservative Folkeparti,"['7a85e52e-7fc8-4d10-93b3-be987ed3c27a', '9304bc72-dc37-40b9-882f-06fdc335a89c', 'b0c92dde-59d1-4491-8d49-02dba1bbad77']","['Jesper Løvenbalk Fisker', 'Det Konservative Folkeparti', 'Danmarksdemokraterne - Inger Støjberg']","['U', 'C', 'Æ']"
Greve,389135,2025-10-06 11:34:05,2025-10-06 11:34:05,Enhedslisten - De Rød-Grønne,"['1329883d-04a9-47a4-a9f7-ac10ebe85afe', '1c6fe948-7cac-413e-827f-714053a566da', '57334bf0-939b-40d8-826d-f2c9ebe688f6', '9e5bdc44-e21b-4faf-9134-fc0316c4d2a6', 'c7bb8f90-b7a4-4ef3-ab1e-fb07fd926ba3']","['Radikale Venstre', 'Lokallisten Mennesker Først', 'Socialdemokratiet', 'Socialistisk Folkeparti', 'Enhedslisten - De Rød-Grønne']","['B', 'E', 'A', 'F', 'Ø']"
Greve,389135,2025-10-06 11:34:05,2025-10-06 11:34:05,"Venstre, Danmarks Liberale Parti","['9a34ee05-2801-4b5b-9b27-9ffe42997008', '9ecc737d-b19f-490a-ad3a-ce20fb94ec36', 'c619396c-39f0-407c-ac57-e22ff72b2ce6', 'cfc2e97a-e713-4e1b-ad5b-f8035d497683']","['Vores Lokalliste', 'Kristendemokraterne', 'Moderaterne', 'Venstre, Danmarks Liberale Parti']","['L', 'K', 'M', 'V']"
Greve,389135,2025-10-06 11:34:05,2025-10-06 11:34:05,Dansk Folkeparti,"['25a4a12b-bc00-4152-9d93-ce8afcf57da1', '34dafbd3-520d-4ea1-bbf0-64b9a5c4a674']","['Dansk Folkeparti', 'Liberal Alliance']","['O', 'I']"
Helsingør,389124,2025-10-06 11:40:21,2025-10-06 11:40:21,Valgforbund 1,"['629b079e-f8d5-4928-a76a-bab8e88693f6', '73c5dcac-9da6-4560-8d09-0751975799bf', '90a98560-d171-4b81-abb1-a0e60213b493']","['Socialdemokratiet', 'Enhedslisten - De Rød-Grønne', 'SF - Socialistisk Folkeparti']","['A', 'Ø', 'F']"
Helsingør,389124,2025-10-06 11:40:21,2025-10-06 11:40:21,Valgforbund 4,"['a9ef2875-2fac-432b-9d0b-ed6df0fe8698', 'f4795029-378a-4251-8a20-72f3ef756d09']","['Borgerforslag', 'Stefan Warburg']","['E', 'Y']"
Helsingør,389124,2025-10-06 11:40:21,2025-10-06 11:40:21,Valgforbund 2,"['04308bee-b042-4cad-9c4b-44b49b599f32', '765f33a9-dc26-4d9b-a21b-7f86bfea2d37', 'a3120cfa-1a87-4c42-9a55-1702f216eb58', 'a48fec00-94ee-4096-87a4-6b6e00368932', 'b1fb4ef9-75c2-4d0b-9ebe-a573c159cdb5']","['Dansk Folkeparti', 'Liberal Alliance', 'Danmarksdemokraterne - Inger Støjberg', 'Venstre, Danmarks Liberale Parti', 'Det Konservative Folkeparti']","['O', 'I', 'Æ', 'V', 'C']"
Helsingør,389124,2025-10-06 11:40:21,2025-10-06 11:40:21,Valgforbund 3,"['119b2ac5-014c-4506-b02f-5a2dfabbe681', '9a5641bc-6731-4a59-b803-0389246bbd7a', 'd29155c5-5403-4940-a333-96f6818728f0', 'dd925ed3-56e5-4e7d-85fe-db5994ad0165']","['Kristendemokraterne', 'Alternativet', 'Moderaterne', 'Radikale Venstre']","['K', 'Å', 'M', 'B']"
Rødovre,389116,2025-10-06 13:57:53,2025-10-06 13:57:53,F+Ø,"['4e346d01-548d-443d-8d67-b6ff3a9f4341', 'ec8e80aa-cf8d-41ae-96d5-8cc73d356bd6']","['SF - Socialistisk Folkeparti', 'Enhedslisten - De Rød-Grønne']","['F', 'Ø']"
Rødovre,389116,2025-10-06 13:57:53,2025-10-06 13:57:53,I+O+Æ,"['0c1ef4d7-eb3a-48c9-98a7-c3abc8b185c5', 'a57395a6-d29a-4603-932d-a13f35f683ca', 'e076e4cd-9785-49b6-a992-daea226280ed']","['Dansk Folkeparti', 'Liberal Alliance', 'Danmarksdemokraterne - Inger Støjberg']","['O', 'I', 'Æ']"
Rødovre,389116,2025-10-06 13:57:53,2025-10-06 13:57:53,B+M,"['118e8ef7-90e4-41a3-b2d7-a94f78bdacdd', 'ab94e10e-17af-4877-a333-778fad03cea9']","['Moderaterne', 'Radikale Venstre']","['M', 'B']"
Rødovre,389116,2025-10-06 13:57:53,2025-10-06 13:57:53,C+K+V,"['01d55e6f-3d58-4a4a-b9c9-84c8a7832d68', '1b4f9fa5-418b-4577-9b4b-a97650d4ec10', 'bf205af8-b882-45a4-9763-b0b5ad3eff94']","['Det Konservative Folkeparti', 'Kristendemokraterne', 'Venstre, Danmarks Liberale Parti']","['C', 'K', 'V']"
Vejle,389177,2025-10-06 10:03:56,2025-10-06 10:03:56,3,"['1033ff69-cbbc-4e78-a348-3a3446689ee6', 'a61fe264-ddca-449e-a182-efcb4fd630ab', 'c6d0806c-c539-4b29-abf5-c3c469c60ef1', 'e68a793b-6f71-4a0a-90c5-fb3cf9032f7a']","['Liberal Alliance', 'Kristendemokraterne', 'Moderaterne', 'Det Konservative Folkeparti']","['I', 'K', 'M', 'C']"
Vejle,389177,2025-10-06 10:03:56,2025-10-06 10:03:56,1,"['08070939-5c7f-4f73-b300-49b5715623cb', '6791e764-03bb-4402-bffb-e4550b9a1875', '8bd0e21b-e596-483f-abc5-ab72e7e6f99b']","['Socialdemokratiet', 'Radikale Venstre', 'Alternativet']","['A', 'B', 'Å']"
Vejle,389177,2025-10-06 10:03:56,2025-10-06 10:03:56,4,"['265fc27c-ef1a-43a7-aaed-e498e23b2ba5', 'eaacd4ba-58cf-4b14-b8f6-5b2473c82ba0', 'fbd02688-efb0-4d01-b50c-f05e81db52fc']","['Dansk Folkeparti', 'Venstre, Danmarks Liberale Parti', 'Danmarksdemokraterne - Inger Støjberg']","['O', 'V', 'Æ']"
Vejle,389177,2025-10-06 10:03:56,2025-10-06 10:03:56,2,"['18e546db-1d52-403a-a083-423cc726b338', 'aeb4c977-0936-4e10-84c2-8752517f042f', 'e48516f9-d16e-4798-a7f5-0c4570a9f363']","['SF - Socialistisk Folkeparti', 'Enhedslisten - De Rød-Grønne', 'Kommunistisk Parti']","['F', 'Ø', 'R']"
Mariagerfjord,389202,2025-10-06 10:10:58,2025-10-06 10:10:58,"Valgforbund - A, F, Å","['65e2879d-6cd9-43a7-af8a-7578a75b3ca9', '8469bd63-7023-4abb-9ba4-ee490b9863ba', 'cf5fc68d-d612-497b-a8e3-8e00c5d7eda1']","['Alternativet', 'SF - Socialistisk Folkeparti', 'Socialdemokratiet']","['Å', 'F', 'A']"
Mariagerfjord,389202,2025-10-06 10:10:58,2025-10-06 10:10:58,"Valgforbund - C, I, K, O, V, Æ","['247a7dbe-cb28-470a-96e1-4055693a8caa', '29dbccb2-5474-47cf-bd58-c22a4fc3d934', '6952f78e-9212-4189-aef1-633ae00df550', '915ebfb4-aff1-43a7-9db8-aa238fd0fe22', 'd9003947-f4bd-4e1c-8df6-e135024ee141', 'debdea80-7f92-4b26-a393-ab0923089aa4']","['Danmarksdemokraterne - Inger Støjberg', 'Liberal Alliance', 'Dansk Folkeparti', 'Det Konservative Folkeparti', 'Venstre, Danmarks Liberale Parti', 'KD - Kristendemokraterne']","['Æ', 'I', 'O', 'C', 'V', 'K']"
Rudersdal,389127,2025-10-06 11:04:31,2025-10-06 11:04:31,V4,"['157ef614-e49d-4099-9594-08c8e9610dea', '6e7b759b-8ab0-4877-98c3-8d6ae51e08b0']","['Enhedslisten - De Rød-Grønne', 'Alternativet']","['Ø', 'Å']"
Rudersdal,389127,2025-10-06 11:04:31,2025-10-06 11:04:31,V2,"['5deb70fc-e7c8-4487-a36f-751db93c4a1a', 'a2365794-6469-4d5c-8ca0-f61bd1aed675']","['Liberal Alliance', 'Dansk Folkeparti']","['I', 'O']"
Rudersdal,389127,2025-10-06 11:04:31,2025-10-06 11:04:31,V1,"['723432e1-d52a-4061-b4d0-9c1e7c70034a', 'c1fb94e9-0786-444d-af30-7d30a9156ae5', 'fbb24a6e-2a9d-4c81-9ad0-5dab9b22115b']","['Radikale Venstre', 'SF - Socialistisk Folkeparti', 'Lokallisten']","['B', 'F', 'L']"
Rudersdal,389127,2025-10-06 11:04:31,2025-10-06 11:04:31,V3,"['2d40a359-902a-4589-97d5-cfc83fd09042', 'fe108212-a4aa-4b5b-a398-b44c83340c6c']","['Moderaterne', 'Det Konservative Folkeparti']","['M', 'C']"
Frederikssund,389130,2025-10-06 12:02:09,2025-10-06 12:02:09,"Valgforbund: Danmarksdemokraterne - Inger Støjberg, Dansk Folkeparti, Det Konservative Folkeparti, Liberal Alliance og Venstre - Danmarks Liberale Parti","['446ecbd0-5259-4451-b8ad-356aeb38900c', '4834e6ad-9c91-4182-8c37-3f08ebf8c342', '58f7b6f0-f031-45a2-84f6-7ac34bc7199f', 'cae3d6c8-1f50-4549-9a04-7bbe45ff58f2', 'efba674f-0599-4521-bb4e-363072f66063']","['Det Konservative Folkeparti', 'Danmarksdemokraterne - Inger Støjberg', 'Liberal Alliance', 'Venstre, Danmarks Liberale Parti', 'Dansk Folkeparti']","['C', 'Æ', 'I', 'V', 'O']"
Frederikssund,389130,2025-10-06 12:02:09,2025-10-06 12:02:09,Valgforbund: Moderaterne og Radikale Venstre,"['1e70cde5-3e1c-413a-9d23-4321c95924bd', '59e1e754-2384-4e5a-997e-8b94a992246a']","['Moderaterne', 'Radikale Venstre']","['M', 'B']"
Frederikssund,389130,2025-10-06 12:02:09,2025-10-06 12:02:09,"Valgforbund: Alternativet, Enhedslisten - De Rød-Grønne, SF - Socialistisk Folkeparti og Socialdemokratiet","['50bbc6ff-a1ca-40e4-aa23-b136f0ef7074', '597ea140-7e4e-43ac-963c-03a5e4e364ca', 'be51c4bd-f875-4dfc-9ade-9ad1a902f992', 'c84c0771-cfba-4394-bfe7-cd9be1c3e189']","['Enhedslisten - De Rød-Grønne', 'Socialdemokratiet', 'Alternativet', 'SF - Socialistisk Folkeparti']","['Ø', 'A', 'Å', 'F']"
Horsens,389179,2025-10-06 10:14:44,2025-10-06 10:14:44,"M, V, Æ","['0751e31b-e0c0-449e-9207-cb4f23ce86f5', 'c5c40587-6a02-405b-9d4e-cc5d9dcd24d4', 'e5b22f90-f26e-4e45-947b-8ee0c8cb6ea9']","['Venstre, Danmarks Liberale Parti', 'Danmarksdemokraterne - Inger Støjberg', 'Moderaterne']","['V', 'Æ', 'M']"
Horsens,389179,2025-10-06 10:14:44,2025-10-06 10:14:44,"A, B, F, Ø","['4f17b030-31a9-4cc3-abb5-48d161bfffe2', '80c73e0b-b16a-41d0-a1ec-0fd220dfc929', 'de9f713a-7910-4793-bb5c-a0d80c1ce515', 'e467f862-14c8-4c3b-babf-92bfffe35ac5']","['SF - Socialistisk Folkeparti', 'Enhedslisten - De Rød-Grønne', 'Det Radikale Venstre', 'Socialdemokratiet']","['F', 'Ø', 'B', 'A']"
Horsens,389179,2025-10-06 10:14:44,2025-10-06 10:14:44,"C, D, I","['520e35e4-5d41-4350-901e-5bd6f23b0bba', 'b2532b74-35c3-4773-ad8e-a605b61cf034', 'f5647fb6-12c1-491f-9009-842145a03b09']","['Nye Borgerlige', 'Liberal Alliance', 'Det Konservative Folkeparti']","['D', 'I', 'C']"
Lyngby-Taarbæk,389115,2025-10-06 11:58:53,2025-10-06 11:58:53,VF3,"['04c17120-9454-422f-abbd-5d1bb8700ff6', '289c9109-78e8-406d-bc76-03e648542399', '31ad5903-76cc-4e57-b96a-774e4bc0b25c', 'd7eff29a-ece9-4c5a-8963-025f9013f5c6']","['Radikale Venstre', 'Enhedslisten - De Rød-Grønne', 'SF - Socialistisk Folkeparti', 'Socialdemokratiet']","['B', 'Ø', 'F', 'A']"
Lyngby-Taarbæk,389115,2025-10-06 11:58:53,2025-10-06 11:58:53,VF2,"['4bc59464-026f-4486-8c44-c3db292a7f9d', '5f037ce7-bc3e-4322-bca6-2f1865a238fb', 'a1c8a7af-0c3d-4500-bceb-5b2e94e986f7', 'abf9be10-4946-469b-b5b2-efd7a68e866b']","['Liberal Alliance', 'Dansk Folkeparti', 'Moderaterne', 'Venstre, Danmarks Liberale Parti']","['I', 'O', 'M', 'V']"
Lyngby-Taarbæk,389115,2025-10-06 11:58:53,2025-10-06 11:58:53,VF1,"['3d9bf156-27a2-4f17-bd32-1c300dbae2c1', '3ec9637d-4a81-43e7-9104-620fb39d1689']","['Det Konservative Folkeparti', 'Alternativet']","['C', 'Å']"
Kalundborg,389141,2025-10-06 10:51:02,2025-10-06 10:51:02,C og O og Æ,"['0ae8e34e-cac2-4c43-bb5f-71e390842208', '74646011-4bae-4fa1-8c44-c8dd0f7a8a37', 'fcd59953-cb8b-402c-9696-6582ba13eaba']","['Danmarksdemokraterne - Inger Støjberg', 'Det Konservative Folkeparti', 'Dansk Folkeparti']","['Æ', 'C', 'O']"
Kalundborg,389141,2025-10-06 10:51:02,2025-10-06 10:51:02,M og V,"['92e4b990-861e-4352-89ad-9c5eb2d37d59', 'f3809c41-d480-435c-a601-4ab99b92d747']","['Venstre, Danmarks Liberale Parti', 'Moderaterne']","['V', 'M']"
Kalundborg,389141,2025-10-06 10:51:02,2025-10-06 10:51:02,B og L,"['76ba2366-5ab7-4978-8406-ea54f54d1b34', '7fa789a8-8bd4-4016-adcd-75fb059b5103']","['Radikale Venstre', 'Kalundborg Listen']","['B', 'L']"
Kalundborg,389141,2025-10-06 10:51:02,2025-10-06 10:51:02,A og F og Ø,"['29c8bd44-4a7b-4bb6-aa9a-5c9a7efc57ed', '2c32caf1-2931-4a98-a483-362a570956a1', '42fea147-4e53-4260-a79b-f733ca5b425e']","['Enhedslisten - De Rød-Grønne', 'Socialdemokratiet', 'Socialistisk Folkeparti']","['Ø', 'A', 'F']"
Kalundborg,389141,2025-10-06 10:51:02,2025-10-06 10:51:02,E og I og N,"['7c0ad65c-9cb7-4276-ac34-668b54937ff8', '93f62836-30ed-4e80-949c-6212e44544da', 'd34f78e5-acf7-4674-b14e-1219d8adc387']","['Frit Borgerligt Fællesskab', 'Nyt Kalundborg', 'Liberal Alliance']","['E', 'N', 'I']"
Furesø,389122,2025-10-06 10:15:29,2025-10-06 10:15:29,VFB3 - CLV,"['2aa53d7e-1793-49e4-b964-e42e29db18af', '54f358b0-e287-4ff8-a95a-1b3792dd3ec5', 'ddc30216-7e49-4a5f-8c02-2457794db3a7']","['Venstre Danmarks Liberale Parti', 'Lokallisten Bedre Borgerinddragelse', 'Det Konservative Folkeparti']","['V', 'L', 'C']"
Furesø,389122,2025-10-06 10:15:29,2025-10-06 10:15:29,VFB1 - BØÅ,"['20ab5df6-d62b-43d1-9e1d-2031d2943519', '4a2a632b-562a-46cb-b435-379d6efa1a93', 'c4e04f8d-ae87-4813-b3ab-b09b6f265856']","['Alternativet', 'Radikale Venstre', 'Enhedslisten - De Rød-Grønne']","['Å', 'B', 'Ø']"
Furesø,389122,2025-10-06 10:15:29,2025-10-06 10:15:29,VFB2 - AF,"['2bd9a5ce-0da6-4f48-b8ca-7e06318fcceb', 'a8e7c79c-7311-42c7-b5d9-770d3e477a49']","['Socialistisk Folkeparti', 'Socialdemokratiet']","['F', 'A']"
Furesø,389122,2025-10-06 10:15:29,2025-10-06 10:15:29,VFB4 - EIMO,"['57716a97-2b6d-4efe-a811-21942549f157', '99f1136f-d2af-4c44-8eca-d6d38e6e1e2f', 'a78ad38a-55bb-4099-84c5-cbdbe3195c9b', 'ec292b10-230c-43a1-969f-f56aa7c143ae']","['Liberal Alliance', 'Dansk Folkeparti', 'Furesørødderne', 'Moderaterne']","['I', 'O', 'E', 'M']"
Svendborg,389162,2025-10-06 10:16:45,2025-10-06 10:16:45,IVÆ,"['01f3431e-b69a-41fa-a25a-80644995c8d8', '068b188a-3c3d-479d-8e72-1ae45168f34e', 'f0a7412b-0cb2-48aa-b818-7efe9c55ec1d']","['Liberal Alliance', 'Danmarksdemokraterne - Inger Støjberg', 'Venstre, Danmarks Liberale Parti']","['I', 'Æ', 'V']"
Svendborg,389162,2025-10-06 10:16:45,2025-10-06 10:16:45,CDO,"['21e169d0-7a0b-4394-b505-d62f88354852', '2a4913f6-4fc5-4b3e-a75f-f7ad87295b07', 'f5705ebf-158a-4e3f-adde-967482cf36db']","['Dansk Folkeparti', 'Nye Borgerlige', 'Det Konservative Folkeparti']","['O', 'D', 'C']"
Svendborg,389162,2025-10-06 10:16:45,2025-10-06 10:16:45,BFØÅ,"['07e6ea84-4d80-4cbb-988f-f20a6d1c342c', '3a685555-cd2d-4976-a5fd-215076933551', 'a5a60a09-6b89-433e-a8d0-70f2eb0e47dc', 'cdf02f95-2274-48c1-b6cc-38007abb62e7']","['Enhedslisten - De Rød-Grønne', 'Alternativet', 'SF - Socialistisk Folkeparti', 'Radikale Venstre']","['Ø', 'Å', 'F', 'B']"
Billund,389172,2025-10-06 11:02:01,2025-10-06 11:02:01,MV,"['2ee00e8b-b4d8-4cfc-9916-4a0095e5b295', '787a2a05-5d28-40bc-bc66-5ca7b3c86436']","['Moderaterne', 'Venstre, Danmarks Liberale Parti']","['M', 'V']"
Billund,389172,2025-10-06 11:02:01,2025-10-06 11:02:01,COÆ,"['197ee9fb-2978-4577-b8a2-15db6e59a285', '2da11105-6315-44f5-933f-3beb5abdfe55', 'ef356269-e61b-446b-893e-e5acff1782e7']","['Det Konservative Folkeparti', 'Danmarksdemokraterne - Inger Støjberg', 'Dansk Folkeparti']","['C', 'Æ', 'O']"
Ringsted,389142,2025-10-06 10:19:00,2025-10-06 10:19:00,VF1,"['3dacbfaf-4374-49f8-a676-4f722d06b8b3', '6065c366-323a-43df-a8c2-3730484e625f', '69954e4d-d18e-44d7-a0d8-ee02c2dfd1b5', '9fdeaf53-81a0-4082-9e60-2ca9cc90dd0e', 'b02e5988-9ede-44eb-9e67-8b62fda78ce4', 'fa2409b1-9b95-45de-a9e3-ff5b5bb602f9', 'ff11303f-ddd6-4e98-a7ed-c60153906efa']","['Nye Borgerlige', 'KristenDemokraterne', 'Liberal Alliance', 'Det Konservative Folkeparti', 'Landsbylisten', 'Danmarksdemokraterne - Inger Støjberg', 'Dansk Folkeparti']","['D', 'K', 'I', 'C', 'L', 'Æ', 'O']"
Ringsted,389142,2025-10-06 10:19:00,2025-10-06 10:19:00,VF2,"['1df86c11-b770-44c2-b438-c8583f0de577', '3f8069d1-6394-40ec-ab38-15ac65356c49', '7e320a26-80f7-4739-9db8-b18f768e0de0', '9e282524-fc48-4468-b4f6-57da62463729']","['Radikale Venstre', 'Socialdemokratiet', 'SF - Socialistisk Folkeparti', 'Enhedslisten']","['B', 'A', 'F', 'Ø']"
Ringsted,389142,2025-10-06 10:19:00,2025-10-06 10:19:00,VF3,"['0c93fd84-8064-4418-8679-e7e4709d9301', '378e40d1-9d93-4564-8c39-17e7b71a6aa6']","['Det Nære Parti', 'Venstre, Danmarks Liberale Parti']","['N', 'V']"
Brønderslev,389199,2025-10-06 10:29:45,2025-10-06 10:29:45,FØ,"['4a41096d-d159-4b56-bff7-a0264c6097f4', '8908a153-6466-43d4-a7ec-5e3181f87dbf']","['Enhedslisten - de Rød-Grønne', 'SF - Socialistisk Folkeparti']","['Ø', 'F']"
Brønderslev,389199,2025-10-06 10:29:45,2025-10-06 10:29:45,DOVÆ,"['1f6e9a40-6602-4566-967f-8a429b8fa6bc', '6a954050-d4f1-41df-868a-873abf019335', 'ad7ce086-1f12-4d36-beb5-77ef2d528550', 'af3b9855-e2b3-4388-85f8-1b934df7eee2']","['Dansk Folkeparti', 'Nye Borgerlige', 'Venstre, Danmarks liberale Parti', 'Danmarksdemokraterne - Inger Støjberg']","['O', 'D', 'V', 'Æ']"
Brønderslev,389199,2025-10-06 10:29:45,2025-10-06 10:29:45,BCJM,"['2cbadde7-31ef-4a35-844a-e0bb33eafd9e', '52bc144e-741e-42cf-b1ac-33451bce86e4', '9ad9798a-8303-468b-99fb-630b62b4e74c', 'aa298b93-997e-44c6-ab29-347dd306bc52']","['Radikale Venstre', 'Det Konservative Folkeparti', 'Borgerlisten', 'Moderaterne']","['B', 'C', 'J', 'M']"
Hedensted,389178,2025-10-06 10:31:46,2025-10-06 10:31:46,G - I - K,"['33278100-dde8-4698-9b63-4bfcc3bb74ba', 'b1a54d27-ffc1-4072-a5f7-6d10049ffa20', 'c31ccb86-38b7-4a46-ad39-dd4e3ddec99f']","['Kristendemokraterne', 'Liberal Alliance', 'Seniorlisten Hedensted Kommune']","['K', 'I', 'G']"
Hedensted,389178,2025-10-06 10:31:46,2025-10-06 10:31:46,J - M - V,"['604c15ee-f1b5-48d4-93c9-a77042aba7ae', 'a9960dd8-721e-46f8-8492-402ca208742d', 'c3773e3d-dd49-459a-9b36-cde9c7cbf8fa']","['Moderaterne', 'SocialKonservative', 'Venstre, Danmarks Liberale Parti']","['M', 'J', 'V']"
Hedensted,389178,2025-10-06 10:31:46,2025-10-06 10:31:46,F - Ø - Å,"['174e60fd-ae8e-47d2-9e54-2d78b5f6d8d2', 'bcb5803d-4c7a-4d2a-b6fb-c99f6f61b81d', 'e8e16c66-342c-4698-ba29-5678e9e8246c']","['Socialistisk Folkeparti', 'Alternativet', 'Enhedslisten - De Rød-Grønne']","['F', 'Å', 'Ø']"
Hedensted,389178,2025-10-06 10:31:46,2025-10-06 10:31:46,C - O - Æ,"['7095824a-ed6e-40c5-a744-383fa2ef1a5d', '74e64b3f-a23a-4e8f-ba01-15d7b7ce1a9f', 'c56f6d55-99fa-4db4-977c-60f541923da1']","['Det Konservative Folkeparti', 'Dansk Folkeparti', 'Danmarksdemokraterne - Inger Støjberg']","['C', 'O', 'Æ']"
Skanderborg,389193,2025-10-06 10:01:55,2025-10-06 10:01:55,"A, B, F, M, Ø, Å","['19e1a513-e02d-49ac-8e51-3bad3cf0db46', '571f8a10-db53-460d-9f08-c03eef72b7b3', '67d646c0-7dfb-40a7-ae5e-be72dd6d86e3', '7bb48fa7-7326-494b-889e-8eef7dd2d985', 'ac9c1d58-9598-4fb2-b44b-66ce155efabe', 'b88e21e3-bbb0-4103-ad69-478649628717']","['SF – Socialistisk Folkeparti', 'Moderaterne', 'Enhedslisten – De Rød-Grønne', 'Radikale Venstre', 'Socialdemokratiet', 'Alternativet']","['F', 'M', 'Ø', 'B', 'A', 'Å']"
Skanderborg,389193,2025-10-06 10:01:55,2025-10-06 10:01:55,"C, I, O, V, Æ","['298f10b7-dc55-4b65-a004-23046463adb5', '74920035-4525-4d0f-a6d1-e8278b47913f', '79fd692d-b7d5-49f6-b11d-1d2c373a41c3', '9e8c20bc-491a-4e69-a454-349b0f703eb3', 'c0c9ead4-c75e-4cd5-b657-9201314cadad']","['Liberal Alliance', 'Dansk Folkeparti', 'Danmarksdemokraterne - Inger Støjberg', 'Det Konservative Folkeparti', 'Venstre, Danmarks Liberale Parti']","['I', 'O', 'Æ', 'C', 'V']"
Høje-Taastrup,389114,2025-10-06 11:42:21,2025-10-06 11:42:21,"Liberal Alliance, Moderaterne, Venstre, Danmarks Liberale Parti","['55a9ad22-6b0c-4718-9625-e89ad5777e80', '95d5fd4c-31eb-4fe2-8499-30875505b85c', 'a8fa991f-51be-4009-bb88-b01dca0767d0']","['Moderaterne', 'Liberal Alliance', 'Venstre, Danmarks Liberale Parti']","['M', 'I', 'V']"
Høje-Taastrup,389114,2025-10-06 11:42:21,2025-10-06 11:42:21,"Socialdemokratiet, Socialistisk Folkeparti - SF, Frie, Radikale Venstre Grønne, Enhedslisten - De Rød-Grønne","['16745cef-afe2-4b2c-b2bb-5ad4122acae2', '72ca2149-e180-4b06-a058-b871d25bda74', 'ab601463-46c7-449a-adc4-12026df6706d', 'd9dab0c0-46d4-4e62-8da3-3018ae7cb8e6', 'df7f6282-e879-4d52-99bf-88f0514f1110']","['Socialdemokratiet', 'Socialistisk Folkeparti – SF', 'Enhedslisten - De Rød-Grønne', 'Radikale Venstre', 'Frie Grønne']","['A', 'F', 'Ø', 'B', 'Q']"
Høje-Taastrup,389114,2025-10-06 11:42:21,2025-10-06 11:42:21,"Det Konservative Folkeparti, Dansk Folkeparti","['0f8b4d04-81ed-4a54-aa0d-1dcfac731442', '88ec2c49-5b74-4c69-a7f8-cb01c6a732ea']","['Det Konservative Folkeparti', 'Dansk Folkeparti']","['C', 'O']"
Halsnæs,389131,2025-10-06 10:17:15,2025-10-06 10:17:15,"Socialdemokratiet, Socialistisk Folkeparti og Enhedslisten - De Rød-Grønne","['43d7cdfe-f122-47a5-a103-4db33ba81c4d', '43f06366-2e22-4a34-89d9-b5bce15f0f28', 'bd9f6ebc-565b-40d6-b8fd-1a09c6866aea']","['Enhedslisten - De Rød-Grønne', 'Socialdemokratiet', 'Socialistisk Folkeparti']","['Ø', 'A', 'F']"
Halsnæs,389131,2025-10-06 10:17:15,2025-10-06 10:17:15,Moderaterne og Venstre - Danmarks Liberale Parti,"['0897ad7a-c817-4e6f-8b82-283b47ee5f04', '36c9b850-7467-4f9f-90e3-ecfd39417d3d']","['Venstre - Danmarks Liberale Parti', 'Moderaterne']","['V', 'M']"
Halsnæs,389131,2025-10-06 10:17:15,2025-10-06 10:17:15,"Det Konservative Folkeparti, Liberal Alliance, Dansk Folkeparti og Danmarksdemokraterne - Inger Støjberg","['1e7388bd-7474-4cb0-bc50-1806d340030b', '82bca239-916e-4cc2-af7c-6f5769c29934', '99ffaecb-0421-4355-9c27-8dd80a40cd0f', 'ada36c28-efa2-4fe6-8833-4d48d775faf4']","['Danmarksdemokraterne - Inger Støjberg', 'Det Konservative Folkeparti', 'Liberal Alliance', 'Dansk Folkeparti']","['Æ', 'C', 'I', 'O']"
Halsnæs,389131,2025-10-06 10:17:15,2025-10-06 10:17:15,Radikale Venstre og Alternativet,"['82a574fd-94c7-4ea1-aa7a-35d80e4868e0', '8ef9f90e-e48a-4afd-8fd3-25003291bd6b']","['Radikale Venstre', 'Alternativet']","['B', 'Å']"
Glostrup,389110,2025-10-06 11:25:49,2025-10-06 11:25:49,"Valgforbund: I, O, V","['29db81e1-0aeb-4c95-9a09-ba1acf77f1ce', 'af915377-4e8b-432e-a60e-ed94ce48ad5a', 'c1cb2f4c-0728-4f8e-92f5-0ca62d9b8a24']","['Venstre - Danmarks Liberale Parti', 'Dansk Folkeparti i Glostrup', 'Liberal Alliance']","['V', 'O', 'I']"
Glostrup,389110,2025-10-06 11:25:49,2025-10-06 11:25:49,"Valgforbund: B, F, Ø, Å","['1a86d500-3981-4ea0-9be3-06a056aa95ab', '2f57f3a2-cdda-450c-8bc9-7b51a541e3bc', 'ad76ca5c-016d-4c71-9522-cae5ff3d45fb', 'f4fa5cf9-750b-413d-a056-8017246e5354']","['SF - Socialistisk Folkeparti', 'Alternativet', 'Radikale Venstre', 'Enhedslisten - De Rød-Grønne']","['F', 'Å', 'B', 'Ø']"
Glostrup,389110,2025-10-06 11:25:49,2025-10-06 11:25:49,"Valgforbund: U, Æ","['9ca822c8-18b2-4fd9-acfc-7f56c831eef7', 'af95af6d-ea76-4f93-9de3-b419ebc4e581']","['Danmarksdemokraterne - Inger Støjberg', 'Bylisten']","['Æ', 'U']"
Glostrup,389110,2025-10-06 11:25:49,2025-10-06 11:25:49,"Valgforbund: A, M","['91447bb4-f309-4ade-942b-ba86875d52f0', 'bbf08fdb-cbfb-44ee-b311-226d91c01e73']","['Socialdemokratiet', 'Moderaterne']","['A', 'M']"
Glostrup,389110,2025-10-06 11:25:49,2025-10-06 11:25:49,"Valgforbund: C, D","['4cab312c-d68c-4a47-8940-84c84c6b80ac', 'd7b1371a-9d27-4d4a-b259-42609245502e']","['Nye Borgerlige', 'Det Konservative Folkeparti']","['D', 'C']"
Aalborg,389206,2025-10-06 13:23:49,2025-10-06 13:23:49,BFØÅ,"['872e6002-f7f5-4591-b49f-1c641c465b5e', '97701cef-7cac-421b-99b6-aa3b6ee7cdf9', 'bf3ba328-7e2c-42cf-beb3-d1055ddb686a', 'df80902a-dbd8-49eb-9a0e-e3b4e73c980b']","['SF - Socialistisk Folkeparti', 'Radikale Venstre', 'Enhedslisten - De Rød-Grønne', 'Alternativet']","['F', 'B', 'Ø', 'Å']"
Aalborg,389206,2025-10-06 13:23:49,2025-10-06 13:23:49,AM,"['9b0256f6-e280-4e79-8d70-1537d459c442', 'b3b4d33b-17aa-4b87-aad9-5b7e8fb7f5a8']","['Moderaterne', 'Socialdemokratiet']","['M', 'A']"
Aalborg,389206,2025-10-06 13:23:49,2025-10-06 13:23:49,CIKOVÆ,"['9f996cf1-dd2e-4c6a-93fd-10f28c5e1241', 'a1f01be5-d52d-4009-9f59-eb91a4742908', 'ae179066-c652-4e61-8a96-5d14ae9661a8', 'b957ed96-f6d2-4bfb-bb03-b4ed2d1d4d8f', 'd71f684a-7cc8-40a7-bf83-96af8fcc43e3', 'ee522a92-2ff7-4c20-8f70-35c405f7227a']","['Liberal Alliance', 'Kristendemokraterne', 'Dansk Folkeparti', 'Venstre, Danmarks Liberale Parti', 'Danmarksdemokraterne - Inger Støjberg', 'Det Konservative Folkeparti']","['I', 'K', 'O', 'V', 'Æ', 'C']"
Læsø,389203,2025-10-06 11:03:16,2025-10-06 11:03:16,L-V-Æ,"['5edc04a6-bbf7-4ba9-b5b4-5c0141dceefa', '9aa6a365-4dd1-4542-95e3-477017bf6258', 'cae45565-a850-4027-a3c6-d2f563e0578f']","['Venstre, Danmarks Liberale Parti', 'Læsø Borgerliste', 'Danmarksdemokraterne - Inger Støjberg']","['V', 'L', 'Æ']"
Nordfyns,389163,2025-10-06 10:43:31,2025-10-06 10:43:31,Valgforbund 3,"['3b3f00ee-288e-4f33-9599-aa66aabd52d3', '43bfbdc0-a7b1-44fb-974d-8d078e980a3e', 'aab929e8-d7a8-45c2-aef2-1339a4052463']","['Dansk Folkeparti', 'Danmarksdemokraterne', 'Venstre']","['O', 'Æ', 'V']"
Nordfyns,389163,2025-10-06 10:43:31,2025-10-06 10:43:31,Valgforbund 1,"['1a019e10-147b-4e2e-a5e1-939300fb93d1', 'e47a6001-30a4-4465-8916-5aac4b197bb9']","['Liberal Alliance', 'Det Konservative Folkeparti']","['I', 'C']"
Nordfyns,389163,2025-10-06 10:43:31,2025-10-06 10:43:31,Valgforbund 2,"['47b0515a-1f15-4576-bb48-932c6aea73e7', '6261698d-e780-4b54-ab20-b3ea768dd173', 'eacf68dc-28e8-4565-bfb2-b6e287fa2658']","['Socialistisk Folkeparti - SF', 'Radikale Venstre', 'Enhedslisten']","['F', 'B', 'Ø']"
Favrskov,389188,2025-10-06 10:01:25,2025-10-06 10:01:25,VF2,"['9a05a8f0-c867-41a5-a866-225069c59419', 'bc3fd319-761a-402e-bc5c-db75a31060aa', 'e5c336cb-9fe8-4b5f-b3c1-b906a64f7be3', 'f1a2c587-3777-4ddb-8f13-85d01998d2f1']","['SF - Socialistisk Folkeparti', 'Alternativet', 'Radikale Venstre', 'Enhedslisten - De Rød-Grønne']","['F', 'Å', 'B', 'Ø']"
Favrskov,389188,2025-10-06 10:01:25,2025-10-06 10:01:25,VF1,"['3c1bb563-565d-4f19-8993-c5cbe2566ad3', '408f0425-f3b6-4fc3-bdd6-2f257e9181a8', 'ce888947-65d2-463d-b432-5efcfd65a0a2', 'e7728c11-4b54-4400-b2d2-43ac8247fb9f', 'f0661158-14c3-4d17-93f1-858d1d197704']","['Dansk Folkeparti', 'Liberal Alliance', 'Venstre, Danmarks Liberale Parti', 'Danmarksdemokraterne - Inger Støjberg', 'Det Konservative Folkeparti']","['O', 'I', 'V', 'Æ', 'C']"
Odder,389189,2025-10-06 11:37:21,2025-10-06 11:37:21,Valgforbund 1,"['44a5cbec-b71a-4fda-bf6e-0c6ab9f137e6', '770ca116-c7fc-4576-a492-c79cbd97b359', 'b1d1194b-8b9b-42dd-be34-aeb180a19522', 'b2382ca9-779a-49fe-ae8c-d41e994e3143', 'fab3e07c-ebaf-4410-ac1a-ac1473acbde7']","['Enhedslisten - De Rød-Grønne', 'Socialdemokratiet', 'Moderaterne', 'SF - Socialistisk Folkeparti', 'Radikale Venstre']","['Ø', 'A', 'M', 'F', 'B']"
Odder,389189,2025-10-06 11:37:21,2025-10-06 11:37:21,Valgforbund 2,"['00ae965f-ec45-4e9a-92e8-4e70e0e3aa6a', '61e95bc0-d7d8-49ad-a07a-3308cd3dea2a', '7737dbee-8e88-44e2-be6a-0d78c5ae5df2']","['Det Konservative Folkeparti', 'Liberal Alliance', 'Venstre, Danmarks Liberale Parti']","['C', 'I', 'V']"
Rudersdal,389127,2025-10-06 14:51:31,2025-10-06 14:51:31,V2,"['55537781-d5a8-4da4-95aa-4cab3850c7f9', '33fcba7c-cd75-4a69-8bc5-f4c9b0474129']","['Liberal Alliance', 'Dansk Folkeparti']","['I', 'O']"
Rudersdal,389127,2025-10-06 14:51:31,2025-10-06 14:51:31,V4,"['f5645ac9-bd36-4394-a674-27df12cf6340', 'd5e4e6a2-1bb8-456b-a284-9bb3254ab1fe']","['Alternativet', 'Enhedslisten - De Rød-Grønne']","['Å', 'Ø']"
Rudersdal,389127,2025-10-06 14:51:31,2025-10-06 14:51:31,V1,"['2186fe32-0a81-435c-8574-3af5c7b3d857', '5fc0308c-9156-4dd9-976a-971af2470517', 'a8a662d2-3d20-4764-b38a-93ebba71d230']","['Lokallisten', 'SF - Socialistisk Folkeparti', 'Radikale Venstre']","['L', 'F', 'B']"
Rudersdal,389127,2025-10-06 14:51:31,2025-10-06 14:51:31,V3,"['e8b6ebe3-3a2c-40a9-b530-0e1c01ea9203', '74516599-a442-4094-a3f1-de3fe1847fab']","['Det Konservative Folkeparti', 'Moderaterne']","['C', 'M']"
Vallensbæk,389120,2025-10-06 10:29:00,2025-10-06 10:29:00,VF2,"['01ff9aa2-f540-4a15-a476-2557528ee403', 'b6135211-0e2f-4037-8c41-95cdf74843cd', 'cba6a9c1-dc34-4229-908a-a2088941d58d']","['Dansk Folkeparti', 'Venstre, Danmarks Liberale Parti', 'Liberal Alliance']","['O', 'V', 'I']"
Vallensbæk,389120,2025-10-06 10:29:00,2025-10-06 10:29:00,VF1,"['167f8474-e8e9-4709-af52-3f902306f19b', 'd43840c6-862c-432f-b845-936c7c6efc1c']","['Enhedslisten - De Rød-Grønne', 'SF - Socialistisk Folkeparti']","['Ø', 'F']"
Fanø,389171,2025-10-06 14:01:09,2025-10-06 14:01:09,Valgforbund A - F - Å,"['9d635460-664a-4dbf-9006-e30d90b429cb', 'c27b3395-41ce-417c-bcb9-fcd5aecc66a5', 'ee1b51ba-c025-4256-91db-1fdd53813996']","['Socialdemokratiet', 'SF - Socialistisk  Folkeparti', 'Alternativet']","['A', 'F', 'Å']"
Fanø,389171,2025-10-06 14:01:09,2025-10-06 14:01:09,Valgforbund B - L - Ø,"['38907ec5-d0dc-4751-877e-0aee2f8ec731', '5c721195-eff8-4bce-9d50-5fd057d2998a', '68b52751-1283-43df-80a9-ee90f397bab8']","['Fanø Borgerliste', 'Enhedslisten - De Rød-Grønne', 'Radikale Venstre']","['L', 'Ø', 'B']"
Hørsholm,389126,2025-10-06 10:06:12,2025-10-06 10:06:12,VF1: Det Konservative Folkeparti & Moderaterne,"['20d80ebb-6ec8-43e0-8040-ad5d77db13a2', 'bca16dde-160c-4afe-b666-60a41a79c2f5']","['Moderaterne', 'Det Konservative Folkeparti']","['M', 'C']"
Hørsholm,389126,2025-10-06 10:06:12,2025-10-06 10:06:12,VF5: Socialdemokratiet & SocialKonservative,"['aca9c4c8-f9e2-448e-87ce-eccd6ff95806', 'f81ca84d-d6d5-43f8-a515-f33d629e881b']","['Socialdemokratiet', 'SocialKonservative']","['A', 'Q']"
Hørsholm,389126,2025-10-06 10:06:12,2025-10-06 10:06:12,"VF2: Liberal Alliance & Venstre, Danmarks Liberale Parti","['43fb0535-f4bd-4f3d-9713-f712c24e039b', 'f5e23636-705b-4a38-b79a-184e1181b1e0']","['Venstre, Danmarks Liberale Parti', 'Liberal Alliance']","['V', 'I']"
Hørsholm,389126,2025-10-06 10:06:12,2025-10-06 10:06:12,VF3: Listen Anne Ehrenreich & Borgerlisten Hørsholm,"['6fad85fe-35d0-46c5-aa2a-ea5f0eceff52', 'a60014ef-9156-4795-8ed3-d135cfde830e']","['Listen Anne Ehrenreich', 'Borgerlisten Hørsholm']","['E', 'T']"
Hørsholm,389126,2025-10-06 10:06:12,2025-10-06 10:06:12,VF4: Radikale Venstre & SF - Socialistisk Folkeparti,"['35aa30a5-2854-423c-be20-d9031389ffd8', 'ea01e826-45b3-476e-bda9-6e46b5057826']","['SF - Socialistisk Folkeparti', 'Radikale Venstre']","['F', 'B']"
Slagelse,389144,2025-10-07 06:30:00,2025-10-07 06:30:00,"C, I, V, Æ","['30908b84-284b-4b7b-9c1e-36297233f7a8', '96cb6c68-354f-4c09-a4d3-9d1a6d20edff', 'c27c1488-eb1f-4f7f-ade8-e7e36c768af2', 'c8f614f9-9309-422b-a769-eed99c28f84f']","['Det Konservative Folkeparti', 'Liberal Alliance', 'Danmarksdemokraterne', 'Venstre']","['C', 'I', 'Æ', 'V']"
Slagelse,389144,2025-10-07 06:30:00,2025-10-07 06:30:00,"A, F","['965c4ac8-427d-444d-ab26-a6ae88d64107', 'e3ed8246-f0d1-4a6d-8c00-09910080e1f0']","['Socialistisk Folkeparti', 'Socialdemokratiet']","['F', 'A']"
Slagelse,389144,2025-10-07 06:30:00,2025-10-07 06:30:00,"B, L, T","['16bd0bc7-c0fa-40cf-9f14-7e8a5b576c80', '8394f1af-7924-4106-9ace-e57e1f199737', 'c090d6e0-f057-4928-924c-0bc153306f97']","['Storebæltslisten', 'Radikale Venstre', 'Trelleborglisten']","['L', 'B', 'T']"
Vejen,389174,2025-10-06 10:33:31,2025-10-06 10:33:31,Valgforbund BOV,"['4c2c726c-f3f5-4d9b-a03c-a85807e9a295', '605f202b-a2bc-458b-9a68-a2c88e89e72d', 'f856a95c-ab8f-4a02-99ed-5cfb3fcc08d4']","['Det Radikale Venstre', 'Venstre, Danmarks Liberale Parti', 'Dansk Folkeparti']","['B', 'V', 'O']"
Vejen,389174,2025-10-06 10:33:31,2025-10-06 10:33:31,Valgforbund AFMÅ,"['1449b089-fb60-4125-9c7b-ebf9436ab629', '67af087d-0761-4771-a08e-0e24ba98d1cb', '8c781604-f08a-488f-9224-57443d7972fc', 'f82e2e59-5420-4863-8a30-eb5bf4064a58']","['Moderaterne', 'Socialdemokratiet', 'Socialistisk Folkeparti', 'Alternativet']","['M', 'A', 'F', 'Å']"
Vejen,389174,2025-10-06 10:33:31,2025-10-06 10:33:31,Valgforbund CIÆ,"['5e09f3c3-2c25-4bf9-9082-3682539c9a82', '767559fd-f748-4629-a239-e6e58d2cbb45', 'c768da36-a535-4c38-b61a-0b404eaa8937']","['Det Konservative Folkeparti', 'Danmarksdemokraterne - Inger Støjberg', 'Liberal Alliance']","['C', 'Æ', 'I']"
Allerød,389121,2025-10-06 10:36:45,2025-10-06 10:36:45,"Forbund med A, B, F og Ø","['6b7e5089-50bb-42c0-80c7-e8cab04fdc30', 'bed72a2a-6774-4ce8-bfa9-cf9e69332894', 'c2220453-b161-4e09-ace9-ca255e595bf0', 'ecb64f32-a4a8-49ed-b35f-cad667593f5e']","['SF - Socialistisk Folkeparti', 'Radikale Venstre', 'Enhedslisten - De Rød-Grønne', 'Socialdemokratiet']","['F', 'B', 'Ø', 'A']"
Allerød,389121,2025-10-06 10:36:45,2025-10-06 10:36:45,"Valgforbund med I, O og U","['00b112ce-3ce0-44e6-a30c-dd457840bdca', '9100ca09-03c4-40af-ba6b-396812495d77', 'cab75600-dd2d-447a-a1e0-1e8e73e88c6f']","['Allerød Listen', 'Dansk Folkeparti', 'Liberal Alliance']","['U', 'O', 'I']"
Allerød,389121,2025-10-06 10:36:45,2025-10-06 10:36:45,Valgforbund med M og V,"['597c834f-def8-4ab3-badc-da33303e99f4', 'e196504b-ef26-4787-a40e-05c289b9307a']","['Venstre, Danmarks Liberale Parti', 'Moderaterne']","['V', 'M']"
Viborg,389196,2025-10-06 11:11:47,2025-10-06 11:11:47,VF1,"['60b5e258-da9f-409f-a164-6fb921ce8c0d', '6c01d7ad-eeaf-4a40-8c26-0cc52e0d2982']","['Venstre, Danmarks Liberale Parti', 'Moderaterne']","['V', 'M']"
Viborg,389196,2025-10-06 11:11:47,2025-10-06 11:11:47,VF5,"['ced91779-197c-4dc3-940a-db7156644590', '3d4e994b-7535-4f5b-b0dd-df31515c61a9']","['Enhedslisten - De Rød-Grønne', 'SF - Socialistisk Folkeparti']","['Ø', 'F']"
Viborg,389196,2025-10-06 11:11:47,2025-10-06 11:11:47,VF2,"['7d93f931-30d7-490b-a630-9cee3e052f2d', '491d9623-9098-4f71-9f9e-8d93b14fdcfd', '68ba99a5-df91-4b9d-82f8-14acf3ecedec']","['Alternativet', 'Kristendemokraterne', 'Radikale Venstre']","['Å', 'K', 'B']"
Viborg,389196,2025-10-06 11:11:47,2025-10-06 11:11:47,VF3,"['563d28c3-f1e4-4608-92de-f69a76c3cf99', '8076c6a3-a2b7-4dfb-a5a8-89f9d4d13620', 'd44cf727-3df8-4715-ae6a-cb8d8eb07aaa']","['Dansk Folkeparti', 'Det Konservative Folkeparti', 'Liberal Alliance']","['O', 'C', 'I']"
Viborg,389196,2025-10-06 11:11:47,2025-10-06 11:11:47,VF4,"['046358c6-d662-4d08-b0f5-301a85e959b7', 'd5d1b208-f3bb-4216-b4fe-9380800f115d']","['Danmarksdemokraterne - Inger Støjberg', 'Velfærdsdemokraterne']","['Æ', 'Y']"
Kolding,389176,2025-10-06 12:00:24,2025-10-06 12:00:24,V2,"['34520d5e-bada-4e26-a837-6152eaa7e1cc', '8c793aa3-1605-4800-a5af-a699b3e6b544', '9d85371a-4e0e-474d-b372-5acd60fa7094', 'c64a2d75-c21e-4df8-84ce-587bd1089841']","['Dansk Folkeparti', 'Moderaterne', 'Venstre, Danmarks Liberale Parti', 'Borgernes Lokal Liste']","['O', 'M', 'V', 'J']"
Kolding,389176,2025-10-06 12:00:24,2025-10-06 12:00:24,V1,"['06dcb027-1e7f-4559-b679-3c60d5c083fe', '2e672c82-7327-4dba-a835-378825213a9b', '4b91e7d6-496e-4765-88cd-c294374bdb20', 'c5ac4090-ffc1-40a9-8379-a17d37044d35']","['Enhedslisten - De Rød-Grønne', 'SF - Socialistisk Folkeparti', 'Socialdemokratiet', 'Radikale Venstre']","['Ø', 'F', 'A', 'B']"
Kolding,389176,2025-10-06 12:00:24,2025-10-06 12:00:24,V3,"['742ce5a2-d8e3-4d40-9c62-e6b5baa4f966', '96353f4e-dac5-423b-b3be-e4faf2178ccf', 'a6e6733b-c353-4f25-bb2f-1c3b8f276d61', 'b0915fcc-00b1-4dc5-a6e6-f0149157a2b3']","['Kristendemokraterne', 'Det Konservative Folkeparti', 'Liberal Alliance', 'Danmarksdemokraterne - Inger Støjberg']","['K', 'C', 'I', 'Æ']"
Lolland,389150,2025-10-06 10:23:01,2025-10-06 10:23:01,VF2,"['86cccf54-8efb-44a3-90cb-77f8fa957202', '8e240e39-7eac-46ca-80cc-6237e1b57a07', '93a7790b-91dc-4968-a2f6-21b30efd9617']","['Danmarksdemokraterne - Inger Støjberg', 'Det Konservative Folkeparti', 'Liberal Alliance']","['Æ', 'C', 'I']"
Lolland,389150,2025-10-06 10:23:01,2025-10-06 10:23:01,VF1,"['863e0efc-b9dd-4b77-86fd-f9f352e756e4', 'c8891430-76f4-4f56-971a-c8f07a854f45']","['Socialistisk Folkeparti', 'Socialdemokratiet']","['F', 'A']"
Lolland,389150,2025-10-06 10:23:01,2025-10-06 10:23:01,VF4,"['c1b094dc-2446-4cdc-ba66-701cead48e67', 'c5e30f68-cc4c-4405-9fa6-083f639a0b21']","['Vestlolland', 'Enhedslisten - De Rød-Grønne']","['D', 'Ø']"
Lolland,389150,2025-10-06 10:23:01,2025-10-06 10:23:01,VF3,"['5e8bb39a-0519-4401-8566-acd9639c22b4', '7770ef6c-0f37-4819-a3d3-12c26b150ce6']","['Radikale Venstre', 'Venstre, Danmarks Liberale Parti']","['B', 'V']"
Lejre,389146,2025-10-06 10:05:27,2025-10-06 10:05:27,Valgforbund 3,"['11427de9-b784-4161-a0de-7cf3f4be8304', '16ded358-ccad-47bb-9ad7-4eacd0ec98bc', '49ae6263-9e82-413f-8275-595867291c94', '883c5cdf-44d5-4d17-92fc-449885ab00f4', 'bdb0312b-10d1-4321-98b5-24bec237d45a']","['Moderaterne', 'Danmarksdemokraterne - Inger Støjberg', 'Det Konservative Folkeparti', 'Liberal Alliance', 'Dansk Folkeparti']","['M', 'Æ', 'C', 'I', 'O']"
Lejre,389146,2025-10-06 10:05:27,2025-10-06 10:05:27,Valgforbund 1,"['032aaff8-53df-41e8-b866-f92931d84556', '08e3dd8c-d1ab-40de-a3dd-77a9c26868a2']","['Radikale Venstre', 'Venstre, Danmarks Liberale Parti']","['B', 'V']"
Lejre,389146,2025-10-06 10:05:27,2025-10-06 10:05:27,Valgforbund 2,"['066e0850-77f9-4e5c-861a-4f898271a043', '187ca99b-3be4-43c3-a87c-5b8472cf4ffe', '945482a9-feda-4249-9937-a7f0f55e40af', 'aab82477-82ff-4c55-8bc9-17ab7baa625c']","['Alternativet', 'Enhedslisten', 'Socialdemokratiet', 'SF - Socialistisk Folkeparti']","['Å', 'Ø', 'A', 'F']"
Stevns,389147,2025-10-06 10:42:00,2025-10-06 10:42:00,Valgforbund 1,"['2ddf8a6e-8126-4947-8558-765e704a320c', '77dee41a-d869-4204-b28f-b80cc26e0987', '7f6b450c-5944-4146-8709-62a81fce62a7', '9310d299-b374-41ab-8234-47537aca4544', 'b483eefb-2fb6-465a-a8a2-8738026b95ed']","['Liberal Alliance', 'Danmarksdemokraterne - Inger Støjberg', 'Det Konservative Folkeparti', 'Dansk Folkeparti', 'Moderaterne']","['I', 'Æ', 'C', 'O', 'M']"
Stevns,389147,2025-10-06 10:42:00,2025-10-06 10:42:00,Valgforbund 2,"['161e6ba1-33d4-4f97-91e3-074ce6760778', 'b91a6b19-3daa-45ab-92a9-4e0a0774b5bf', 'ee05b1e2-107a-4b58-ac3e-70656d09728f', 'f4354591-79bf-403a-8adb-6ade83b36814']","['SF - Socialistisk Folkeparti', 'Enhedslisten - De Rød-Grønne', 'Alternativet', 'Radikale Venstre']","['F', 'Ø', 'Å', 'B']"
Rebild,389204,2025-10-07 07:28:37,2025-10-07 07:28:37,ALR,"['e4ac1929-70b8-4ed5-865c-f0fead84102a', 'f5ec1157-26e2-4c37-b2d8-72bc84d299e8', 'f92b3e56-efac-4ee6-ab69-0b44cc91c6bf']","['Rebild Listen', 'Den Sociale Fællesliste', 'Socialdemokratiet']","['R', 'L', 'A']"
Rebild,389204,2025-10-07 07:28:37,2025-10-07 07:28:37,COVÆ,"['4f49e654-9ee6-411c-b70b-8f5672b8a8e9', 'ba1876d2-a00e-47c0-8bb9-77f4be7382d5', 'e9d6cdb5-b312-48a8-a1cd-a773b8a1a2d2', 'fcc0af90-6919-4e5c-a956-0297f6d296fc']","['Det Konservative Folkeparti', 'Venstre, Danmarks Liberale Parti', 'Dansk Folkeparti', 'Danmarksdemokraterne - Inger Støjberg']","['C', 'V', 'O', 'Æ']"
Rebild,389204,2025-10-07 07:28:37,2025-10-07 07:28:37,BFØ,"['85c797a1-0db5-4ed1-81fc-74319246976b', 'e639370d-0827-4632-ac03-02a2fbfe3d4d', 'e680d821-0a69-4bed-9902-fa3b97f47b1f']","['Radikale Venstre', 'Enhedslisten - De Rød-Grønne', 'SF - Socialistisk Folkeparti']","['B', 'Ø', 'F']"
Herning,389181,2025-10-06 10:12:43,2025-10-06 10:12:43,F og Ø,"['d6f3e8cf-8514-4592-b7a7-1f91fe3e4847', 'edba6a2c-8f32-4af6-a119-cc46e2531d7d']","['Enhedslisten', 'Socialistisk Folkeparti']","['Ø', 'F']"
Herning,389181,2025-10-06 10:12:43,2025-10-06 10:12:43,A og L,"['6ae17215-16a1-489f-9bc9-27d77c621126', 'e5eb84ad-d925-4ab1-b2b6-581c5330acd3']","['Borgerlisten', 'Socialdemokratiet']","['L', 'A']"
Herning,389181,2025-10-06 10:12:43,2025-10-06 10:12:43,"B, M og V","['4eebb95f-2f51-4880-ba21-a4384a79759b', '930bd7ef-26b4-4941-a34e-01d5b5e81198', 'fbd30483-a73f-4230-801b-7f19d29e3675']","['Moderaterne', 'Venstre, Danmarks Liberale Parti', 'Radikale Venstre']","['M', 'V', 'B']"
Herning,389181,2025-10-06 10:12:43,2025-10-06 10:12:43,"C, D, I, K, O og Æ","['096495b2-70bc-4414-8352-181716157821', '0b767041-8789-49f7-9e25-a8c7ff2eeac8', '3f0637d4-d57c-4bab-9dd2-bae73c4e8084', '5a57a7e2-8228-4102-b09e-e4437b83be9d', '65edba45-8ee8-45b1-a144-f28c9cefa2d7', 'ddff3428-8e1c-4582-b954-1f482ec2ca6b']","['KristenDemokraterne', 'Liberal Alliance', 'Danmarksdemokraterne - Inger Støjberg', 'Nye Borgerlige', 'Det Konservative Folkeparti', 'Dansk Folkeparti']","['K', 'I', 'Æ', 'D', 'C', 'O']"
Hillerød,389125,2025-10-06 10:13:43,2025-10-06 10:13:43,Socialdemokratiet og Radikale Venstre,"['8837dfbc-a0e4-4ea5-84da-3b017f9fa58c', '9797d677-451f-4534-8aff-3e43b8f9fac4']","['Socialdemokratiet', 'Radikale Venstre']","['A', 'B']"
Hillerød,389125,2025-10-06 10:13:43,2025-10-06 10:13:43,SF - Socialistisk Folkeparti og Enhedslisten - De rød-grønne,"['8a90d816-1bef-45a4-aa34-27136713d2bc', 'f04d2e7a-36d3-4c50-a152-16cd19480d99']","['Enhedslisten - De rød-grønne', 'SF - Socialistisk Folkeparti']","['Ø', 'F']"
Hillerød,389125,2025-10-06 10:13:43,2025-10-06 10:13:43,"Det Konservative Folkeparti,  Liberal Alliance, Dansk Folkeparti, Venstre, Danmarks Liberale Parti og Danmarksdemokraterne - Inger Støjberg","['09ce82d4-f815-485b-b072-66e10b4e8079', '2cf898dc-1e49-4a4c-88d4-6c7a80cac73b', '401b5726-7f26-4ff6-8af3-3249511e2e6f', 'ca5f9c70-aeb6-422f-8375-a02111136944', 'e08903a1-bee6-428b-940a-9fbdfdcacf99']","['Liberal Alliance', 'Dansk Folkeparti', 'Danmarksdemokraterne - Inger Støjberg', 'Det Konservative Folkeparti', 'Venstre, Danmarks Liberale Parti']","['I', 'O', 'Æ', 'C', 'V']"
Skive,389195,2025-10-06 10:00:58,2025-10-06 10:00:58,III. Radikale Venstre og Skive-Listen,"['9498e8ac-b0ba-4ba9-b7a0-15fb5b71e60e', 'eb35d546-15eb-4442-9105-f09058a378bb']","['Radikale Venstre', 'Skive-Listen']","['B', 'L']"
Skive,389195,2025-10-06 10:00:58,2025-10-06 10:00:58,II. SF - Socialistisk Folkeparti og Enhedslisten - De Rød-Grønne,"['79ec896c-fa2e-4f63-990f-168595ca5ba5', 'ccd9d4ae-66cc-447d-b2bc-64930f730c70']","['SF - Socialistisk Folkeparti', 'Enhedslisten De Rød-Grønne']","['F', 'Ø']"
Skive,389195,2025-10-06 10:00:58,2025-10-06 10:00:58,"I.  Det Konservative Folkeparti, Liberal Alliance, Dansk Folkeparti og Danmarksdemokraterne - Inger Støjberg","['5d553002-900e-45c8-9949-1bdbfd205821', '702fd0db-a3f7-4dd5-837c-3df3113876b8', 'b1615734-cd1f-4128-8c81-e500475c92e8', 'bc4b2a46-ff1d-4fe6-9738-9f0430745e18']","['Det Konservative Folkeparti', 'Dansk Folkeparti', 'Danmarksdemokraterne - Inger Støjberg', 'Liberal Alliance']","['C', 'O', 'Æ', 'I']"
Skive,389195,2025-10-06 10:00:58,2025-10-06 10:00:58,IV. Socialdemokratiet og Moderaterne,"['0542961c-a737-44a8-8570-e1c621138349', 'f30616ba-24b3-4da4-ac6c-c28d93f58b7a']","['Moderaterne', 'Socialdemokratiet']","['M', 'A']"
Tårnby,389119,2025-10-07 06:50:18,2025-10-07 06:50:18,V3,"['2c0a929f-ce8c-424a-95e5-bee13db368cc', '3f4cb3d9-85b2-49fc-bf87-6203144e3119', '87d82df2-bc9a-42f6-be7b-e84cad266d58', 'c38f0a83-7c1b-48ac-b7cb-f0d9007b261e', 'ce992143-f886-4c9c-9e4b-9f96337ba57c', 'ec5611ae-0daa-431c-ba18-da5a7e7f289c']","['Venstre, Danmarks Liberale Parti', 'Moderaterne', 'Dansk Folkeparti', 'Danmarksdemokraterne - Inger Støjberg', 'Det Konservative Folkeparti', 'Liberal Alliance']","['V', 'M', 'O', 'Æ', 'C', 'I']"
Tårnby,389119,2025-10-07 06:50:18,2025-10-07 06:50:18,V1,"['13fe17b9-2dc2-42dd-a458-709c58fe0e1f', '334f1242-0047-4983-b48a-3ce5b9c7027b']","['Velfærdslisten', 'Socialdemokratiet']","['E', 'A']"
Tårnby,389119,2025-10-07 06:50:18,2025-10-07 06:50:18,V2,"['2600d689-807e-4b03-af7b-dc8abc3c02a0', '6ec26b22-860e-4876-9f3f-b1a5b2e2d07e', 'ee027c6a-bba0-41be-a702-73b0fa2113ab']","['Radikale Venstre', 'SF - Socialistisk Folkeparti', 'Enhedslisten - De Rød-Grønne']","['B', 'F', 'Ø']"
Norddjurs,389187,2025-10-06 11:23:19,2025-10-06 11:23:19,VF1,"['257e29d3-437a-40be-8758-0e61ed6974bf', '271e3be6-01b7-48ba-98e1-4e84e1d020e2', '33275641-6b44-4643-9e3a-b5b8e6d8368e', '89e21075-6d34-40aa-a720-ddbbbcbdc0ed', 'ea4e2a54-1b5b-4a0a-b381-b47bee7b9f1a']","['Danmarksdemokraterne - Inger Støjberg', 'Dansk Folkeparti', 'Venstre, Danmarks Liberale Parti', 'Det Konservative Folkeparti', 'Liberal Alliance']","['Æ', 'O', 'V', 'C', 'I']"
Norddjurs,389187,2025-10-06 11:23:19,2025-10-06 11:23:19,VF2,"['03a36edf-9598-4156-81c3-c6ffe52bf8fa', '3c19e38b-024b-4c7a-9a92-f89630aca839', '59fe3c33-d19c-49e1-a891-f82eb5a82cda', 'fda48f42-a259-45d7-8f77-be71ef7d7451']","['Natur- og Velfærdslisten', 'Socialdemokratiet', 'Enhedslisten - De Rød-Grønne', 'SF - Socialistisk Folkeparti']","['N', 'A', 'Ø', 'F']"
Silkeborg,389192,2025-10-06 10:02:41,2025-10-06 10:02:41,VF3,"['bb9258d7-2d94-43f1-a318-823c1eea927b', 'd1c52e5c-36f8-4aa8-ada2-a2d9055da5b2']","['Dansk Folkeparti', 'Liberal Alliance']","['O', 'I']"
Silkeborg,389192,2025-10-06 10:02:41,2025-10-06 10:02:41,VF1,"['630eb15f-7293-4929-9022-4b26aba3809b', 'c11643f9-9634-4587-8b42-15e5dad8469a', 'd6e2ed93-dc19-44b2-b040-6bd2da6fc492', 'd89f9433-2639-4738-bcd3-a6a88bd0fe30']","['Deltagerlisten', 'Socialdemokratiet', 'Enhedslisten - De Rød-Grønne', 'SF - Socialistisk Folkeparti']","['N', 'A', 'Ø', 'F']"
Silkeborg,389192,2025-10-06 10:02:41,2025-10-06 10:02:41,VF4,"['516c73f2-86b1-4948-8b18-0716c23bb711', '97d8c98b-641f-4f1b-af86-6b8239d44af1', '9f1931d8-700e-46f2-8af3-6da4ab97e490']","['Moderaterne', 'Louise Isager', 'Radikale Venstre']","['M', 'L', 'B']"
Silkeborg,389192,2025-10-06 10:02:41,2025-10-06 10:02:41,VF2,"['2a128a07-9435-4c50-9a99-d95180f05686', '77c089c0-42a6-4d1f-9120-05ada57fc68a', '992d7649-1447-4398-a707-ca1206f1c42d']","['Danmarksdemokraterne - Inger Støjberg', 'Det Konservative Folkeparti', 'Venstre, Danmarks Liberale Parti']","['Æ', 'C', 'V']"
Næstved,389148,2025-10-06 10:59:16,2025-10-06 10:59:16,"Valgforbund (A, B, F, Ø, Å)","['54233494-1ca4-4450-aa82-9a36f311d7b8', '634179a5-793e-4841-bd6d-3223fd61b56b', 'b8b19f66-bebe-4df5-8b4a-c6f86e908574', 'e593ec9d-6c25-4832-af82-74f26d398534', 'e80c6821-52bb-4b8c-b04d-41199d5a816c']","['SF - Socialistisk Folkeparti', 'Alternativet', 'Socialdemokratiet', 'Enhedslisten - De Rød-Grønne', 'Radikale Venstre']","['F', 'Å', 'A', 'Ø', 'B']"
Næstved,389148,2025-10-06 10:59:16,2025-10-06 10:59:16,"Valgforbund ( C, I, M, O, V, Æ)","['3635bb82-9df7-49b2-b66e-e131f0a05e05', '448cc1f8-4c36-49b3-9aa7-11599eb77963', 'a082dd84-351e-4130-8302-6907a8546680', 'dda0cc19-19ab-43ba-9dcd-ecd1b45a64a1', 'e7c97b14-f693-4479-97cf-d5e3c7a27666', 'f69273a7-be98-4398-9279-5fc4ab270f38']","['Dansk Folkeparti', 'Liberal Alliance', 'Moderaterne', 'Danmarksdemokraterne - Inger Støjberg', 'Venstre, Danmarks Liberale Parti', 'Det Konservative Folkeparti']","['O', 'I', 'M', 'Æ', 'V', 'C']"
Morsø,389197,2025-10-06 10:37:00,2025-10-06 10:37:00,Valgforbund 1: B-F-Ø,"['a53fef86-b981-4e4e-8410-337e3ba98be1', 'd828076c-d0bb-4023-b1f6-5b34aa79ec8a', 'e1a44fe5-819f-4b40-9b76-ef3f96855e4f']","['Enhedslisten - De Rød-Grønne', 'SF - Socialistisk Folkeparti', 'Radikale Venstre']","['Ø', 'F', 'B']"
Morsø,389197,2025-10-06 10:37:00,2025-10-06 10:37:00,Valgforbund 2: V-Æ,"['0294ae01-f0b5-479b-a0ea-990f2e12250f', 'e43e2efa-d5a2-4d1b-ad23-dbecc16f2fe8']","['Venstre, Danmarks Liberale Parti', 'Danmarksdemokraterne - Inger Støjberg']","['V', 'Æ']"
Egedal,389129,2025-10-06 10:23:31,2025-10-06 10:23:31,Valgforbund 3,"['882e8f74-6c64-434b-9366-199d6346aaad', '98a225b5-1df8-4276-a24b-4e00a6a7d414']","['Enhedslisten', 'Socialistisk Folkeparti']","['Ø', 'F']"
Egedal,389129,2025-10-06 10:23:31,2025-10-06 10:23:31,Valgforbund 1,"['35600b96-a55a-4d76-a00e-3e9fcb6938ea', '91fff6f9-87a2-4833-9898-20101b71b410', 'de2f3b20-7ae6-4a59-958e-cdfb724e3a00']","['Radikale Venstre', 'Et Samlet Egedal', 'Alternativet']","['B', 'E', 'Å']"
Egedal,389129,2025-10-06 10:23:31,2025-10-06 10:23:31,Valgforbund 4,"['3a0fce2b-d3a4-486a-b8b2-cb6f0b4de40c', '78a5f9ac-a222-408e-9ac5-75f0cb7b1839']","['Lokallisten Ny Egedal', 'Moderaterne']","['L', 'M']"
Egedal,389129,2025-10-06 10:23:31,2025-10-06 10:23:31,Valgforbund 2,"['3913cff8-1449-433a-bda4-f3da81a5f6ee', '4145d272-a8e8-4eb1-a6a6-19b24f1492b1', 'aba0e878-91ba-4479-8a4d-6e60bc380641', 'bbed3ca0-a61f-4930-b1e5-03a1166873fe']","['Dansk Folkeparti', 'Danmarksdemokraterne - Inger Støjberg', 'Liberal Alliance', 'Det Konservative Folkeparti']","['O', 'Æ', 'I', 'C']"
Kerteminde,389159,2025-10-06 10:39:30,2025-10-06 10:39:30,VF1. AFØ,"['1d3010d4-caf5-452a-8954-b21eff7e0f1f', '7bb31a87-4276-43b6-b896-f1910b50fcee', 'dad00203-01e2-435f-a211-e8ef5ca4f397']","['Socialdemokratiet', 'Enhedslisten - De Rød-Grønne', 'SF - Socialistisk Folkeparti']","['A', 'Ø', 'F']"
Kerteminde,389159,2025-10-06 10:39:30,2025-10-06 10:39:30,VF3. CEIÆ,"['4c2cb35c-5f7b-4bdf-81f6-afc34a19dd6f', '951e7784-56f6-47c9-851b-e08804ecda1b', 'c2e5e673-1ada-4d63-9b66-3457e8d7faea', 'ff8ace41-6bb0-49d3-baa8-2c89c398c29f']","['Liberal Alliance', 'Hverdagens Stemme', 'Det Konservative Folkeparti', 'Danmarksdemokraterne - Inger Støjberg']","['I', 'E', 'C', 'Æ']"
Kerteminde,389159,2025-10-06 10:39:30,2025-10-06 10:39:30,VF2. BMV,"['6026cdc8-9f27-4818-bf22-7a26d5e9c3c4', '9a47d80e-dba6-48dd-aa21-2458bdd0f96e', 'c83221e5-b348-47a9-ae87-5846af1f20a7']","['Moderaterne', 'Venstre, Danmarks Liberale Parti', 'Radikale Venstre']","['M', 'V', 'B']"
Aarhus,389194,2025-10-06 10:00:58,2025-10-06 10:00:58,Valgforbund 2,"['342863c9-f722-46b7-9d3b-a7e0f16aa526', '64766952-f10e-4259-8d63-6372eb90efe2', 'a648d21a-19f1-4a0a-8fdf-3a901bdd52b7', 'bfef0818-9d12-4ec2-ac58-a7bd6d26da55']","['BorgerTinget', 'Moderaterne', 'KristenDemokraterne', 'Radikale Venstre']","['T', 'M', 'K', 'B']"
Aarhus,389194,2025-10-06 10:00:58,2025-10-06 10:00:58,Valgforbund 4,"['3f8875e2-4fbd-4449-9602-d0ee541d3b48', '906e7bf6-05b2-4022-a80f-0a01cd11b7d3']","['Kommunistisk Parti', 'Frie Grønne - Danmarks nye venstrefløjsparti']","['R', 'Q']"
Aarhus,389194,2025-10-06 10:00:58,2025-10-06 10:00:58,Valgforbund 3,"['9a283417-27fe-4707-814d-8a0833153e09', 'ab19c02a-4453-44f6-834f-5bebded83152', 'eae375ab-901b-4826-ab6d-dd57aef910d1']","['Enhedslisten - De Rød-Grønne', 'Alternativet', 'SF - Socialistisk Folkeparti']","['Ø', 'Å', 'F']"
Aarhus,389194,2025-10-06 10:00:58,2025-10-06 10:00:58,Valgforbund 1,"['8c64249e-b4d6-4015-85dd-70c7ec5431c1', '91b32a2d-ec5e-467b-86bc-64ca978750cf', 'a34b798f-8972-4816-9578-3e827483c68b', 'b45dd1fd-039e-45fa-a7b6-0dd6e97d15ab', 'c55c08a7-74b8-43f3-81d2-04046db8eee9', 'f140a66e-13cf-42d0-8975-4c3b5d2f505e']","['Danmarksdemokraterne - Inger Støjberg', 'Venstre, Danmarks Liberale Parti', 'Liberal Alliance', 'Det Konservative Folkeparti', 'Nej til privatisering af kommunale veje', 'Dansk Folkeparti']","['Æ', 'V', 'I', 'C', 'N', 'O']"
