Afstemningsområde;Bogstavbetegnelse;Listenavn;Navn;Stemmetal
1. Allinge;A;Socialdemokratiet;Listestemmer;55
1. Allinge;A;Socialdemokratiet;Thomas Thors;47
1. Allinge;A;Socialdemokratiet;Jonna Nielsen;7
1. Allinge;A;Socialdemokratiet;Anne Jensen;6
1. Allinge;A;Socialdemokratiet;Ole Rødvig;5
1. Allinge;A;Socialdemokratiet;Claus Larsen-Jensen;19
1. Allinge;A;Socialdemokratiet;Maria Fromseier Kjærgaard;20
1. Allinge;A;Socialdemokratiet;Bente Helms;10
1. Allinge;A;Socialdemokratiet;Kasper Flygare;40
1. Allinge;A;Socialdemokratiet;Karen Lynn Jacobsen;10
1. Allinge;A;Socialdemokratiet;Steen Frandsen;6
1. Allinge;A;Socialdemokratiet;Lykke Jensen;2
1. Allinge;A;Socialdemokratiet;Frank Granlyst;24
1. Allinge;A;Socialdemokratiet;Per Ole Petersen;2
1. Allinge;A;Socialdemokratiet;Kirsten Wendell;1
1. Allinge;A;Socialdemokratiet;HC Holmstrand;2
1. Allinge;A;Socialdemokratiet;Tommi H. Falk;1
1. Allinge;A;Socialdemokratiet;Rebecca Douglas Elleby;5
1. Allinge;A;Socialdemokratiet;Ronald Kofoed-Rasmussen;0
1. Allinge;B;Radikale Venstre;Listestemmer;13
1. Allinge;B;Radikale Venstre;Matilde Lissau;13
1. Allinge;B;Radikale Venstre;João Møller;2
1. Allinge;B;Radikale Venstre;David Christensen;3
1. Allinge;B;Radikale Venstre;Gerd Lyng;2
1. Allinge;B;Radikale Venstre;Niels Ebbesen;6
1. Allinge;B;Radikale Venstre;Flemming West;1
1. Allinge;C;Det Konservative Folkeparti;Listestemmer;27
1. Allinge;C;Det Konservative Folkeparti;Jacob Trøst;135
1. Allinge;C;Det Konservative Folkeparti;Iben Busch;37
1. Allinge;C;Det Konservative Folkeparti;Mark Palmquist;1
1. Allinge;C;Det Konservative Folkeparti;Flemming Sorth;1
1. Allinge;C;Det Konservative Folkeparti;Ralf Skovgaard;1
1. Allinge;C;Det Konservative Folkeparti;Anders Møller;1
1. Allinge;D;Nye Borgerlige;Listestemmer;10
1. Allinge;D;Nye Borgerlige;Gitte Frigioni;11
1. Allinge;D;Nye Borgerlige;Charlotte Friberg Henriksen;2
1. Allinge;D;Nye Borgerlige;Morten Hæstrup;7
1. Allinge;D;Nye Borgerlige;Jens Rasmussen;0
1. Allinge;D;Nye Borgerlige;Michael Bidstrup Nielsen;1
1. Allinge;D;Nye Borgerlige;Kate Riis Cordsen;0
1. Allinge;D;Nye Borgerlige;Anette B. Nielsen;0
1. Allinge;F;SF - Socialistisk Folkeparti;Listestemmer;15
1. Allinge;F;SF - Socialistisk Folkeparti;Leif Olsen;50
1. Allinge;F;SF - Socialistisk Folkeparti;Joan Prahl Parente;17
1. Allinge;F;SF - Socialistisk Folkeparti;Nikolaj Fjellerad;1
1. Allinge;F;SF - Socialistisk Folkeparti;Bo Haxthausen;4
1. Allinge;G;Veganerpartiet;Listestemmer;5
1. Allinge;G;Veganerpartiet;Lærke Lina Skovbjerg;9
1. Allinge;K;Kristendemokraterne;Listestemmer;11
1. Allinge;K;Kristendemokraterne;Bjarne Hartung Kirkegaard, Allinge;50
1. Allinge;K;Kristendemokraterne;Niels Chresten Andersen, Rønne;6
1. Allinge;K;Kristendemokraterne;Maria Rosæfontanus, Nexø;2
1. Allinge;K;Kristendemokraterne;Martin Pihl Sode, Knudsker;2
1. Allinge;K;Kristendemokraterne;Signe Hartung Kjærby, Klemensker;0
1. Allinge;K;Kristendemokraterne;Mogens Riis Pedersen, Ibsker;0
1. Allinge;K;Kristendemokraterne;Filmon Solomun, Hasle;0
1. Allinge;K;Kristendemokraterne;Hans Ole Bech, Aakirkeby;0
1. Allinge;K;Kristendemokraterne;Hartvig Mumm, Nyker;1
1. Allinge;L;Lavere skatter og afgifter;Listestemmer;4
1. Allinge;L;Lavere skatter og afgifter;Martin Tidsvilde;0
1. Allinge;L;Lavere skatter og afgifter;Henrik A. Bøggild;0
1. Allinge;O;Dansk Folkeparti;Listestemmer;24
1. Allinge;O;Dansk Folkeparti;Linda Kofoed Persson;26
1. Allinge;O;Dansk Folkeparti;Renè Danielsson;200
1. Allinge;O;Dansk Folkeparti;Sabine Nicoline Lyngberg;12
1. Allinge;O;Dansk Folkeparti;Kim Jacobsen;2
1. Allinge;O;Dansk Folkeparti;Jørn Westh;1
1. Allinge;O;Dansk Folkeparti;Anders Hansen;0
1. Allinge;O;Dansk Folkeparti;Michelle Weie;0
1. Allinge;O;Dansk Folkeparti;Torben Kofod Ager;2
1. Allinge;O;Dansk Folkeparti;Tonny Borrinjaland;3
1. Allinge;V;Venstre, Danmarks Liberale Parti;Listestemmer;34
1. Allinge;V;Venstre, Danmarks Liberale Parti;Søren Schow;50
1. Allinge;V;Venstre, Danmarks Liberale Parti;Heidi Burgedahl;8
1. Allinge;V;Venstre, Danmarks Liberale Parti;Michael Hendriksen;23
1. Allinge;V;Venstre, Danmarks Liberale Parti;Maike Fiil;36
1. Allinge;V;Venstre, Danmarks Liberale Parti;Brian Kofoed;12
1. Allinge;V;Venstre, Danmarks Liberale Parti;Else Merete Knoop;3
1. Allinge;V;Venstre, Danmarks Liberale Parti;Jens Haagensen;0
1. Allinge;V;Venstre, Danmarks Liberale Parti;Lisbeth Riemann;0
1. Allinge;V;Venstre, Danmarks Liberale Parti;Orla Hansen;24
1. Allinge;V;Venstre, Danmarks Liberale Parti;Birthe Tindbæk Bredo;0
1. Allinge;V;Venstre, Danmarks Liberale Parti;Jens Folkmann;1
1. Allinge;V;Venstre, Danmarks Liberale Parti;Tom Idon Nielsen;2
1. Allinge;V;Venstre, Danmarks Liberale Parti;Jannie Sauer;0
1. Allinge;V;Venstre, Danmarks Liberale Parti;Kate Steen Hansen;0
1. Allinge;V;Venstre, Danmarks Liberale Parti;Carsten Hæstrup;46
1. Allinge;W;Bornholmerlisten;Listestemmer;16
1. Allinge;W;Bornholmerlisten;Kirstine van Sabben;168
1. Allinge;W;Bornholmerlisten;Eivind Madsen;4
1. Allinge;W;Bornholmerlisten;Zille Thilde Vangsaa;3
1. Allinge;W;Bornholmerlisten;Niels Henriksen;0
1. Allinge;W;Bornholmerlisten;Bo Ancher Jensen;1
1. Allinge;Ø;Enhedslisten - De Rød-Grønne;Listestemmer;60
1. Allinge;Ø;Enhedslisten - De Rød-Grønne;Morten Riis;423
1. Allinge;Ø;Enhedslisten - De Rød-Grønne;Helle Munk Ravnborg;25
1. Allinge;Ø;Enhedslisten - De Rød-Grønne;Niclas Fick;3
1. Allinge;Ø;Enhedslisten - De Rød-Grønne;Mikael Benzon;6
1. Allinge;Ø;Enhedslisten - De Rød-Grønne;Laura Kofod;12
1. Allinge;Ø;Enhedslisten - De Rød-Grønne;Stig Westermann;5
1. Allinge;Ø;Enhedslisten - De Rød-Grønne;Sanne Friborg;3
1. Allinge;Ø;Enhedslisten - De Rød-Grønne;Gunna Møller;0
1. Allinge;Ø;Enhedslisten - De Rød-Grønne;Peter Andersen;2
1. Allinge;Ø;Enhedslisten - De Rød-Grønne;Klaus Hermansen;1
1. Allinge;Ø;Enhedslisten - De Rød-Grønne;Runa Jensen;0
1. Allinge;Ø;Enhedslisten - De Rød-Grønne;Fridrik Adamsson;0
1. Allinge;Å;Alternativet;Listestemmer;4
1. Allinge;Å;Alternativet;Caroline Meyer White;36
1. Allinge;Å;Alternativet;Katrine Bærendsen;1
1. Allinge;Å;Alternativet;Tom Hjorth Grove;0
2. Østermarie;A;Socialdemokratiet;Listestemmer;35
2. Østermarie;A;Socialdemokratiet;Thomas Thors;21
2. Østermarie;A;Socialdemokratiet;Jonna Nielsen;11
2. Østermarie;A;Socialdemokratiet;Anne Jensen;25
2. Østermarie;A;Socialdemokratiet;Ole Rødvig;5
2. Østermarie;A;Socialdemokratiet;Claus Larsen-Jensen;16
2. Østermarie;A;Socialdemokratiet;Maria Fromseier Kjærgaard;10
2. Østermarie;A;Socialdemokratiet;Bente Helms;3
2. Østermarie;A;Socialdemokratiet;Kasper Flygare;2
2. Østermarie;A;Socialdemokratiet;Karen Lynn Jacobsen;5
2. Østermarie;A;Socialdemokratiet;Steen Frandsen;3
2. Østermarie;A;Socialdemokratiet;Lykke Jensen;2
2. Østermarie;A;Socialdemokratiet;Frank Granlyst;6
2. Østermarie;A;Socialdemokratiet;Per Ole Petersen;0
2. Østermarie;A;Socialdemokratiet;Kirsten Wendell;3
2. Østermarie;A;Socialdemokratiet;HC Holmstrand;0
2. Østermarie;A;Socialdemokratiet;Tommi H. Falk;0
2. Østermarie;A;Socialdemokratiet;Rebecca Douglas Elleby;3
2. Østermarie;A;Socialdemokratiet;Ronald Kofoed-Rasmussen;2
2. Østermarie;B;Radikale Venstre;Listestemmer;9
2. Østermarie;B;Radikale Venstre;Matilde Lissau;16
2. Østermarie;B;Radikale Venstre;João Møller;2
2. Østermarie;B;Radikale Venstre;David Christensen;8
2. Østermarie;B;Radikale Venstre;Gerd Lyng;1
2. Østermarie;B;Radikale Venstre;Niels Ebbesen;4
2. Østermarie;B;Radikale Venstre;Flemming West;0
2. Østermarie;C;Det Konservative Folkeparti;Listestemmer;19
2. Østermarie;C;Det Konservative Folkeparti;Jacob Trøst;126
2. Østermarie;C;Det Konservative Folkeparti;Iben Busch;35
2. Østermarie;C;Det Konservative Folkeparti;Mark Palmquist;13
2. Østermarie;C;Det Konservative Folkeparti;Flemming Sorth;3
2. Østermarie;C;Det Konservative Folkeparti;Ralf Skovgaard;6
2. Østermarie;C;Det Konservative Folkeparti;Anders Møller;3
2. Østermarie;D;Nye Borgerlige;Listestemmer;16
2. Østermarie;D;Nye Borgerlige;Gitte Frigioni;11
2. Østermarie;D;Nye Borgerlige;Charlotte Friberg Henriksen;1
2. Østermarie;D;Nye Borgerlige;Morten Hæstrup;1
2. Østermarie;D;Nye Borgerlige;Jens Rasmussen;1
2. Østermarie;D;Nye Borgerlige;Michael Bidstrup Nielsen;0
2. Østermarie;D;Nye Borgerlige;Kate Riis Cordsen;0
2. Østermarie;D;Nye Borgerlige;Anette B. Nielsen;0
2. Østermarie;F;SF - Socialistisk Folkeparti;Listestemmer;8
2. Østermarie;F;SF - Socialistisk Folkeparti;Leif Olsen;28
2. Østermarie;F;SF - Socialistisk Folkeparti;Joan Prahl Parente;11
2. Østermarie;F;SF - Socialistisk Folkeparti;Nikolaj Fjellerad;0
2. Østermarie;F;SF - Socialistisk Folkeparti;Bo Haxthausen;1
2. Østermarie;G;Veganerpartiet;Listestemmer;7
2. Østermarie;G;Veganerpartiet;Lærke Lina Skovbjerg;8
2. Østermarie;K;Kristendemokraterne;Listestemmer;20
2. Østermarie;K;Kristendemokraterne;Bjarne Hartung Kirkegaard, Allinge;54
2. Østermarie;K;Kristendemokraterne;Niels Chresten Andersen, Rønne;16
2. Østermarie;K;Kristendemokraterne;Maria Rosæfontanus, Nexø;1
2. Østermarie;K;Kristendemokraterne;Martin Pihl Sode, Knudsker;1
2. Østermarie;K;Kristendemokraterne;Signe Hartung Kjærby, Klemensker;1
2. Østermarie;K;Kristendemokraterne;Mogens Riis Pedersen, Ibsker;1
2. Østermarie;K;Kristendemokraterne;Filmon Solomun, Hasle;0
2. Østermarie;K;Kristendemokraterne;Hans Ole Bech, Aakirkeby;2
2. Østermarie;K;Kristendemokraterne;Hartvig Mumm, Nyker;0
2. Østermarie;L;Lavere skatter og afgifter;Listestemmer;1
2. Østermarie;L;Lavere skatter og afgifter;Martin Tidsvilde;3
2. Østermarie;L;Lavere skatter og afgifter;Henrik A. Bøggild;1
2. Østermarie;O;Dansk Folkeparti;Listestemmer;22
2. Østermarie;O;Dansk Folkeparti;Linda Kofoed Persson;27
2. Østermarie;O;Dansk Folkeparti;Renè Danielsson;207
2. Østermarie;O;Dansk Folkeparti;Sabine Nicoline Lyngberg;7
2. Østermarie;O;Dansk Folkeparti;Kim Jacobsen;0
2. Østermarie;O;Dansk Folkeparti;Jørn Westh;1
2. Østermarie;O;Dansk Folkeparti;Anders Hansen;1
2. Østermarie;O;Dansk Folkeparti;Michelle Weie;1
2. Østermarie;O;Dansk Folkeparti;Torben Kofod Ager;10
2. Østermarie;O;Dansk Folkeparti;Tonny Borrinjaland;1
2. Østermarie;V;Venstre, Danmarks Liberale Parti;Listestemmer;35
2. Østermarie;V;Venstre, Danmarks Liberale Parti;Søren Schow;64
2. Østermarie;V;Venstre, Danmarks Liberale Parti;Heidi Burgedahl;10
2. Østermarie;V;Venstre, Danmarks Liberale Parti;Michael Hendriksen;12
2. Østermarie;V;Venstre, Danmarks Liberale Parti;Maike Fiil;8
2. Østermarie;V;Venstre, Danmarks Liberale Parti;Brian Kofoed;17
2. Østermarie;V;Venstre, Danmarks Liberale Parti;Else Merete Knoop;1
2. Østermarie;V;Venstre, Danmarks Liberale Parti;Jens Haagensen;0
2. Østermarie;V;Venstre, Danmarks Liberale Parti;Lisbeth Riemann;1
2. Østermarie;V;Venstre, Danmarks Liberale Parti;Orla Hansen;8
2. Østermarie;V;Venstre, Danmarks Liberale Parti;Birthe Tindbæk Bredo;0
2. Østermarie;V;Venstre, Danmarks Liberale Parti;Jens Folkmann;3
2. Østermarie;V;Venstre, Danmarks Liberale Parti;Tom Idon Nielsen;1
2. Østermarie;V;Venstre, Danmarks Liberale Parti;Jannie Sauer;0
2. Østermarie;V;Venstre, Danmarks Liberale Parti;Kate Steen Hansen;4
2. Østermarie;V;Venstre, Danmarks Liberale Parti;Carsten Hæstrup;5
2. Østermarie;W;Bornholmerlisten;Listestemmer;10
2. Østermarie;W;Bornholmerlisten;Kirstine van Sabben;169
2. Østermarie;W;Bornholmerlisten;Eivind Madsen;5
2. Østermarie;W;Bornholmerlisten;Zille Thilde Vangsaa;8
2. Østermarie;W;Bornholmerlisten;Niels Henriksen;1
2. Østermarie;W;Bornholmerlisten;Bo Ancher Jensen;0
2. Østermarie;Ø;Enhedslisten - De Rød-Grønne;Listestemmer;57
2. Østermarie;Ø;Enhedslisten - De Rød-Grønne;Morten Riis;447
2. Østermarie;Ø;Enhedslisten - De Rød-Grønne;Helle Munk Ravnborg;26
2. Østermarie;Ø;Enhedslisten - De Rød-Grønne;Niclas Fick;6
2. Østermarie;Ø;Enhedslisten - De Rød-Grønne;Mikael Benzon;4
2. Østermarie;Ø;Enhedslisten - De Rød-Grønne;Laura Kofod;10
2. Østermarie;Ø;Enhedslisten - De Rød-Grønne;Stig Westermann;7
2. Østermarie;Ø;Enhedslisten - De Rød-Grønne;Sanne Friborg;1
2. Østermarie;Ø;Enhedslisten - De Rød-Grønne;Gunna Møller;3
2. Østermarie;Ø;Enhedslisten - De Rød-Grønne;Peter Andersen;3
2. Østermarie;Ø;Enhedslisten - De Rød-Grønne;Klaus Hermansen;0
2. Østermarie;Ø;Enhedslisten - De Rød-Grønne;Runa Jensen;0
2. Østermarie;Ø;Enhedslisten - De Rød-Grønne;Fridrik Adamsson;0
2. Østermarie;Å;Alternativet;Listestemmer;7
2. Østermarie;Å;Alternativet;Caroline Meyer White;28
2. Østermarie;Å;Alternativet;Katrine Bærendsen;2
2. Østermarie;Å;Alternativet;Tom Hjorth Grove;0
3. Svaneke;A;Socialdemokratiet;Listestemmer;31
3. Svaneke;A;Socialdemokratiet;Thomas Thors;28
3. Svaneke;A;Socialdemokratiet;Jonna Nielsen;10
3. Svaneke;A;Socialdemokratiet;Anne Jensen;5
3. Svaneke;A;Socialdemokratiet;Ole Rødvig;4
3. Svaneke;A;Socialdemokratiet;Claus Larsen-Jensen;10
3. Svaneke;A;Socialdemokratiet;Maria Fromseier Kjærgaard;11
3. Svaneke;A;Socialdemokratiet;Bente Helms;5
3. Svaneke;A;Socialdemokratiet;Kasper Flygare;9
3. Svaneke;A;Socialdemokratiet;Karen Lynn Jacobsen;32
3. Svaneke;A;Socialdemokratiet;Steen Frandsen;2
3. Svaneke;A;Socialdemokratiet;Lykke Jensen;2
3. Svaneke;A;Socialdemokratiet;Frank Granlyst;4
3. Svaneke;A;Socialdemokratiet;Per Ole Petersen;2
3. Svaneke;A;Socialdemokratiet;Kirsten Wendell;2
3. Svaneke;A;Socialdemokratiet;HC Holmstrand;3
3. Svaneke;A;Socialdemokratiet;Tommi H. Falk;1
3. Svaneke;A;Socialdemokratiet;Rebecca Douglas Elleby;2
3. Svaneke;A;Socialdemokratiet;Ronald Kofoed-Rasmussen;0
3. Svaneke;B;Radikale Venstre;Listestemmer;7
3. Svaneke;B;Radikale Venstre;Matilde Lissau;20
3. Svaneke;B;Radikale Venstre;João Møller;0
3. Svaneke;B;Radikale Venstre;David Christensen;2
3. Svaneke;B;Radikale Venstre;Gerd Lyng;0
3. Svaneke;B;Radikale Venstre;Niels Ebbesen;0
3. Svaneke;B;Radikale Venstre;Flemming West;0
3. Svaneke;C;Det Konservative Folkeparti;Listestemmer;21
3. Svaneke;C;Det Konservative Folkeparti;Jacob Trøst;130
3. Svaneke;C;Det Konservative Folkeparti;Iben Busch;25
3. Svaneke;C;Det Konservative Folkeparti;Mark Palmquist;3
3. Svaneke;C;Det Konservative Folkeparti;Flemming Sorth;2
3. Svaneke;C;Det Konservative Folkeparti;Ralf Skovgaard;1
3. Svaneke;C;Det Konservative Folkeparti;Anders Møller;2
3. Svaneke;D;Nye Borgerlige;Listestemmer;2
3. Svaneke;D;Nye Borgerlige;Gitte Frigioni;3
3. Svaneke;D;Nye Borgerlige;Charlotte Friberg Henriksen;0
3. Svaneke;D;Nye Borgerlige;Morten Hæstrup;1
3. Svaneke;D;Nye Borgerlige;Jens Rasmussen;1
3. Svaneke;D;Nye Borgerlige;Michael Bidstrup Nielsen;0
3. Svaneke;D;Nye Borgerlige;Kate Riis Cordsen;0
3. Svaneke;D;Nye Borgerlige;Anette B. Nielsen;0
3. Svaneke;F;SF - Socialistisk Folkeparti;Listestemmer;8
3. Svaneke;F;SF - Socialistisk Folkeparti;Leif Olsen;20
3. Svaneke;F;SF - Socialistisk Folkeparti;Joan Prahl Parente;16
3. Svaneke;F;SF - Socialistisk Folkeparti;Nikolaj Fjellerad;0
3. Svaneke;F;SF - Socialistisk Folkeparti;Bo Haxthausen;0
3. Svaneke;G;Veganerpartiet;Listestemmer;4
3. Svaneke;G;Veganerpartiet;Lærke Lina Skovbjerg;4
3. Svaneke;K;Kristendemokraterne;Listestemmer;7
3. Svaneke;K;Kristendemokraterne;Bjarne Hartung Kirkegaard, Allinge;24
3. Svaneke;K;Kristendemokraterne;Niels Chresten Andersen, Rønne;7
3. Svaneke;K;Kristendemokraterne;Maria Rosæfontanus, Nexø;0
3. Svaneke;K;Kristendemokraterne;Martin Pihl Sode, Knudsker;0
3. Svaneke;K;Kristendemokraterne;Signe Hartung Kjærby, Klemensker;0
3. Svaneke;K;Kristendemokraterne;Mogens Riis Pedersen, Ibsker;3
3. Svaneke;K;Kristendemokraterne;Filmon Solomun, Hasle;0
3. Svaneke;K;Kristendemokraterne;Hans Ole Bech, Aakirkeby;0
3. Svaneke;K;Kristendemokraterne;Hartvig Mumm, Nyker;0
3. Svaneke;L;Lavere skatter og afgifter;Listestemmer;0
3. Svaneke;L;Lavere skatter og afgifter;Martin Tidsvilde;0
3. Svaneke;L;Lavere skatter og afgifter;Henrik A. Bøggild;0
3. Svaneke;O;Dansk Folkeparti;Listestemmer;7
3. Svaneke;O;Dansk Folkeparti;Linda Kofoed Persson;10
3. Svaneke;O;Dansk Folkeparti;Renè Danielsson;64
3. Svaneke;O;Dansk Folkeparti;Sabine Nicoline Lyngberg;1
3. Svaneke;O;Dansk Folkeparti;Kim Jacobsen;0
3. Svaneke;O;Dansk Folkeparti;Jørn Westh;0
3. Svaneke;O;Dansk Folkeparti;Anders Hansen;0
3. Svaneke;O;Dansk Folkeparti;Michelle Weie;0
3. Svaneke;O;Dansk Folkeparti;Torben Kofod Ager;3
3. Svaneke;O;Dansk Folkeparti;Tonny Borrinjaland;1
3. Svaneke;V;Venstre, Danmarks Liberale Parti;Listestemmer;21
3. Svaneke;V;Venstre, Danmarks Liberale Parti;Søren Schow;64
3. Svaneke;V;Venstre, Danmarks Liberale Parti;Heidi Burgedahl;10
3. Svaneke;V;Venstre, Danmarks Liberale Parti;Michael Hendriksen;1
3. Svaneke;V;Venstre, Danmarks Liberale Parti;Maike Fiil;9
3. Svaneke;V;Venstre, Danmarks Liberale Parti;Brian Kofoed;17
3. Svaneke;V;Venstre, Danmarks Liberale Parti;Else Merete Knoop;0
3. Svaneke;V;Venstre, Danmarks Liberale Parti;Jens Haagensen;3
3. Svaneke;V;Venstre, Danmarks Liberale Parti;Lisbeth Riemann;1
3. Svaneke;V;Venstre, Danmarks Liberale Parti;Orla Hansen;1
3. Svaneke;V;Venstre, Danmarks Liberale Parti;Birthe Tindbæk Bredo;0
3. Svaneke;V;Venstre, Danmarks Liberale Parti;Jens Folkmann;0
3. Svaneke;V;Venstre, Danmarks Liberale Parti;Tom Idon Nielsen;0
3. Svaneke;V;Venstre, Danmarks Liberale Parti;Jannie Sauer;0
3. Svaneke;V;Venstre, Danmarks Liberale Parti;Kate Steen Hansen;0
3. Svaneke;V;Venstre, Danmarks Liberale Parti;Carsten Hæstrup;1
3. Svaneke;W;Bornholmerlisten;Listestemmer;6
3. Svaneke;W;Bornholmerlisten;Kirstine van Sabben;114
3. Svaneke;W;Bornholmerlisten;Eivind Madsen;8
3. Svaneke;W;Bornholmerlisten;Zille Thilde Vangsaa;1
3. Svaneke;W;Bornholmerlisten;Niels Henriksen;0
3. Svaneke;W;Bornholmerlisten;Bo Ancher Jensen;0
3. Svaneke;Ø;Enhedslisten - De Rød-Grønne;Listestemmer;64
3. Svaneke;Ø;Enhedslisten - De Rød-Grønne;Morten Riis;349
3. Svaneke;Ø;Enhedslisten - De Rød-Grønne;Helle Munk Ravnborg;24
3. Svaneke;Ø;Enhedslisten - De Rød-Grønne;Niclas Fick;4
3. Svaneke;Ø;Enhedslisten - De Rød-Grønne;Mikael Benzon;0
3. Svaneke;Ø;Enhedslisten - De Rød-Grønne;Laura Kofod;10
3. Svaneke;Ø;Enhedslisten - De Rød-Grønne;Stig Westermann;1
3. Svaneke;Ø;Enhedslisten - De Rød-Grønne;Sanne Friborg;3
3. Svaneke;Ø;Enhedslisten - De Rød-Grønne;Gunna Møller;6
3. Svaneke;Ø;Enhedslisten - De Rød-Grønne;Peter Andersen;0
3. Svaneke;Ø;Enhedslisten - De Rød-Grønne;Klaus Hermansen;1
3. Svaneke;Ø;Enhedslisten - De Rød-Grønne;Runa Jensen;1
3. Svaneke;Ø;Enhedslisten - De Rød-Grønne;Fridrik Adamsson;2
3. Svaneke;Å;Alternativet;Listestemmer;2
3. Svaneke;Å;Alternativet;Caroline Meyer White;31
3. Svaneke;Å;Alternativet;Katrine Bærendsen;2
3. Svaneke;Å;Alternativet;Tom Hjorth Grove;0
4. Nexø;A;Socialdemokratiet;Listestemmer;90
4. Nexø;A;Socialdemokratiet;Thomas Thors;33
4. Nexø;A;Socialdemokratiet;Jonna Nielsen;13
4. Nexø;A;Socialdemokratiet;Anne Jensen;8
4. Nexø;A;Socialdemokratiet;Ole Rødvig;55
4. Nexø;A;Socialdemokratiet;Claus Larsen-Jensen;34
4. Nexø;A;Socialdemokratiet;Maria Fromseier Kjærgaard;16
4. Nexø;A;Socialdemokratiet;Bente Helms;8
4. Nexø;A;Socialdemokratiet;Kasper Flygare;3
4. Nexø;A;Socialdemokratiet;Karen Lynn Jacobsen;21
4. Nexø;A;Socialdemokratiet;Steen Frandsen;3
4. Nexø;A;Socialdemokratiet;Lykke Jensen;13
4. Nexø;A;Socialdemokratiet;Frank Granlyst;5
4. Nexø;A;Socialdemokratiet;Per Ole Petersen;19
4. Nexø;A;Socialdemokratiet;Kirsten Wendell;0
4. Nexø;A;Socialdemokratiet;HC Holmstrand;0
4. Nexø;A;Socialdemokratiet;Tommi H. Falk;19
4. Nexø;A;Socialdemokratiet;Rebecca Douglas Elleby;4
4. Nexø;A;Socialdemokratiet;Ronald Kofoed-Rasmussen;3
4. Nexø;B;Radikale Venstre;Listestemmer;8
4. Nexø;B;Radikale Venstre;Matilde Lissau;41
4. Nexø;B;Radikale Venstre;João Møller;5
4. Nexø;B;Radikale Venstre;David Christensen;5
4. Nexø;B;Radikale Venstre;Gerd Lyng;0
4. Nexø;B;Radikale Venstre;Niels Ebbesen;1
4. Nexø;B;Radikale Venstre;Flemming West;1
4. Nexø;C;Det Konservative Folkeparti;Listestemmer;51
4. Nexø;C;Det Konservative Folkeparti;Jacob Trøst;186
4. Nexø;C;Det Konservative Folkeparti;Iben Busch;36
4. Nexø;C;Det Konservative Folkeparti;Mark Palmquist;1
4. Nexø;C;Det Konservative Folkeparti;Flemming Sorth;2
4. Nexø;C;Det Konservative Folkeparti;Ralf Skovgaard;3
4. Nexø;C;Det Konservative Folkeparti;Anders Møller;4
4. Nexø;D;Nye Borgerlige;Listestemmer;15
4. Nexø;D;Nye Borgerlige;Gitte Frigioni;17
4. Nexø;D;Nye Borgerlige;Charlotte Friberg Henriksen;1
4. Nexø;D;Nye Borgerlige;Morten Hæstrup;0
4. Nexø;D;Nye Borgerlige;Jens Rasmussen;3
4. Nexø;D;Nye Borgerlige;Michael Bidstrup Nielsen;2
4. Nexø;D;Nye Borgerlige;Kate Riis Cordsen;1
4. Nexø;D;Nye Borgerlige;Anette B. Nielsen;1
4. Nexø;F;SF - Socialistisk Folkeparti;Listestemmer;18
4. Nexø;F;SF - Socialistisk Folkeparti;Leif Olsen;34
4. Nexø;F;SF - Socialistisk Folkeparti;Joan Prahl Parente;15
4. Nexø;F;SF - Socialistisk Folkeparti;Nikolaj Fjellerad;2
4. Nexø;F;SF - Socialistisk Folkeparti;Bo Haxthausen;0
4. Nexø;G;Veganerpartiet;Listestemmer;3
4. Nexø;G;Veganerpartiet;Lærke Lina Skovbjerg;12
4. Nexø;K;Kristendemokraterne;Listestemmer;17
4. Nexø;K;Kristendemokraterne;Bjarne Hartung Kirkegaard, Allinge;56
4. Nexø;K;Kristendemokraterne;Niels Chresten Andersen, Rønne;18
4. Nexø;K;Kristendemokraterne;Maria Rosæfontanus, Nexø;2
4. Nexø;K;Kristendemokraterne;Martin Pihl Sode, Knudsker;1
4. Nexø;K;Kristendemokraterne;Signe Hartung Kjærby, Klemensker;3
4. Nexø;K;Kristendemokraterne;Mogens Riis Pedersen, Ibsker;3
4. Nexø;K;Kristendemokraterne;Filmon Solomun, Hasle;4
4. Nexø;K;Kristendemokraterne;Hans Ole Bech, Aakirkeby;3
4. Nexø;K;Kristendemokraterne;Hartvig Mumm, Nyker;3
4. Nexø;L;Lavere skatter og afgifter;Listestemmer;0
4. Nexø;L;Lavere skatter og afgifter;Martin Tidsvilde;3
4. Nexø;L;Lavere skatter og afgifter;Henrik A. Bøggild;0
4. Nexø;O;Dansk Folkeparti;Listestemmer;34
4. Nexø;O;Dansk Folkeparti;Linda Kofoed Persson;23
4. Nexø;O;Dansk Folkeparti;Renè Danielsson;286
4. Nexø;O;Dansk Folkeparti;Sabine Nicoline Lyngberg;4
4. Nexø;O;Dansk Folkeparti;Kim Jacobsen;1
4. Nexø;O;Dansk Folkeparti;Jørn Westh;0
4. Nexø;O;Dansk Folkeparti;Anders Hansen;1
4. Nexø;O;Dansk Folkeparti;Michelle Weie;8
4. Nexø;O;Dansk Folkeparti;Torben Kofod Ager;11
4. Nexø;O;Dansk Folkeparti;Tonny Borrinjaland;3
4. Nexø;V;Venstre, Danmarks Liberale Parti;Listestemmer;47
4. Nexø;V;Venstre, Danmarks Liberale Parti;Søren Schow;132
4. Nexø;V;Venstre, Danmarks Liberale Parti;Heidi Burgedahl;11
4. Nexø;V;Venstre, Danmarks Liberale Parti;Michael Hendriksen;8
4. Nexø;V;Venstre, Danmarks Liberale Parti;Maike Fiil;3
4. Nexø;V;Venstre, Danmarks Liberale Parti;Brian Kofoed;10
4. Nexø;V;Venstre, Danmarks Liberale Parti;Else Merete Knoop;5
4. Nexø;V;Venstre, Danmarks Liberale Parti;Jens Haagensen;17
4. Nexø;V;Venstre, Danmarks Liberale Parti;Lisbeth Riemann;3
4. Nexø;V;Venstre, Danmarks Liberale Parti;Orla Hansen;1
4. Nexø;V;Venstre, Danmarks Liberale Parti;Birthe Tindbæk Bredo;6
4. Nexø;V;Venstre, Danmarks Liberale Parti;Jens Folkmann;0
4. Nexø;V;Venstre, Danmarks Liberale Parti;Tom Idon Nielsen;0
4. Nexø;V;Venstre, Danmarks Liberale Parti;Jannie Sauer;0
4. Nexø;V;Venstre, Danmarks Liberale Parti;Kate Steen Hansen;0
4. Nexø;V;Venstre, Danmarks Liberale Parti;Carsten Hæstrup;6
4. Nexø;W;Bornholmerlisten;Listestemmer;15
4. Nexø;W;Bornholmerlisten;Kirstine van Sabben;308
4. Nexø;W;Bornholmerlisten;Eivind Madsen;7
4. Nexø;W;Bornholmerlisten;Zille Thilde Vangsaa;9
4. Nexø;W;Bornholmerlisten;Niels Henriksen;2
4. Nexø;W;Bornholmerlisten;Bo Ancher Jensen;5
4. Nexø;Ø;Enhedslisten - De Rød-Grønne;Listestemmer;79
4. Nexø;Ø;Enhedslisten - De Rød-Grønne;Morten Riis;544
4. Nexø;Ø;Enhedslisten - De Rød-Grønne;Helle Munk Ravnborg;8
4. Nexø;Ø;Enhedslisten - De Rød-Grønne;Niclas Fick;3
4. Nexø;Ø;Enhedslisten - De Rød-Grønne;Mikael Benzon;2
4. Nexø;Ø;Enhedslisten - De Rød-Grønne;Laura Kofod;13
4. Nexø;Ø;Enhedslisten - De Rød-Grønne;Stig Westermann;1
4. Nexø;Ø;Enhedslisten - De Rød-Grønne;Sanne Friborg;4
4. Nexø;Ø;Enhedslisten - De Rød-Grønne;Gunna Møller;1
4. Nexø;Ø;Enhedslisten - De Rød-Grønne;Peter Andersen;0
4. Nexø;Ø;Enhedslisten - De Rød-Grønne;Klaus Hermansen;9
4. Nexø;Ø;Enhedslisten - De Rød-Grønne;Runa Jensen;0
4. Nexø;Ø;Enhedslisten - De Rød-Grønne;Fridrik Adamsson;0
4. Nexø;Å;Alternativet;Listestemmer;4
4. Nexø;Å;Alternativet;Caroline Meyer White;40
4. Nexø;Å;Alternativet;Katrine Bærendsen;3
4. Nexø;Å;Alternativet;Tom Hjorth Grove;0
5. Pedersker;A;Socialdemokratiet;Listestemmer;23
5. Pedersker;A;Socialdemokratiet;Thomas Thors;14
5. Pedersker;A;Socialdemokratiet;Jonna Nielsen;2
5. Pedersker;A;Socialdemokratiet;Anne Jensen;7
5. Pedersker;A;Socialdemokratiet;Ole Rødvig;7
5. Pedersker;A;Socialdemokratiet;Claus Larsen-Jensen;29
5. Pedersker;A;Socialdemokratiet;Maria Fromseier Kjærgaard;8
5. Pedersker;A;Socialdemokratiet;Bente Helms;5
5. Pedersker;A;Socialdemokratiet;Kasper Flygare;2
5. Pedersker;A;Socialdemokratiet;Karen Lynn Jacobsen;5
5. Pedersker;A;Socialdemokratiet;Steen Frandsen;2
5. Pedersker;A;Socialdemokratiet;Lykke Jensen;3
5. Pedersker;A;Socialdemokratiet;Frank Granlyst;6
5. Pedersker;A;Socialdemokratiet;Per Ole Petersen;3
5. Pedersker;A;Socialdemokratiet;Kirsten Wendell;0
5. Pedersker;A;Socialdemokratiet;HC Holmstrand;3
5. Pedersker;A;Socialdemokratiet;Tommi H. Falk;0
5. Pedersker;A;Socialdemokratiet;Rebecca Douglas Elleby;4
5. Pedersker;A;Socialdemokratiet;Ronald Kofoed-Rasmussen;0
5. Pedersker;B;Radikale Venstre;Listestemmer;3
5. Pedersker;B;Radikale Venstre;Matilde Lissau;26
5. Pedersker;B;Radikale Venstre;João Møller;1
5. Pedersker;B;Radikale Venstre;David Christensen;3
5. Pedersker;B;Radikale Venstre;Gerd Lyng;0
5. Pedersker;B;Radikale Venstre;Niels Ebbesen;0
5. Pedersker;B;Radikale Venstre;Flemming West;1
5. Pedersker;C;Det Konservative Folkeparti;Listestemmer;13
5. Pedersker;C;Det Konservative Folkeparti;Jacob Trøst;94
5. Pedersker;C;Det Konservative Folkeparti;Iben Busch;17
5. Pedersker;C;Det Konservative Folkeparti;Mark Palmquist;1
5. Pedersker;C;Det Konservative Folkeparti;Flemming Sorth;0
5. Pedersker;C;Det Konservative Folkeparti;Ralf Skovgaard;1
5. Pedersker;C;Det Konservative Folkeparti;Anders Møller;0
5. Pedersker;D;Nye Borgerlige;Listestemmer;11
5. Pedersker;D;Nye Borgerlige;Gitte Frigioni;8
5. Pedersker;D;Nye Borgerlige;Charlotte Friberg Henriksen;1
5. Pedersker;D;Nye Borgerlige;Morten Hæstrup;0
5. Pedersker;D;Nye Borgerlige;Jens Rasmussen;0
5. Pedersker;D;Nye Borgerlige;Michael Bidstrup Nielsen;1
5. Pedersker;D;Nye Borgerlige;Kate Riis Cordsen;0
5. Pedersker;D;Nye Borgerlige;Anette B. Nielsen;0
5. Pedersker;F;SF - Socialistisk Folkeparti;Listestemmer;9
5. Pedersker;F;SF - Socialistisk Folkeparti;Leif Olsen;12
5. Pedersker;F;SF - Socialistisk Folkeparti;Joan Prahl Parente;6
5. Pedersker;F;SF - Socialistisk Folkeparti;Nikolaj Fjellerad;0
5. Pedersker;F;SF - Socialistisk Folkeparti;Bo Haxthausen;0
5. Pedersker;G;Veganerpartiet;Listestemmer;4
5. Pedersker;G;Veganerpartiet;Lærke Lina Skovbjerg;1
5. Pedersker;K;Kristendemokraterne;Listestemmer;14
5. Pedersker;K;Kristendemokraterne;Bjarne Hartung Kirkegaard, Allinge;29
5. Pedersker;K;Kristendemokraterne;Niels Chresten Andersen, Rønne;5
5. Pedersker;K;Kristendemokraterne;Maria Rosæfontanus, Nexø;2
5. Pedersker;K;Kristendemokraterne;Martin Pihl Sode, Knudsker;1
5. Pedersker;K;Kristendemokraterne;Signe Hartung Kjærby, Klemensker;0
5. Pedersker;K;Kristendemokraterne;Mogens Riis Pedersen, Ibsker;1
5. Pedersker;K;Kristendemokraterne;Filmon Solomun, Hasle;0
5. Pedersker;K;Kristendemokraterne;Hans Ole Bech, Aakirkeby;3
5. Pedersker;K;Kristendemokraterne;Hartvig Mumm, Nyker;0
5. Pedersker;L;Lavere skatter og afgifter;Listestemmer;0
5. Pedersker;L;Lavere skatter og afgifter;Martin Tidsvilde;1
5. Pedersker;L;Lavere skatter og afgifter;Henrik A. Bøggild;0
5. Pedersker;O;Dansk Folkeparti;Listestemmer;17
5. Pedersker;O;Dansk Folkeparti;Linda Kofoed Persson;14
5. Pedersker;O;Dansk Folkeparti;Renè Danielsson;138
5. Pedersker;O;Dansk Folkeparti;Sabine Nicoline Lyngberg;6
5. Pedersker;O;Dansk Folkeparti;Kim Jacobsen;1
5. Pedersker;O;Dansk Folkeparti;Jørn Westh;0
5. Pedersker;O;Dansk Folkeparti;Anders Hansen;0
5. Pedersker;O;Dansk Folkeparti;Michelle Weie;1
5. Pedersker;O;Dansk Folkeparti;Torben Kofod Ager;7
5. Pedersker;O;Dansk Folkeparti;Tonny Borrinjaland;0
5. Pedersker;V;Venstre, Danmarks Liberale Parti;Listestemmer;26
5. Pedersker;V;Venstre, Danmarks Liberale Parti;Søren Schow;72
5. Pedersker;V;Venstre, Danmarks Liberale Parti;Heidi Burgedahl;8
5. Pedersker;V;Venstre, Danmarks Liberale Parti;Michael Hendriksen;3
5. Pedersker;V;Venstre, Danmarks Liberale Parti;Maike Fiil;7
5. Pedersker;V;Venstre, Danmarks Liberale Parti;Brian Kofoed;11
5. Pedersker;V;Venstre, Danmarks Liberale Parti;Else Merete Knoop;0
5. Pedersker;V;Venstre, Danmarks Liberale Parti;Jens Haagensen;5
5. Pedersker;V;Venstre, Danmarks Liberale Parti;Lisbeth Riemann;0
5. Pedersker;V;Venstre, Danmarks Liberale Parti;Orla Hansen;7
5. Pedersker;V;Venstre, Danmarks Liberale Parti;Birthe Tindbæk Bredo;2
5. Pedersker;V;Venstre, Danmarks Liberale Parti;Jens Folkmann;0
5. Pedersker;V;Venstre, Danmarks Liberale Parti;Tom Idon Nielsen;0
5. Pedersker;V;Venstre, Danmarks Liberale Parti;Jannie Sauer;1
5. Pedersker;V;Venstre, Danmarks Liberale Parti;Kate Steen Hansen;0
5. Pedersker;V;Venstre, Danmarks Liberale Parti;Carsten Hæstrup;2
5. Pedersker;W;Bornholmerlisten;Listestemmer;7
5. Pedersker;W;Bornholmerlisten;Kirstine van Sabben;137
5. Pedersker;W;Bornholmerlisten;Eivind Madsen;2
5. Pedersker;W;Bornholmerlisten;Zille Thilde Vangsaa;4
5. Pedersker;W;Bornholmerlisten;Niels Henriksen;0
5. Pedersker;W;Bornholmerlisten;Bo Ancher Jensen;3
5. Pedersker;Ø;Enhedslisten - De Rød-Grønne;Listestemmer;26
5. Pedersker;Ø;Enhedslisten - De Rød-Grønne;Morten Riis;155
5. Pedersker;Ø;Enhedslisten - De Rød-Grønne;Helle Munk Ravnborg;5
5. Pedersker;Ø;Enhedslisten - De Rød-Grønne;Niclas Fick;3
5. Pedersker;Ø;Enhedslisten - De Rød-Grønne;Mikael Benzon;0
5. Pedersker;Ø;Enhedslisten - De Rød-Grønne;Laura Kofod;4
5. Pedersker;Ø;Enhedslisten - De Rød-Grønne;Stig Westermann;1
5. Pedersker;Ø;Enhedslisten - De Rød-Grønne;Sanne Friborg;0
5. Pedersker;Ø;Enhedslisten - De Rød-Grønne;Gunna Møller;0
5. Pedersker;Ø;Enhedslisten - De Rød-Grønne;Peter Andersen;1
5. Pedersker;Ø;Enhedslisten - De Rød-Grønne;Klaus Hermansen;0
5. Pedersker;Ø;Enhedslisten - De Rød-Grønne;Runa Jensen;0
5. Pedersker;Ø;Enhedslisten - De Rød-Grønne;Fridrik Adamsson;0
5. Pedersker;Å;Alternativet;Listestemmer;2
5. Pedersker;Å;Alternativet;Caroline Meyer White;15
5. Pedersker;Å;Alternativet;Katrine Bærendsen;1
5. Pedersker;Å;Alternativet;Tom Hjorth Grove;0
6. Aakirkeby;A;Socialdemokratiet;Listestemmer;113
6. Aakirkeby;A;Socialdemokratiet;Thomas Thors;76
6. Aakirkeby;A;Socialdemokratiet;Jonna Nielsen;47
6. Aakirkeby;A;Socialdemokratiet;Anne Jensen;27
6. Aakirkeby;A;Socialdemokratiet;Ole Rødvig;12
6. Aakirkeby;A;Socialdemokratiet;Claus Larsen-Jensen;48
6. Aakirkeby;A;Socialdemokratiet;Maria Fromseier Kjærgaard;41
6. Aakirkeby;A;Socialdemokratiet;Bente Helms;11
6. Aakirkeby;A;Socialdemokratiet;Kasper Flygare;10
6. Aakirkeby;A;Socialdemokratiet;Karen Lynn Jacobsen;22
6. Aakirkeby;A;Socialdemokratiet;Steen Frandsen;7
6. Aakirkeby;A;Socialdemokratiet;Lykke Jensen;4
6. Aakirkeby;A;Socialdemokratiet;Frank Granlyst;1
6. Aakirkeby;A;Socialdemokratiet;Per Ole Petersen;0
6. Aakirkeby;A;Socialdemokratiet;Kirsten Wendell;9
6. Aakirkeby;A;Socialdemokratiet;HC Holmstrand;5
6. Aakirkeby;A;Socialdemokratiet;Tommi H. Falk;2
6. Aakirkeby;A;Socialdemokratiet;Rebecca Douglas Elleby;6
6. Aakirkeby;A;Socialdemokratiet;Ronald Kofoed-Rasmussen;6
6. Aakirkeby;B;Radikale Venstre;Listestemmer;14
6. Aakirkeby;B;Radikale Venstre;Matilde Lissau;25
6. Aakirkeby;B;Radikale Venstre;João Møller;6
6. Aakirkeby;B;Radikale Venstre;David Christensen;2
6. Aakirkeby;B;Radikale Venstre;Gerd Lyng;1
6. Aakirkeby;B;Radikale Venstre;Niels Ebbesen;1
6. Aakirkeby;B;Radikale Venstre;Flemming West;1
6. Aakirkeby;C;Det Konservative Folkeparti;Listestemmer;38
6. Aakirkeby;C;Det Konservative Folkeparti;Jacob Trøst;276
6. Aakirkeby;C;Det Konservative Folkeparti;Iben Busch;59
6. Aakirkeby;C;Det Konservative Folkeparti;Mark Palmquist;4
6. Aakirkeby;C;Det Konservative Folkeparti;Flemming Sorth;0
6. Aakirkeby;C;Det Konservative Folkeparti;Ralf Skovgaard;3
6. Aakirkeby;C;Det Konservative Folkeparti;Anders Møller;1
6. Aakirkeby;D;Nye Borgerlige;Listestemmer;17
6. Aakirkeby;D;Nye Borgerlige;Gitte Frigioni;44
6. Aakirkeby;D;Nye Borgerlige;Charlotte Friberg Henriksen;4
6. Aakirkeby;D;Nye Borgerlige;Morten Hæstrup;1
6. Aakirkeby;D;Nye Borgerlige;Jens Rasmussen;0
6. Aakirkeby;D;Nye Borgerlige;Michael Bidstrup Nielsen;3
6. Aakirkeby;D;Nye Borgerlige;Kate Riis Cordsen;0
6. Aakirkeby;D;Nye Borgerlige;Anette B. Nielsen;0
6. Aakirkeby;F;SF - Socialistisk Folkeparti;Listestemmer;17
6. Aakirkeby;F;SF - Socialistisk Folkeparti;Leif Olsen;33
6. Aakirkeby;F;SF - Socialistisk Folkeparti;Joan Prahl Parente;23
6. Aakirkeby;F;SF - Socialistisk Folkeparti;Nikolaj Fjellerad;2
6. Aakirkeby;F;SF - Socialistisk Folkeparti;Bo Haxthausen;3
6. Aakirkeby;G;Veganerpartiet;Listestemmer;4
6. Aakirkeby;G;Veganerpartiet;Lærke Lina Skovbjerg;10
6. Aakirkeby;K;Kristendemokraterne;Listestemmer;28
6. Aakirkeby;K;Kristendemokraterne;Bjarne Hartung Kirkegaard, Allinge;104
6. Aakirkeby;K;Kristendemokraterne;Niels Chresten Andersen, Rønne;17
6. Aakirkeby;K;Kristendemokraterne;Maria Rosæfontanus, Nexø;1
6. Aakirkeby;K;Kristendemokraterne;Martin Pihl Sode, Knudsker;7
6. Aakirkeby;K;Kristendemokraterne;Signe Hartung Kjærby, Klemensker;11
6. Aakirkeby;K;Kristendemokraterne;Mogens Riis Pedersen, Ibsker;3
6. Aakirkeby;K;Kristendemokraterne;Filmon Solomun, Hasle;8
6. Aakirkeby;K;Kristendemokraterne;Hans Ole Bech, Aakirkeby;9
6. Aakirkeby;K;Kristendemokraterne;Hartvig Mumm, Nyker;0
6. Aakirkeby;L;Lavere skatter og afgifter;Listestemmer;4
6. Aakirkeby;L;Lavere skatter og afgifter;Martin Tidsvilde;4
6. Aakirkeby;L;Lavere skatter og afgifter;Henrik A. Bøggild;1
6. Aakirkeby;O;Dansk Folkeparti;Listestemmer;46
6. Aakirkeby;O;Dansk Folkeparti;Linda Kofoed Persson;45
6. Aakirkeby;O;Dansk Folkeparti;Renè Danielsson;425
6. Aakirkeby;O;Dansk Folkeparti;Sabine Nicoline Lyngberg;10
6. Aakirkeby;O;Dansk Folkeparti;Kim Jacobsen;0
6. Aakirkeby;O;Dansk Folkeparti;Jørn Westh;8
6. Aakirkeby;O;Dansk Folkeparti;Anders Hansen;1
6. Aakirkeby;O;Dansk Folkeparti;Michelle Weie;8
6. Aakirkeby;O;Dansk Folkeparti;Torben Kofod Ager;27
6. Aakirkeby;O;Dansk Folkeparti;Tonny Borrinjaland;1
6. Aakirkeby;V;Venstre, Danmarks Liberale Parti;Listestemmer;69
6. Aakirkeby;V;Venstre, Danmarks Liberale Parti;Søren Schow;110
6. Aakirkeby;V;Venstre, Danmarks Liberale Parti;Heidi Burgedahl;30
6. Aakirkeby;V;Venstre, Danmarks Liberale Parti;Michael Hendriksen;32
6. Aakirkeby;V;Venstre, Danmarks Liberale Parti;Maike Fiil;14
6. Aakirkeby;V;Venstre, Danmarks Liberale Parti;Brian Kofoed;43
6. Aakirkeby;V;Venstre, Danmarks Liberale Parti;Else Merete Knoop;9
6. Aakirkeby;V;Venstre, Danmarks Liberale Parti;Jens Haagensen;0
6. Aakirkeby;V;Venstre, Danmarks Liberale Parti;Lisbeth Riemann;0
6. Aakirkeby;V;Venstre, Danmarks Liberale Parti;Orla Hansen;16
6. Aakirkeby;V;Venstre, Danmarks Liberale Parti;Birthe Tindbæk Bredo;3
6. Aakirkeby;V;Venstre, Danmarks Liberale Parti;Jens Folkmann;10
6. Aakirkeby;V;Venstre, Danmarks Liberale Parti;Tom Idon Nielsen;0
6. Aakirkeby;V;Venstre, Danmarks Liberale Parti;Jannie Sauer;2
6. Aakirkeby;V;Venstre, Danmarks Liberale Parti;Kate Steen Hansen;3
6. Aakirkeby;V;Venstre, Danmarks Liberale Parti;Carsten Hæstrup;2
6. Aakirkeby;W;Bornholmerlisten;Listestemmer;19
6. Aakirkeby;W;Bornholmerlisten;Kirstine van Sabben;348
6. Aakirkeby;W;Bornholmerlisten;Eivind Madsen;3
6. Aakirkeby;W;Bornholmerlisten;Zille Thilde Vangsaa;12
6. Aakirkeby;W;Bornholmerlisten;Niels Henriksen;2
6. Aakirkeby;W;Bornholmerlisten;Bo Ancher Jensen;2
6. Aakirkeby;Ø;Enhedslisten - De Rød-Grønne;Listestemmer;68
6. Aakirkeby;Ø;Enhedslisten - De Rød-Grønne;Morten Riis;421
6. Aakirkeby;Ø;Enhedslisten - De Rød-Grønne;Helle Munk Ravnborg;9
6. Aakirkeby;Ø;Enhedslisten - De Rød-Grønne;Niclas Fick;28
6. Aakirkeby;Ø;Enhedslisten - De Rød-Grønne;Mikael Benzon;1
6. Aakirkeby;Ø;Enhedslisten - De Rød-Grønne;Laura Kofod;15
6. Aakirkeby;Ø;Enhedslisten - De Rød-Grønne;Stig Westermann;3
6. Aakirkeby;Ø;Enhedslisten - De Rød-Grønne;Sanne Friborg;2
6. Aakirkeby;Ø;Enhedslisten - De Rød-Grønne;Gunna Møller;0
6. Aakirkeby;Ø;Enhedslisten - De Rød-Grønne;Peter Andersen;1
6. Aakirkeby;Ø;Enhedslisten - De Rød-Grønne;Klaus Hermansen;3
6. Aakirkeby;Ø;Enhedslisten - De Rød-Grønne;Runa Jensen;0
6. Aakirkeby;Ø;Enhedslisten - De Rød-Grønne;Fridrik Adamsson;1
6. Aakirkeby;Å;Alternativet;Listestemmer;9
6. Aakirkeby;Å;Alternativet;Caroline Meyer White;42
6. Aakirkeby;Å;Alternativet;Katrine Bærendsen;4
6. Aakirkeby;Å;Alternativet;Tom Hjorth Grove;0
7. Klemensker;A;Socialdemokratiet;Listestemmer;51
7. Klemensker;A;Socialdemokratiet;Thomas Thors;24
7. Klemensker;A;Socialdemokratiet;Jonna Nielsen;7
7. Klemensker;A;Socialdemokratiet;Anne Jensen;11
7. Klemensker;A;Socialdemokratiet;Ole Rødvig;4
7. Klemensker;A;Socialdemokratiet;Claus Larsen-Jensen;14
7. Klemensker;A;Socialdemokratiet;Maria Fromseier Kjærgaard;17
7. Klemensker;A;Socialdemokratiet;Bente Helms;21
7. Klemensker;A;Socialdemokratiet;Kasper Flygare;2
7. Klemensker;A;Socialdemokratiet;Karen Lynn Jacobsen;2
7. Klemensker;A;Socialdemokratiet;Steen Frandsen;4
7. Klemensker;A;Socialdemokratiet;Lykke Jensen;2
7. Klemensker;A;Socialdemokratiet;Frank Granlyst;1
7. Klemensker;A;Socialdemokratiet;Per Ole Petersen;2
7. Klemensker;A;Socialdemokratiet;Kirsten Wendell;3
7. Klemensker;A;Socialdemokratiet;HC Holmstrand;0
7. Klemensker;A;Socialdemokratiet;Tommi H. Falk;1
7. Klemensker;A;Socialdemokratiet;Rebecca Douglas Elleby;2
7. Klemensker;A;Socialdemokratiet;Ronald Kofoed-Rasmussen;0
7. Klemensker;B;Radikale Venstre;Listestemmer;1
7. Klemensker;B;Radikale Venstre;Matilde Lissau;10
7. Klemensker;B;Radikale Venstre;João Møller;2
7. Klemensker;B;Radikale Venstre;David Christensen;1
7. Klemensker;B;Radikale Venstre;Gerd Lyng;0
7. Klemensker;B;Radikale Venstre;Niels Ebbesen;0
7. Klemensker;B;Radikale Venstre;Flemming West;0
7. Klemensker;C;Det Konservative Folkeparti;Listestemmer;18
7. Klemensker;C;Det Konservative Folkeparti;Jacob Trøst;110
7. Klemensker;C;Det Konservative Folkeparti;Iben Busch;32
7. Klemensker;C;Det Konservative Folkeparti;Mark Palmquist;0
7. Klemensker;C;Det Konservative Folkeparti;Flemming Sorth;1
7. Klemensker;C;Det Konservative Folkeparti;Ralf Skovgaard;3
7. Klemensker;C;Det Konservative Folkeparti;Anders Møller;0
7. Klemensker;D;Nye Borgerlige;Listestemmer;10
7. Klemensker;D;Nye Borgerlige;Gitte Frigioni;11
7. Klemensker;D;Nye Borgerlige;Charlotte Friberg Henriksen;1
7. Klemensker;D;Nye Borgerlige;Morten Hæstrup;1
7. Klemensker;D;Nye Borgerlige;Jens Rasmussen;1
7. Klemensker;D;Nye Borgerlige;Michael Bidstrup Nielsen;5
7. Klemensker;D;Nye Borgerlige;Kate Riis Cordsen;1
7. Klemensker;D;Nye Borgerlige;Anette B. Nielsen;0
7. Klemensker;F;SF - Socialistisk Folkeparti;Listestemmer;4
7. Klemensker;F;SF - Socialistisk Folkeparti;Leif Olsen;9
7. Klemensker;F;SF - Socialistisk Folkeparti;Joan Prahl Parente;10
7. Klemensker;F;SF - Socialistisk Folkeparti;Nikolaj Fjellerad;0
7. Klemensker;F;SF - Socialistisk Folkeparti;Bo Haxthausen;2
7. Klemensker;G;Veganerpartiet;Listestemmer;7
7. Klemensker;G;Veganerpartiet;Lærke Lina Skovbjerg;8
7. Klemensker;K;Kristendemokraterne;Listestemmer;12
7. Klemensker;K;Kristendemokraterne;Bjarne Hartung Kirkegaard, Allinge;43
7. Klemensker;K;Kristendemokraterne;Niels Chresten Andersen, Rønne;4
7. Klemensker;K;Kristendemokraterne;Maria Rosæfontanus, Nexø;0
7. Klemensker;K;Kristendemokraterne;Martin Pihl Sode, Knudsker;1
7. Klemensker;K;Kristendemokraterne;Signe Hartung Kjærby, Klemensker;3
7. Klemensker;K;Kristendemokraterne;Mogens Riis Pedersen, Ibsker;0
7. Klemensker;K;Kristendemokraterne;Filmon Solomun, Hasle;0
7. Klemensker;K;Kristendemokraterne;Hans Ole Bech, Aakirkeby;1
7. Klemensker;K;Kristendemokraterne;Hartvig Mumm, Nyker;3
7. Klemensker;L;Lavere skatter og afgifter;Listestemmer;3
7. Klemensker;L;Lavere skatter og afgifter;Martin Tidsvilde;3
7. Klemensker;L;Lavere skatter og afgifter;Henrik A. Bøggild;1
7. Klemensker;O;Dansk Folkeparti;Listestemmer;19
7. Klemensker;O;Dansk Folkeparti;Linda Kofoed Persson;32
7. Klemensker;O;Dansk Folkeparti;Renè Danielsson;314
7. Klemensker;O;Dansk Folkeparti;Sabine Nicoline Lyngberg;11
7. Klemensker;O;Dansk Folkeparti;Kim Jacobsen;3
7. Klemensker;O;Dansk Folkeparti;Jørn Westh;0
7. Klemensker;O;Dansk Folkeparti;Anders Hansen;0
7. Klemensker;O;Dansk Folkeparti;Michelle Weie;1
7. Klemensker;O;Dansk Folkeparti;Torben Kofod Ager;9
7. Klemensker;O;Dansk Folkeparti;Tonny Borrinjaland;2
7. Klemensker;V;Venstre, Danmarks Liberale Parti;Listestemmer;25
7. Klemensker;V;Venstre, Danmarks Liberale Parti;Søren Schow;35
7. Klemensker;V;Venstre, Danmarks Liberale Parti;Heidi Burgedahl;16
7. Klemensker;V;Venstre, Danmarks Liberale Parti;Michael Hendriksen;38
7. Klemensker;V;Venstre, Danmarks Liberale Parti;Maike Fiil;8
7. Klemensker;V;Venstre, Danmarks Liberale Parti;Brian Kofoed;37
7. Klemensker;V;Venstre, Danmarks Liberale Parti;Else Merete Knoop;4
7. Klemensker;V;Venstre, Danmarks Liberale Parti;Jens Haagensen;1
7. Klemensker;V;Venstre, Danmarks Liberale Parti;Lisbeth Riemann;0
7. Klemensker;V;Venstre, Danmarks Liberale Parti;Orla Hansen;4
7. Klemensker;V;Venstre, Danmarks Liberale Parti;Birthe Tindbæk Bredo;0
7. Klemensker;V;Venstre, Danmarks Liberale Parti;Jens Folkmann;2
7. Klemensker;V;Venstre, Danmarks Liberale Parti;Tom Idon Nielsen;0
7. Klemensker;V;Venstre, Danmarks Liberale Parti;Jannie Sauer;0
7. Klemensker;V;Venstre, Danmarks Liberale Parti;Kate Steen Hansen;1
7. Klemensker;V;Venstre, Danmarks Liberale Parti;Carsten Hæstrup;4
7. Klemensker;W;Bornholmerlisten;Listestemmer;13
7. Klemensker;W;Bornholmerlisten;Kirstine van Sabben;185
7. Klemensker;W;Bornholmerlisten;Eivind Madsen;2
7. Klemensker;W;Bornholmerlisten;Zille Thilde Vangsaa;6
7. Klemensker;W;Bornholmerlisten;Niels Henriksen;2
7. Klemensker;W;Bornholmerlisten;Bo Ancher Jensen;1
7. Klemensker;Ø;Enhedslisten - De Rød-Grønne;Listestemmer;35
7. Klemensker;Ø;Enhedslisten - De Rød-Grønne;Morten Riis;207
7. Klemensker;Ø;Enhedslisten - De Rød-Grønne;Helle Munk Ravnborg;6
7. Klemensker;Ø;Enhedslisten - De Rød-Grønne;Niclas Fick;2
7. Klemensker;Ø;Enhedslisten - De Rød-Grønne;Mikael Benzon;2
7. Klemensker;Ø;Enhedslisten - De Rød-Grønne;Laura Kofod;7
7. Klemensker;Ø;Enhedslisten - De Rød-Grønne;Stig Westermann;2
7. Klemensker;Ø;Enhedslisten - De Rød-Grønne;Sanne Friborg;1
7. Klemensker;Ø;Enhedslisten - De Rød-Grønne;Gunna Møller;0
7. Klemensker;Ø;Enhedslisten - De Rød-Grønne;Peter Andersen;2
7. Klemensker;Ø;Enhedslisten - De Rød-Grønne;Klaus Hermansen;1
7. Klemensker;Ø;Enhedslisten - De Rød-Grønne;Runa Jensen;0
7. Klemensker;Ø;Enhedslisten - De Rød-Grønne;Fridrik Adamsson;0
7. Klemensker;Å;Alternativet;Listestemmer;4
7. Klemensker;Å;Alternativet;Caroline Meyer White;20
7. Klemensker;Å;Alternativet;Katrine Bærendsen;2
7. Klemensker;Å;Alternativet;Tom Hjorth Grove;0
8. Rønne;A;Socialdemokratiet;Listestemmer;397
8. Rønne;A;Socialdemokratiet;Thomas Thors;448
8. Rønne;A;Socialdemokratiet;Jonna Nielsen;118
8. Rønne;A;Socialdemokratiet;Anne Jensen;47
8. Rønne;A;Socialdemokratiet;Ole Rødvig;20
8. Rønne;A;Socialdemokratiet;Claus Larsen-Jensen;118
8. Rønne;A;Socialdemokratiet;Maria Fromseier Kjærgaard;161
8. Rønne;A;Socialdemokratiet;Bente Helms;40
8. Rønne;A;Socialdemokratiet;Kasper Flygare;61
8. Rønne;A;Socialdemokratiet;Karen Lynn Jacobsen;50
8. Rønne;A;Socialdemokratiet;Steen Frandsen;33
8. Rønne;A;Socialdemokratiet;Lykke Jensen;12
8. Rønne;A;Socialdemokratiet;Frank Granlyst;16
8. Rønne;A;Socialdemokratiet;Per Ole Petersen;4
8. Rønne;A;Socialdemokratiet;Kirsten Wendell;97
8. Rønne;A;Socialdemokratiet;HC Holmstrand;3
8. Rønne;A;Socialdemokratiet;Tommi H. Falk;12
8. Rønne;A;Socialdemokratiet;Rebecca Douglas Elleby;14
8. Rønne;A;Socialdemokratiet;Ronald Kofoed-Rasmussen;1
8. Rønne;B;Radikale Venstre;Listestemmer;45
8. Rønne;B;Radikale Venstre;Matilde Lissau;62
8. Rønne;B;Radikale Venstre;João Møller;8
8. Rønne;B;Radikale Venstre;David Christensen;10
8. Rønne;B;Radikale Venstre;Gerd Lyng;12
8. Rønne;B;Radikale Venstre;Niels Ebbesen;3
8. Rønne;B;Radikale Venstre;Flemming West;0
8. Rønne;C;Det Konservative Folkeparti;Listestemmer;132
8. Rønne;C;Det Konservative Folkeparti;Jacob Trøst;789
8. Rønne;C;Det Konservative Folkeparti;Iben Busch;195
8. Rønne;C;Det Konservative Folkeparti;Mark Palmquist;10
8. Rønne;C;Det Konservative Folkeparti;Flemming Sorth;13
8. Rønne;C;Det Konservative Folkeparti;Ralf Skovgaard;3
8. Rønne;C;Det Konservative Folkeparti;Anders Møller;0
8. Rønne;D;Nye Borgerlige;Listestemmer;32
8. Rønne;D;Nye Borgerlige;Gitte Frigioni;39
8. Rønne;D;Nye Borgerlige;Charlotte Friberg Henriksen;12
8. Rønne;D;Nye Borgerlige;Morten Hæstrup;25
8. Rønne;D;Nye Borgerlige;Jens Rasmussen;1
8. Rønne;D;Nye Borgerlige;Michael Bidstrup Nielsen;24
8. Rønne;D;Nye Borgerlige;Kate Riis Cordsen;1
8. Rønne;D;Nye Borgerlige;Anette B. Nielsen;3
8. Rønne;F;SF - Socialistisk Folkeparti;Listestemmer;55
8. Rønne;F;SF - Socialistisk Folkeparti;Leif Olsen;69
8. Rønne;F;SF - Socialistisk Folkeparti;Joan Prahl Parente;124
8. Rønne;F;SF - Socialistisk Folkeparti;Nikolaj Fjellerad;9
8. Rønne;F;SF - Socialistisk Folkeparti;Bo Haxthausen;3
8. Rønne;G;Veganerpartiet;Listestemmer;8
8. Rønne;G;Veganerpartiet;Lærke Lina Skovbjerg;31
8. Rønne;K;Kristendemokraterne;Listestemmer;54
8. Rønne;K;Kristendemokraterne;Bjarne Hartung Kirkegaard, Allinge;148
8. Rønne;K;Kristendemokraterne;Niels Chresten Andersen, Rønne;40
8. Rønne;K;Kristendemokraterne;Maria Rosæfontanus, Nexø;2
8. Rønne;K;Kristendemokraterne;Martin Pihl Sode, Knudsker;11
8. Rønne;K;Kristendemokraterne;Signe Hartung Kjærby, Klemensker;5
8. Rønne;K;Kristendemokraterne;Mogens Riis Pedersen, Ibsker;5
8. Rønne;K;Kristendemokraterne;Filmon Solomun, Hasle;13
8. Rønne;K;Kristendemokraterne;Hans Ole Bech, Aakirkeby;2
8. Rønne;K;Kristendemokraterne;Hartvig Mumm, Nyker;3
8. Rønne;L;Lavere skatter og afgifter;Listestemmer;3
8. Rønne;L;Lavere skatter og afgifter;Martin Tidsvilde;10
8. Rønne;L;Lavere skatter og afgifter;Henrik A. Bøggild;1
8. Rønne;O;Dansk Folkeparti;Listestemmer;62
8. Rønne;O;Dansk Folkeparti;Linda Kofoed Persson;81
8. Rønne;O;Dansk Folkeparti;Renè Danielsson;915
8. Rønne;O;Dansk Folkeparti;Sabine Nicoline Lyngberg;34
8. Rønne;O;Dansk Folkeparti;Kim Jacobsen;9
8. Rønne;O;Dansk Folkeparti;Jørn Westh;6
8. Rønne;O;Dansk Folkeparti;Anders Hansen;1
8. Rønne;O;Dansk Folkeparti;Michelle Weie;2
8. Rønne;O;Dansk Folkeparti;Torben Kofod Ager;28
8. Rønne;O;Dansk Folkeparti;Tonny Borrinjaland;1
8. Rønne;V;Venstre, Danmarks Liberale Parti;Listestemmer;136
8. Rønne;V;Venstre, Danmarks Liberale Parti;Søren Schow;201
8. Rønne;V;Venstre, Danmarks Liberale Parti;Heidi Burgedahl;109
8. Rønne;V;Venstre, Danmarks Liberale Parti;Michael Hendriksen;35
8. Rønne;V;Venstre, Danmarks Liberale Parti;Maike Fiil;18
8. Rønne;V;Venstre, Danmarks Liberale Parti;Brian Kofoed;41
8. Rønne;V;Venstre, Danmarks Liberale Parti;Else Merete Knoop;37
8. Rønne;V;Venstre, Danmarks Liberale Parti;Jens Haagensen;1
8. Rønne;V;Venstre, Danmarks Liberale Parti;Lisbeth Riemann;10
8. Rønne;V;Venstre, Danmarks Liberale Parti;Orla Hansen;14
8. Rønne;V;Venstre, Danmarks Liberale Parti;Birthe Tindbæk Bredo;4
8. Rønne;V;Venstre, Danmarks Liberale Parti;Jens Folkmann;4
8. Rønne;V;Venstre, Danmarks Liberale Parti;Tom Idon Nielsen;4
8. Rønne;V;Venstre, Danmarks Liberale Parti;Jannie Sauer;1
8. Rønne;V;Venstre, Danmarks Liberale Parti;Kate Steen Hansen;0
8. Rønne;V;Venstre, Danmarks Liberale Parti;Carsten Hæstrup;31
8. Rønne;W;Bornholmerlisten;Listestemmer;31
8. Rønne;W;Bornholmerlisten;Kirstine van Sabben;741
8. Rønne;W;Bornholmerlisten;Eivind Madsen;7
8. Rønne;W;Bornholmerlisten;Zille Thilde Vangsaa;14
8. Rønne;W;Bornholmerlisten;Niels Henriksen;2
8. Rønne;W;Bornholmerlisten;Bo Ancher Jensen;4
8. Rønne;Ø;Enhedslisten - De Rød-Grønne;Listestemmer;200
8. Rønne;Ø;Enhedslisten - De Rød-Grønne;Morten Riis;1436
8. Rønne;Ø;Enhedslisten - De Rød-Grønne;Helle Munk Ravnborg;45
8. Rønne;Ø;Enhedslisten - De Rød-Grønne;Niclas Fick;21
8. Rønne;Ø;Enhedslisten - De Rød-Grønne;Mikael Benzon;5
8. Rønne;Ø;Enhedslisten - De Rød-Grønne;Laura Kofod;43
8. Rønne;Ø;Enhedslisten - De Rød-Grønne;Stig Westermann;5
8. Rønne;Ø;Enhedslisten - De Rød-Grønne;Sanne Friborg;9
8. Rønne;Ø;Enhedslisten - De Rød-Grønne;Gunna Møller;8
8. Rønne;Ø;Enhedslisten - De Rød-Grønne;Peter Andersen;6
8. Rønne;Ø;Enhedslisten - De Rød-Grønne;Klaus Hermansen;1
8. Rønne;Ø;Enhedslisten - De Rød-Grønne;Runa Jensen;1
8. Rønne;Ø;Enhedslisten - De Rød-Grønne;Fridrik Adamsson;0
8. Rønne;Å;Alternativet;Listestemmer;13
8. Rønne;Å;Alternativet;Caroline Meyer White;89
8. Rønne;Å;Alternativet;Katrine Bærendsen;19
8. Rønne;Å;Alternativet;Tom Hjorth Grove;1
9. Hasle;A;Socialdemokratiet;Listestemmer;73
9. Hasle;A;Socialdemokratiet;Thomas Thors;65
9. Hasle;A;Socialdemokratiet;Jonna Nielsen;19
9. Hasle;A;Socialdemokratiet;Anne Jensen;7
9. Hasle;A;Socialdemokratiet;Ole Rødvig;11
9. Hasle;A;Socialdemokratiet;Claus Larsen-Jensen;24
9. Hasle;A;Socialdemokratiet;Maria Fromseier Kjærgaard;27
9. Hasle;A;Socialdemokratiet;Bente Helms;18
9. Hasle;A;Socialdemokratiet;Kasper Flygare;5
9. Hasle;A;Socialdemokratiet;Karen Lynn Jacobsen;5
9. Hasle;A;Socialdemokratiet;Steen Frandsen;6
9. Hasle;A;Socialdemokratiet;Lykke Jensen;4
9. Hasle;A;Socialdemokratiet;Frank Granlyst;13
9. Hasle;A;Socialdemokratiet;Per Ole Petersen;2
9. Hasle;A;Socialdemokratiet;Kirsten Wendell;19
9. Hasle;A;Socialdemokratiet;HC Holmstrand;1
9. Hasle;A;Socialdemokratiet;Tommi H. Falk;0
9. Hasle;A;Socialdemokratiet;Rebecca Douglas Elleby;3
9. Hasle;A;Socialdemokratiet;Ronald Kofoed-Rasmussen;0
9. Hasle;B;Radikale Venstre;Listestemmer;12
9. Hasle;B;Radikale Venstre;Matilde Lissau;12
9. Hasle;B;Radikale Venstre;João Møller;4
9. Hasle;B;Radikale Venstre;David Christensen;5
9. Hasle;B;Radikale Venstre;Gerd Lyng;1
9. Hasle;B;Radikale Venstre;Niels Ebbesen;1
9. Hasle;B;Radikale Venstre;Flemming West;0
9. Hasle;C;Det Konservative Folkeparti;Listestemmer;23
9. Hasle;C;Det Konservative Folkeparti;Jacob Trøst;153
9. Hasle;C;Det Konservative Folkeparti;Iben Busch;24
9. Hasle;C;Det Konservative Folkeparti;Mark Palmquist;3
9. Hasle;C;Det Konservative Folkeparti;Flemming Sorth;1
9. Hasle;C;Det Konservative Folkeparti;Ralf Skovgaard;4
9. Hasle;C;Det Konservative Folkeparti;Anders Møller;0
9. Hasle;D;Nye Borgerlige;Listestemmer;15
9. Hasle;D;Nye Borgerlige;Gitte Frigioni;7
9. Hasle;D;Nye Borgerlige;Charlotte Friberg Henriksen;1
9. Hasle;D;Nye Borgerlige;Morten Hæstrup;0
9. Hasle;D;Nye Borgerlige;Jens Rasmussen;2
9. Hasle;D;Nye Borgerlige;Michael Bidstrup Nielsen;7
9. Hasle;D;Nye Borgerlige;Kate Riis Cordsen;2
9. Hasle;D;Nye Borgerlige;Anette B. Nielsen;0
9. Hasle;F;SF - Socialistisk Folkeparti;Listestemmer;5
9. Hasle;F;SF - Socialistisk Folkeparti;Leif Olsen;21
9. Hasle;F;SF - Socialistisk Folkeparti;Joan Prahl Parente;16
9. Hasle;F;SF - Socialistisk Folkeparti;Nikolaj Fjellerad;2
9. Hasle;F;SF - Socialistisk Folkeparti;Bo Haxthausen;0
9. Hasle;G;Veganerpartiet;Listestemmer;2
9. Hasle;G;Veganerpartiet;Lærke Lina Skovbjerg;3
9. Hasle;K;Kristendemokraterne;Listestemmer;8
9. Hasle;K;Kristendemokraterne;Bjarne Hartung Kirkegaard, Allinge;48
9. Hasle;K;Kristendemokraterne;Niels Chresten Andersen, Rønne;8
9. Hasle;K;Kristendemokraterne;Maria Rosæfontanus, Nexø;0
9. Hasle;K;Kristendemokraterne;Martin Pihl Sode, Knudsker;2
9. Hasle;K;Kristendemokraterne;Signe Hartung Kjærby, Klemensker;1
9. Hasle;K;Kristendemokraterne;Mogens Riis Pedersen, Ibsker;1
9. Hasle;K;Kristendemokraterne;Filmon Solomun, Hasle;3
9. Hasle;K;Kristendemokraterne;Hans Ole Bech, Aakirkeby;1
9. Hasle;K;Kristendemokraterne;Hartvig Mumm, Nyker;1
9. Hasle;L;Lavere skatter og afgifter;Listestemmer;0
9. Hasle;L;Lavere skatter og afgifter;Martin Tidsvilde;1
9. Hasle;L;Lavere skatter og afgifter;Henrik A. Bøggild;0
9. Hasle;O;Dansk Folkeparti;Listestemmer;20
9. Hasle;O;Dansk Folkeparti;Linda Kofoed Persson;28
9. Hasle;O;Dansk Folkeparti;Renè Danielsson;246
9. Hasle;O;Dansk Folkeparti;Sabine Nicoline Lyngberg;3
9. Hasle;O;Dansk Folkeparti;Kim Jacobsen;0
9. Hasle;O;Dansk Folkeparti;Jørn Westh;1
9. Hasle;O;Dansk Folkeparti;Anders Hansen;0
9. Hasle;O;Dansk Folkeparti;Michelle Weie;3
9. Hasle;O;Dansk Folkeparti;Torben Kofod Ager;7
9. Hasle;O;Dansk Folkeparti;Tonny Borrinjaland;0
9. Hasle;V;Venstre, Danmarks Liberale Parti;Listestemmer;25
9. Hasle;V;Venstre, Danmarks Liberale Parti;Søren Schow;51
9. Hasle;V;Venstre, Danmarks Liberale Parti;Heidi Burgedahl;16
9. Hasle;V;Venstre, Danmarks Liberale Parti;Michael Hendriksen;19
9. Hasle;V;Venstre, Danmarks Liberale Parti;Maike Fiil;9
9. Hasle;V;Venstre, Danmarks Liberale Parti;Brian Kofoed;12
9. Hasle;V;Venstre, Danmarks Liberale Parti;Else Merete Knoop;3
9. Hasle;V;Venstre, Danmarks Liberale Parti;Jens Haagensen;0
9. Hasle;V;Venstre, Danmarks Liberale Parti;Lisbeth Riemann;0
9. Hasle;V;Venstre, Danmarks Liberale Parti;Orla Hansen;9
9. Hasle;V;Venstre, Danmarks Liberale Parti;Birthe Tindbæk Bredo;0
9. Hasle;V;Venstre, Danmarks Liberale Parti;Jens Folkmann;2
9. Hasle;V;Venstre, Danmarks Liberale Parti;Tom Idon Nielsen;0
9. Hasle;V;Venstre, Danmarks Liberale Parti;Jannie Sauer;1
9. Hasle;V;Venstre, Danmarks Liberale Parti;Kate Steen Hansen;0
9. Hasle;V;Venstre, Danmarks Liberale Parti;Carsten Hæstrup;5
9. Hasle;W;Bornholmerlisten;Listestemmer;3
9. Hasle;W;Bornholmerlisten;Kirstine van Sabben;204
9. Hasle;W;Bornholmerlisten;Eivind Madsen;5
9. Hasle;W;Bornholmerlisten;Zille Thilde Vangsaa;3
9. Hasle;W;Bornholmerlisten;Niels Henriksen;0
9. Hasle;W;Bornholmerlisten;Bo Ancher Jensen;1
9. Hasle;Ø;Enhedslisten - De Rød-Grønne;Listestemmer;39
9. Hasle;Ø;Enhedslisten - De Rød-Grønne;Morten Riis;308
9. Hasle;Ø;Enhedslisten - De Rød-Grønne;Helle Munk Ravnborg;14
9. Hasle;Ø;Enhedslisten - De Rød-Grønne;Niclas Fick;6
9. Hasle;Ø;Enhedslisten - De Rød-Grønne;Mikael Benzon;4
9. Hasle;Ø;Enhedslisten - De Rød-Grønne;Laura Kofod;9
9. Hasle;Ø;Enhedslisten - De Rød-Grønne;Stig Westermann;2
9. Hasle;Ø;Enhedslisten - De Rød-Grønne;Sanne Friborg;5
9. Hasle;Ø;Enhedslisten - De Rød-Grønne;Gunna Møller;1
9. Hasle;Ø;Enhedslisten - De Rød-Grønne;Peter Andersen;3
9. Hasle;Ø;Enhedslisten - De Rød-Grønne;Klaus Hermansen;4
9. Hasle;Ø;Enhedslisten - De Rød-Grønne;Runa Jensen;0
9. Hasle;Ø;Enhedslisten - De Rød-Grønne;Fridrik Adamsson;0
9. Hasle;Å;Alternativet;Listestemmer;12
9. Hasle;Å;Alternativet;Caroline Meyer White;19
9. Hasle;Å;Alternativet;Katrine Bærendsen;2
9. Hasle;Å;Alternativet;Tom Hjorth Grove;0
