kandidat,parti,region,stemmer
"Mads Duedahl, Aalborg",Venstre,Nordjylland,8152
"Arne Boelt, Hjørring",Socialdemokratiet,Nordjylland,6189
"Peter Kofod, Haderslev",Dansk Folkeparti,Syddanmark,4371
"Pia Buus Pinstrup, Vesthimmerland",Konservative,Nordjylland,3602
"Thomas Adelskov, Odsherred",Socialdemokratiet,Østdanmark,2927
"Anders Kühnau, Aarhus",Socialdemokratiet,Midtjylland,2528
Pia Kjærsgaard,Dansk Folkeparti,Østdanmark,2468
"Poul Erik Jensen, Kolding",Socialdemokratiet,Syddanmark,2333
"Søren Rasmussen, Kolding",Dansk Folkeparti,Syddanmark,2293
"Lennarth Hansen, Kolding",Venstre,Syddanmark,2223
"Bo Libergren, Odense",Venstre,Syddanmark,1998
"Else Søjmark, Djursland",Socialdemokratiet,Midtjylland,1931
"Susanne Stenstrop Thorsen, Kolding",SF,Syddanmark,1879
"Kirsten Morild Andersen, Frederikshavn",Socialdemokratiet,Nordjylland,1764
"Jakob Dyrman, Vesthimmerland",Venstre,Nordjylland,1640
"Steen Jakobsen, Struer",Venstre,Midtjylland,1614
"Lene Aalestrup, Rebild",Konservative,Nordjylland,1595
"Mette With Hagensen, Varde",Socialdemokratiet,Syddanmark,1591
"Peter Therkildsen, Morsø",Venstre,Nordjylland,1500
"Niels Viggo Lynghøj, Struer",Socialdemokratiet,Midtjylland,1457
"Preben Friis-Hauge, Varde",Venstre,Syddanmark,1433
"Anders G. Christensen, Favrskov",Venstre,Midtjylland,1284
"Per Bisgaard, Vesthimmerland",Venstre,Nordjylland,1281
"Per Larsen, Frederikshavn",Konservative,Nordjylland,1275
"Per Møller, Hjørring",Konservative,Nordjylland,1121
"Kim Edberg Andersen, Rebild",Danmarksdemokraterne,Nordjylland,1007
"Henrik Terp, Vesthimmerland",Socialdemokratiet,Nordjylland,1002
"Allan Emiliussen, Haderslev",Venstre,Syddanmark,973
"Cecilie Liv Hansen, Kolding",Liberal Alliance,Syddanmark,965
"Mette Hardam, Frederikshavn Kommune",Venstre,Nordjylland,956
"Lone Olsen, Hjørring",Venstre,Nordjylland,947
"Gitte Bundgaard, Rebild",Danmarksdemokraterne,Nordjylland,946
"Marianne Kirkegaard, Syddjurs",Venstre,Midtjylland,862
"Poul Kristensen, Morsø",Socialdemokratiet,Nordjylland,740
"Brian Vittrup, Kolding",Venstre,Syddanmark,735
"Birgitte Sørensen, Vesthimmerland",Danmarksdemokraterne,Nordjylland,725
"Camilla Hove Lund, Holbæk",Venstre,Østdanmark,670
"Annette Lundgaard, Billund",Venstre,Syddanmark,655
"Annemette Bach, Vesthimmerlands Kommune",SF,Nordjylland,643
"Marie Tvergaard, Rebild",Venstre,Nordjylland,635
"Thomas Majgaard Byrsing, Kolding",Danmarksdemokraterne,Syddanmark,601
"Gry Bruun Nielsen, Hjørring",Radikale,Nordjylland,579
"Knud Erik Langhoff, Kolding",Konservative,Syddanmark,565
"Bo Jensen, Ikast-Brande",Konservative,Midtjylland,551
Morten Hell,Moderaterne,Syddanmark,541
"Almina Nikontovic, Frederikshavn Kommune",SF,Nordjylland,541
"Hanne Korsgaard, Thisted",Socialdemokratiet,Nordjylland,496
"Lina Hundebøll Jespersen, Thisted",Venstre,Nordjylland,490
"Lene Linnemann, Aalborg Kommune",SF,Nordjylland,482
"Poul Roesen, Morsø",Konservative,Nordjylland,471
"Ulrik Rasmussen, Syddjurs Kommune",SF,Midtjylland,470
"Pernille Buhelt, Hjørring",Socialdemokratiet,Nordjylland,465
"Lone Mortensen, Greve",Venstre,Østdanmark,463
"Andreas Huus Andersen, Hjørring",Danmarksdemokraterne,Nordjylland,462
"Knud Nørregaard, Kolding",Radikale,Syddanmark,421
"Bente Bjerremann Larsen, Syddjurs",Danmarksdemokraterne,Midtjylland,416
"Dorthe le Fèvre, Ebeltoft",Konservative,Midtjylland,415
"Stina Højgaard, Greve",Socialdemokratiet,Østdanmark,407
"Gitte Frederiksen, Vejle",Venstre,Syddanmark,403
"Jens Nygaard, Frederikshavn",Danmarksdemokraterne,Nordjylland,396
"Susanne Buch, Favrskov",SF,Midtjylland,382
"Jakob Søgaard Clausen, Aarhus",Danmarksdemokraterne,Midtjylland,381
"Anna Kirsten Olesen, Aalborg",Socialdemokratiet,Nordjylland,379
"Joachim Hoffmann, Odense",Konservative,Syddanmark,372
"Lars Erik Hornemann, Langeland",Venstre,Syddanmark,364
"Per Alstrup, Rebild",SF,Nordjylland,359
"Karina Vestergaard, Billund",Socialdemokratiet,Syddanmark,353
"Marianne Mulle Jensen, Aalborg",Radikale,Nordjylland,353
"Rose-Marie Mollerup, Hjortshøj",P,Midtjylland,344
"Christian Nyby Bergholdt, Varde",Liberal Alliance,Syddanmark,337
"Purnima Erichsen, Aarhus",Konservative,Midtjylland,331
"Martin Boye, Vejen",Venstre,Syddanmark,329
"Bente Bendix, Varde",Venstre,Syddanmark,324
"Karoline Bergkvist Søgaard, Djursland",Socialdemokratiet,Midtjylland,310
"Bo Sand Kristensen, Ikast-Brande",Danmarksdemokraterne,Midtjylland,310
"Jeanette Sagan, Rebild",Konservative,Nordjylland,301
"Annette Blynel, Svendborg",SF,Syddanmark,295
"Else Kayser, Århus",Enhedslisten,Midtjylland,292
"Christina Kokkendoff, Kolding",Liberal Alliance,Syddanmark,286
"Niels Odgaard, Læsø",Konservative,Nordjylland,284
Morten Arvidsson,Moderaterne,Nordjylland,283
"Felex Pedersen, Odsherred",Socialdemokratiet,Østdanmark,278
"Mogens Gade, Jammerbugt",Venstre,Nordjylland,277
"Maria Glinvad Damgaard, Haderslev",Socialdemokratiet,Syddanmark,276
"Lars Gaardhøj, København",Socialdemokratiet,Østdanmark,275
"Gerda Nørgaard, Hjørring",SF,Nordjylland,271
"Tanja Vestergaard Skøtt, Vejen",Socialdemokratiet,Syddanmark,271
"Jacob Klærke, Horsens",SF,Midtjylland,268
Erik Høgh-Sørensen,L,Nordjylland,266
"Lisa Castro Jensen, Struer",Liberal Alliance,Midtjylland,261
"Thomas Hjort, Frederikshavn",Dansk Folkeparti,Nordjylland,261
"Martin Brag, Hjørring",Venstre,Nordjylland,257
"Peter Malbæk, Syddjurs",Liberal Alliance,Midtjylland,256
"Thomas Vedsted, Haderslev",Liberal Alliance,Syddanmark,255
"Majbritt Birkholm, Holstebro",Dansk Folkeparti,Midtjylland,254
"Hanne Roed, Aarhus",Radikale,Midtjylland,252
"Andreas Tang-Brock, Ry",Socialdemokratiet,Midtjylland,245
"Trine Birk Andersen, Holbæk",Socialdemokratiet,Østdanmark,244
"Christian Martens, Billund",Danmarksdemokraterne,Syddanmark,242
"Henrik Engedahl, Ikast-Brande",Venstre,Midtjylland,240
"Anne Honoré Østergaard, Aalborg Kommune",Venstre,Nordjylland,230
"Rasmus Sandvej, Kolding",Konservative,Syddanmark,225
"Jens Kannegaard Lundager, Djursland",Dansk Folkeparti,Midtjylland,225
"Lærke Holm Sø, Aalborg",Venstre,Nordjylland,222
"Pia Elberg, Rebild",Radikale,Nordjylland,221
"Tina Ostersen, Brande",Dansk Folkeparti,Midtjylland,220
Kenneth Hammer,Liberal Alliance,Nordjylland,215
"Runa Friis Hansen, Hjørring",Enhedslisten,Nordjylland,212
"Michael Rask, Greve",Liberal Alliance,Østdanmark,211
"Jasmin Bjelosevic, Vejle",Socialdemokratiet,Syddanmark,211
"Mette Bossen Linnet, Tønder",Venstre,Syddanmark,210
"Jan Lagoni, Esbjerg",Venstre,Syddanmark,206
"Bente Strager, Skanderborg",SF,Midtjylland,205
"Randi Lund Jepsen, Syddjurs",Enhedslisten,Midtjylland,203
"Anne-Marie Jørgensen, Løgstør",Kristendemokraterne,Nordjylland,201
"Jens Tilma, Thisted",Konservative,Nordjylland,200
"Susanne Flydtkjær, Aalborg",Enhedslisten,Nordjylland,200
"Henrik Christiansen, Brande",Liberal Alliance,Midtjylland,198
"Michael Portefée P. Lex, Rebild",Radikale,Nordjylland,190
"Elvin J. Hansen, Odder",Socialdemokratiet,Midtjylland,187
"Bjarke Jensen, Syddjurs Kommune",Radikale,Midtjylland,185
"Karen Tilma, Brønderslev",Konservative,Nordjylland,185
"Benny Damgaard, Lolland",Danmarksdemokraterne,Østdanmark,184
"Mikkel Berggreen Schmidt, Varde",SF,Syddanmark,183
"Thorbjørn Jacobsen, Struer",Liberal Alliance,Midtjylland,179
"Sofie Therese Svendsen, Aalborg",Konservative,Nordjylland,173
"Tina-Mia Eriksen, Ringsted",Konservative,Østdanmark,173
"Betina Wettengel, Kolding",Konservative,Syddanmark,171
"Henrik Mielke Ravn, Haderslev",Danmarksdemokraterne,Syddanmark,168
"Jakob Fuglsang Andersen, Aarhus",SF,Midtjylland,168
Bo Ritterbusch,Liberal Alliance,Nordjylland,165
"Torbjørn Fristed, Varde",Danmarksdemokraterne,Syddanmark,164
"Nina Røntved Krog, Thisted",Danmarksdemokraterne,Nordjylland,163
"Ib Madsen, Brovst",Dansk Folkeparti,Nordjylland,160
"May-Britt Andrea Andersen, Esbjerg",Konservative,Syddanmark,159
"Meiner Nørgaard, Morsø",Danmarksdemokraterne,Nordjylland,159
"Andi Sejersen, Vejle",Socialdemokratiet,Syddanmark,157
"Per Hyldig, Hjørring",Dansk Folkeparti,Nordjylland,157
"Frode Larsen, Vrå",Dansk Folkeparti,Nordjylland,154
"Cecilie Roed Schultz, Fredericia",Enhedslisten,Syddanmark,151
"Iben Krog, København",Venstre,Østdanmark,151
"Liselott Blixt, Greve",N,Østdanmark,149
"Ib Poulsen, Thisted",Dansk Folkeparti,Nordjylland,149
"Mustafa Arslan, Ikast-Brande",Socialdemokratiet,Midtjylland,149
"Ulrik Mark Jensen, Vesthimmerland",Konservative,Nordjylland,148
"Hanne Pedersen, Haderslev",SF,Syddanmark,148
"Mogens Nørgård, Aabybro",Socialdemokratiet,Nordjylland,147
Julie Jacobsen,Dansk Folkeparti,Østdanmark,146
"Mikkel Sommer, Struer",Danmarksdemokraterne,Midtjylland,137
"Torben Ringe Christensen, Mariagerfjord",Socialdemokratiet,Nordjylland,136
"Anne-Sofie Overgaard, Aalborg Kommune",SF,Nordjylland,135
"Gül Øzcan, Glostrup",Enhedslisten,Østdanmark,134
"Anne Mette Mortensen, Aalborg",Dansk Folkeparti,Nordjylland,131
"Lars Stampe, Holstebro",Socialdemokratiet,Midtjylland,130
"Christina Kirkegaard, Aarhus",Socialdemokratiet,Midtjylland,129
"Ole Nør Pedersen, Nibe",Venstre,Nordjylland,129
"Eva Larsen, Greve",SF,Østdanmark,128
"Bent Skovgaard Olsen, Skørping",Enhedslisten,Nordjylland,128
"Alex Klein, Thisted",Konservative,Nordjylland,127
Vibeke Henriksen,Moderaterne,Syddanmark,127
"Anne Møller Ronex, Holbæk",Radikale,Østdanmark,126
Klaus Hjulmand,Liberal Alliance,Nordjylland,124
"Jonas Nørgaard, Odsherred",Danmarksdemokraterne,Østdanmark,123
"Erik Holm, Thisted",SF,Nordjylland,123
"Torben Kjeldsen, Rørvig",SF,Østdanmark,122
"René Krongaard, Odder",Konservative,Midtjylland,122
"Per Henrik Dålfogt, Rebild",Venstre,Nordjylland,121
"Brian Winther, Læsø",Danmarksdemokraterne,Nordjylland,121
"Helle Jensen, Viborg",Liberal Alliance,Midtjylland,121
Lars Rem,Liberal Alliance,Nordjylland,119
"Christoffer Buster Reinhardt, Rudersdal",Konservative,Østdanmark,117
"Nikoline Erbs Hillers-Bendtsen, Aarhus C",Alternativet,Midtjylland,117
"Thomas Krog, Brønderslev Kommune",SF,Nordjylland,115
"Bent B. Graversen, Lemvig",Venstre,Midtjylland,115
"Sara Darling Jørgensen, Svendborg",SF,Syddanmark,114
"Gunver Birgitte Nielsen, Haderslev",Konservative,Syddanmark,112
"Susanne Dyreborg, Esbjerg",Danmarksdemokraterne,Syddanmark,108
"Peter Wallenskog, Frederikshavn",Danmarksdemokraterne,Nordjylland,107
"Karsten Kjærgaard, Vesthimmerland",Radikale,Nordjylland,107
"Kim Lund, Middelfart",Danmarksdemokraterne,Syddanmark,106
"Benjamin Christensen, Aalborg",SF,Nordjylland,106
"Dorte Holm Hansen, Odsherred",Venstre,Østdanmark,106
"Sine Reffstrup, Ringsted",Socialdemokratiet,Østdanmark,105
"Lasse Bjørn Møller, Holstebro",Socialdemokratiet,Midtjylland,105
"Arne Lægaard, Skanderborg",Venstre,Midtjylland,105
"Jørgen Hammer Sørensen, Hobro",Dansk Folkeparti,Nordjylland,105
"Alice Holst Brask, Djursland",Konservative,Midtjylland,104
"Jens Laursen-Schmidt, Struer",Konservative,Midtjylland,103
Paul Erik Planitzer,Kristendemokraterne,Syddanmark,103
Thomas Kramer,Moderaterne,Syddanmark,101
"Hans Skou, Aarhus",Venstre,Midtjylland,101
"Peter Horsted Hansen, Odsherred",Konservative,Østdanmark,101
"Jess V. Laursen, Mariagerfjord",Venstre,Nordjylland,99
"Lasse Rich Henningsen, Aalborg",Venstre,Nordjylland,98
"Torben Klitmøller Hollmann, Lolland",Socialdemokratiet,Østdanmark,98
"Johanne Poulstrup, Aalborg Kommune",Venstre,Nordjylland,96
"Morten Lorenzen, Assens",Radikale,Syddanmark,96
"Pernelle Jensen, Fredericia",Venstre,Syddanmark,96
"Siff Tang Lassen, Aarhus",Konservative,Midtjylland,95
"Lotte Finck, Aalborg",Konservative,Nordjylland,95
"Melissa Gilroy, Fanø",Radikale,Syddanmark,94
Rikke Olssen,Liberal Alliance,Nordjylland,94
"Ole Gregersen, Thisted",Venstre,Nordjylland,92
"Naja Kallesøe, Silkeborg",SF,Midtjylland,92
"Kristjar Skajaa, Malling",Enhedslisten,Midtjylland,92
"Arne Hyldgaard, Hjørring",Dansk Folkeparti,Nordjylland,92
"Carsten Ullmann Andersen, Brønderslev",Danmarksdemokraterne,Nordjylland,91
"Lone Clausen, Brønderslev",Socialdemokratiet,Nordjylland,91
"Anders Paabøl, Aarhus",Liberal Alliance,Midtjylland,91
"Anne Fabricius, Odense",Socialdemokratiet,Syddanmark,91
"Simon Dahl Verner, Esbjerg",SF,Syddanmark,89
"Hanne Svenningsen, Lejre",SF,Østdanmark,89
"Jonas Lee  Jeppesen, Vejen",Danmarksdemokraterne,Syddanmark,89
"Frank Mikkelsen, Grindsted",Dansk Folkeparti,Syddanmark,89
"Bettina Eriksen, Kerteminde",Liberal Alliance,Syddanmark,88
"Jess Eiberg Hansen, Greve",Konservative,Østdanmark,88
"Louise Høeg, Randers",Venstre,Midtjylland,88
"Mikkel Strube-Weber, Aarhus",Venstre,Midtjylland,88
"Jeppe Lynge Ravn, Odsherred",Enhedslisten,Østdanmark,88
"Lis Mancini, Hadsund",Socialdemokratiet,Nordjylland,87
"Leif Christensen, Sæby",Venstre,Nordjylland,86
"Christian Wibe-Marker, Skanderborg",Konservative,Midtjylland,85
"Kaj Refslund, Nyborg",Venstre,Syddanmark,85
"Mette Guldberg, Herning",Konservative,Midtjylland,85
"Marianne Fritzen, Odsherred",Radikale,Østdanmark,85
"Elsebeth Bertignol, Varde",Dansk Folkeparti,Syddanmark,84
"Emma Houe Mølgaard, Hobro",Dansk Folkeparti,Nordjylland,83
"Jette Damsø Henriksen, Sønderborg",Socialdemokratiet,Syddanmark,82
"Nicolai Estrup, Randers",Dansk Folkeparti,Midtjylland,82
"Mikael Hansen, Svendborg",Socialdemokratiet,Syddanmark,81
"Peter Holm, Aalborg",Socialdemokratiet,Nordjylland,81
"Martin Schmidt Konradsen, Odense",Enhedslisten,Syddanmark,81
"Henrik Grøn, Lemvig",Danmarksdemokraterne,Midtjylland,80
"Karin Nødgaard, Ringsted",Venstre,Østdanmark,80
"Christian Wedell-Neergaard, Køge",Konservative,Østdanmark,80
"Diana Kjærulff, Aalborg",Venstre,Nordjylland,80
"Anne-Marie Hemmeth, Aalborg",Alternativet,Nordjylland,80
"Vibeke Gamst, Aalborg",Konservative,Nordjylland,80
"Linda Nørgaard, Thy",Enhedslisten,Nordjylland,79
"Thies Mathiasen, Haderslev",Dansk Folkeparti,Syddanmark,78
"Camilla Eva Hallenberg, Vejle",Venstre,Syddanmark,78
"Lene Birket-Smith, Aalborg",Socialdemokratiet,Nordjylland,77
"Finn Brostrup, Ikast-Brande",Dansk Folkeparti,Midtjylland,76
"Håkon Nielsen, Rødovre",Socialdemokratiet,Østdanmark,76
"Helge Adam Møller, Næstved",Konservative,Østdanmark,75
"Mogens Bedsted, Odder",SF,Midtjylland,75
"Jeppe Spure Nielsen, Aarhus C",Alternativet,Midtjylland,74
"Flemming Damgaard Larsen, Lejre",Venstre,Østdanmark,74
"Peter Westermann, København",SF,Østdanmark,74
"Mia Nybo, Favrskov Kommune",Radikale,Midtjylland,73
"Pernille Kjul Knudsen, Hjørring",Konservative,Nordjylland,73
"Gitte Svendsdatter, Odsherred",Danmarksdemokraterne,Østdanmark,71
"Sabrina Bech Bartholin, Esbjerg",E,Syddanmark,71
"Danny Rosenkilde, Flauenskjold",Dansk Folkeparti,Nordjylland,71
"Anders Rydahl-Jensen, Hjørring",Venstre,Nordjylland,71
"Marianne Pacarada, Svendborg",Enhedslisten,Syddanmark,70
"Lærke Lysdal, Odense",Radikale,Syddanmark,70
"Michael Maaløe, Horsens",Socialdemokratiet,Midtjylland,69
"Peter Møller Andersen, Aarhus",Socialdemokratiet,Midtjylland,69
"Anja Lund, Nordfyn",Venstre,Syddanmark,69
"Jens Wistoft, Aabenraa",Venstre,Syddanmark,67
Andreas Møller,Moderaterne,Syddanmark,67
"Julie Hoff Sørensen, Stevns",SF,Østdanmark,66
"Iben Sønderup, Aarhus",Socialdemokratiet,Midtjylland,66
"Jamie Voldby, Brønderslev",Danmarksdemokraterne,Nordjylland,66
"Mathias Lassen Antonsen, Hals",Socialdemokratiet,Nordjylland,66
"Jørgen Johannsen, Odder",Venstre,Midtjylland,65
"Laila Poulsen, Vejen",Danmarksdemokraterne,Syddanmark,65
"Michele Offenbach Holm, Randers",Socialdemokratiet,Midtjylland,64
Jens Chr. Olesen,Kristendemokraterne,Syddanmark,64
"Lars Mogensen, Esbjerg",Enhedslisten,Syddanmark,64
"Susanne Eilersen, Fredericia",Dansk Folkeparti,Syddanmark,64
"Sonja Randrup, Fredericia",Socialdemokratiet,Syddanmark,63
"Ib Østenkær, Hjørring",Dansk Folkeparti,Nordjylland,63
"Lone Kjær Hein, Holstebro Kommune",Radikale,Midtjylland,63
"Thomas Storm, Tårs",Dansk Folkeparti,Nordjylland,63
"Johanna-Maria Precht, Sønderborg",Enhedslisten,Syddanmark,63
"Jonas Pullich, Odense",Venstre,Syddanmark,61
"Jens Kristian Hedegaard, Holstebro",Venstre,Midtjylland,61
"Phillip Sperling, Aalborg",Venstre,Nordjylland,60
"Camilla Silfverberg, Svendborg",Liberal Alliance,Syddanmark,60
"Stine Isaksen, Viborg",Alternativet,Midtjylland,59
"Jens Erik T. Damgaard, Ringkøbing",Kristendemokraterne,Midtjylland,59
"Janni Høybye, Brønderslev",Konservative,Nordjylland,58
Abdinoor Adam Hassan,Moderaterne,Syddanmark,58
"Marianne Quorp Kjærgaard, Aabenraa",Konservative,Syddanmark,58
"Josefine Paaske, Køge",Venstre,Østdanmark,58
"Knud Kristensen, Risskov",P,Midtjylland,58
"Karsten Meyer Olesen, Aabenraa",Socialdemokratiet,Syddanmark,58
"Jens Martin Fjordbak, Frederikshavn",Konservative,Nordjylland,57
"Rasmus Gamst Beltofte, Holstebro Kommune",Radikale,Midtjylland,57
"Thomas Rohden, København",Radikale,Østdanmark,57
"Trine Egetved, Gribskov",Konservative,Østdanmark,57
"Lone Lundsgaard, Horsens",Venstre,Midtjylland,57
"Kim Eskesen, Esbjerg",Socialdemokratiet,Syddanmark,57
Sten Larsen,Moderaterne,Midtjylland,56
"Lars Erling Sørensen, Brønderslev",D,Nordjylland,56
Laura Jensen,Moderaterne,Nordjylland,56
"Jim Zakaria, Vejen",Dansk Folkeparti,Syddanmark,56
Tania Lange,L,Nordjylland,55
"Kenny Holm, Sjølund",Radikale,Syddanmark,55
"Kasper Vindbjerg, Norddjurs",SF,Midtjylland,55
"Susanne Krebs, Aalborg",Radikale,Nordjylland,55
"Vivi Altenburg, Ringkøbing-Skjern",Danmarksdemokraterne,Midtjylland,55
"John Haarup Laursen, Skanderborg",Danmarksdemokraterne,Midtjylland,54
"Henrik Hjortshøj, Aarhus",Venstre,Midtjylland,54
Morten Bo,Liberal Alliance,Nordjylland,54
"Stinus Lindgreen, Lyngby-Taarbæk",Radikale,Østdanmark,54
"Malena Møller Mortensen, Viborg",Konservative,Midtjylland,54
"Sebastian Sandgaard, Herning",Venstre,Midtjylland,53
"Anja Rosengreen, Halsnæs",SF,Østdanmark,53
"Ali Hassan, Aalborg",Socialdemokratiet,Nordjylland,53
Paw Rytter,Moderaterne,Nordjylland,52
"Jørgen Hansen, Aalborg Kommune",Socialdemokratiet,Nordjylland,51
"Andreas Müller, Sindal",Kristendemokraterne,Nordjylland,51
"Nils Borring, Favrskov",Socialdemokratiet,Midtjylland,51
Mikael Simonsen,Liberal Alliance,Nordjylland,51
"Simon Meyer Off, Assens",SF,Syddanmark,51
"Søren Eriksen, Gistrup",Socialdemokratiet,Nordjylland,51
"Susanne Pahlmann, Greve",Enhedslisten,Østdanmark,51
"Kirsten Hassing, Fredericia",Konservative,Syddanmark,51
"Jenny Rørbæk, Aalborg Øst",Enhedslisten,Nordjylland,50
"Dorthe Mikkelsen, Vallensbæk",Liberal Alliance,Østdanmark,50
Peter Thellufsen Pedersen,Liberal Alliance,Nordjylland,50
Camilla Schuster Nygaard,Moderaterne,Syddanmark,50
"Frits Danielsen, Dronninglund",Venstre,Nordjylland,49
"Charlotte Mönniche, Skanderborg",Liberal Alliance,Midtjylland,48
"Flemming Sørensen, Holbæk",Liberal Alliance,Østdanmark,48
"Mette Aagaard, Lolland",Konservative,Østdanmark,48
"Lars Lillebæk, Vissenbjerg",Liberal Alliance,Syddanmark,48
"Ulla Koman, Esbjerg",Socialdemokratiet,Syddanmark,48
"Jens William Grav, Fredericia",Socialdemokratiet,Syddanmark,48
"Johnny Christensen, Nibe",Dansk Folkeparti,Nordjylland,47
"Peter Nowack, Herning",SF,Midtjylland,47
"Ilka Daniel, Norddjurs",Venstre,Midtjylland,47
"Kristian Hedelund, Brønderslev",Konservative,Nordjylland,47
"Elin Søndergaard, Ringe",Socialdemokratiet,Syddanmark,47
"Christina Dilling-Munk, Ringsted",SF,Østdanmark,46
"Irfan Gilani, Brøndby",Radikale,Østdanmark,46
"Rasmus T. Mortensen, Aarhus",SF,Midtjylland,46
"Leif Gjørtz, Odder",Enhedslisten,Midtjylland,45
"Jan Erik Abildskov Nielsen, Lolland",Enhedslisten,Østdanmark,45
"Emilia M. Feldskov, Aarhus C",Konservative,Midtjylland,44
"Lone Rusberg, Silkeborg",Konservative,Midtjylland,44
"Marianne Tøttrup, Viborg Kommune",Radikale,Midtjylland,44
"Hassan Alouch, Hjørring",Radikale,Nordjylland,44
"Bruno Hansen, Herning",Venstre,Midtjylland,44
Ester Esmarch,Kristendemokraterne,Syddanmark,44
"Roya Moore, Odense",Konservative,Syddanmark,44
"Birgit Jensen Hamming, Holbæk",Enhedslisten,Østdanmark,43
"Simon Linde, Mariagerfjord",Konservative,Nordjylland,43
"Søren Norlander, Randers",SF,Midtjylland,42
"Simon Sharif Chowdhury, Odense",Socialdemokratiet,Syddanmark,42
"Halil Özsari, Odense",Socialdemokratiet,Syddanmark,42
"Klavs Bryld, Grenaa",Enhedslisten,Midtjylland,42
"Lene Foged, Stoholm",Liberal Alliance,Midtjylland,42
"Lilian Højbjerg, Holstebro",Socialdemokratiet,Midtjylland,42
"Anne Møllegaard Mortensen, Faaborg-Midtfyn",Dansk Folkeparti,Syddanmark,41
"Sofie de Bretteville, Ballerup",Socialdemokratiet,Østdanmark,41
"Sarah Nørris, Esbjerg",Enhedslisten,Syddanmark,41
"Lone Børlum, Herning",Socialdemokratiet,Midtjylland,41
"Hans Stavnsager, Faaborg",Socialdemokratiet,Syddanmark,41
"Lone Glarbo, Favrskov",Danmarksdemokraterne,Midtjylland,41
"Peter Nikolajsen, Esbjerg",Liberal Alliance,Syddanmark,40
"Frederik Asgeir Berg, Aalborg",Radikale,Nordjylland,40
"Henrik Sandholm, Vejle",Konservative,Syddanmark,40
"Lone Langballe, Viborg",Dansk Folkeparti,Midtjylland,40
"Thomas Hammer-Jakobsen, Odder Kommune",Radikale,Midtjylland,40
"Ann-Sophie Christensen, Odense C",Alternativet,Syddanmark,40
"Kirsten Gaulshøj, Esbjerg",Dansk Folkeparti,Syddanmark,40
Ditte Ravn Kaagaard,Moderaterne,Nordjylland,39
"Anja Busch, Faaborg-Midtfyn",Danmarksdemokraterne,Syddanmark,39
"Kasper Humle, Lemvig Kommune",Radikale,Midtjylland,39
"Malou Skeel, Jammerbugt",Venstre,Nordjylland,39
Jan Herskov,Dansk Folkeparti,Østdanmark,39
"Agnethe Clemmensen, Herning",Enhedslisten,Midtjylland,39
"Kim Drejer Nielsen, Rødovre",Konservative,Østdanmark,39
"Linda Lund Lauridsen, Esbjerg",Danmarksdemokraterne,Syddanmark,38
"Frank Rune Kristensen Nielsen, Skanderborg",Dansk Folkeparti,Midtjylland,38
"Rune Bønnelykke, Vejle",Dansk Folkeparti,Syddanmark,38
"Bergur Løkke Rasmussen, Helsingør",Moderaterne,Østdanmark,38
"Alexander Bork, Aabenraa",Konservative,Syddanmark,38
"Adnan Nikontovic, Horsens",SF,Midtjylland,37
"Tine Holm, Aarhus N",P,Midtjylland,37
"Laila Kildesgaard, Bornholm",Socialdemokratiet,Østdanmark,37
"Morten Nørgaard Hald, Brønderslev",Venstre,Nordjylland,37
"Mathias D. Christiansen, Sydbyen i Haderslev",Enhedslisten,Syddanmark,37
Lene Bach Nørgaard,Moderaterne,Midtjylland,37
"Peter Øhrstrøm, Aalborg",Kristendemokraterne,Nordjylland,37
"Rasmus Abrahamsen, Greve",Moderaterne,Østdanmark,37
"Mikael Winther, Haderslev",Alternativet,Syddanmark,36
"John Søndergaard, Frederikshavn",Enhedslisten,Nordjylland,36
"Palle L. Nielsen, Jammerbugt",Konservative,Nordjylland,36
"Susanne Lund, Aarhus",Konservative,Midtjylland,36
"Caroline Amena Lauritsen, Odense",Venstre,Syddanmark,36
"Maria Dalum, Odense",Alternativet,Syddanmark,36
"Carsten Sørensen, Odense",Dansk Folkeparti,Syddanmark,36
"Mathias Schwartz Kirkegaard, Greve",Konservative,Østdanmark,35
"Jakob Sønderhaven, Jammerbugt",SF,Nordjylland,35
"Marie-Louise Jørgensen, Hvidovre",SF,Østdanmark,35
"Hans Henrik Sørensen, Mariagerfjord",Danmarksdemokraterne,Nordjylland,35
"Kent Mosgård, Middelfart",Venstre,Syddanmark,35
"Diana Therese Mikkelsen, Norddjurs",Danmarksdemokraterne,Midtjylland,35
"Steffen Holme Helledie, Vejgaard",Radikale,Nordjylland,35
"Alina Racila, Tønder",Socialdemokratiet,Syddanmark,35
"Claus Bjørn Madsen, Vejle",Radikale,Syddanmark,35
"Poul Berggreen, Silkeborg",Venstre,Midtjylland,35
"Tage Petersen, Sønderborg",Venstre,Syddanmark,35
"Anders Johansson, Svendborg",Konservative,Syddanmark,35
Kim Gaarsdahl,Liberal Alliance,Nordjylland,35
"Nicolai Kampmann, Hvidovre",Socialdemokratiet,Østdanmark,34
Christian Bjerre,Kristendemokraterne,Syddanmark,34
Anne V. Lauritsen,L,Nordjylland,34
"Birthe Skovgård, Faaborg-Midtfyn",Venstre,Syddanmark,34
"Sara Smith Hald, Valby",Socialdemokratiet,Østdanmark,33
"Flemming Agerskov, Frederikshavn",Konservative,Nordjylland,33
"Josephine Alstrup Kofod, Haderslev",Dansk Folkeparti,Syddanmark,33
"Henrik Ræder Clausen, Aarhus",Dansk Folkeparti,Midtjylland,33
"Rikke Pedersen, Aalborg",Konservative,Nordjylland,33
"Betina Dich Skipper, Assens",Venstre,Syddanmark,33
"Christopher Ammentorp, Vissenbjerg",Enhedslisten,Syddanmark,33
"Esther Daugaard, Århus",Enhedslisten,Midtjylland,32
"Steen Asgeir Petersen, Thisted",Radikale,Nordjylland,32
"Michael Rosenmark, Ringsted",Danmarksdemokraterne,Østdanmark,32
"Oliver Abildskov, Aarhus",Konservative,Midtjylland,32
"Henrik Qvist, Skanderborg",Enhedslisten,Midtjylland,32
"Line Ervolder, København",Konservative,Østdanmark,32
"Marie Wandel, Frederikshavn",Radikale,Nordjylland,31
Johnni Winther,Moderaterne,Nordjylland,31
"Bo Leander Gylling, Horsens",Danmarksdemokraterne,Midtjylland,31
"Christian Vigilius, Gentofte",Konservative,Østdanmark,31
"Jacob Conrad, Aars",Enhedslisten,Nordjylland,31
"Tenna Røberg, Aarhus",Dansk Folkeparti,Midtjylland,31
"Benedicte Wilson, Odense",Radikale,Syddanmark,31
"Preben Steen, Vejle",Konservative,Syddanmark,31
"Michael Christensen, Aabenraa",SF,Syddanmark,31
"Thomas Kastrup Christensen, Aarhus",Dansk Folkeparti,Midtjylland,31
"Thomas Rahbek Sloth, Ringkøbing-Skjern",Venstre,Midtjylland,31
"Tormod Olsen, København",Enhedslisten,Østdanmark,31
"Keld K. Kvist, Nørresundby",Radikale,Nordjylland,31
"Oskar Schmidt, Skagen",Socialdemokratiet,Nordjylland,31
"Annemette Chemnitz Eilers, Brønderslev",Enhedslisten,Nordjylland,31
"John Rasmussen, Fredericia",Liberal Alliance,Syddanmark,30
"Hans Jørgen Nygaard, Frederikshavn",Radikale,Nordjylland,30
"Jens Lyhne, Thisted Kommune",SF,Nordjylland,30
"Søren Møller Christensen, Dejbjerg",Liberal Alliance,Midtjylland,30
"Ole Bøgh Vinther, Aarhus",Socialdemokratiet,Midtjylland,30
"Sofie Holm, København",Radikale,Østdanmark,29
"Kristina Johansen, Brønderslev",SF,Nordjylland,29
"Helle Lethmar, Køge",Socialdemokratiet,Østdanmark,29
"Agnete Fog, Tranekær",Radikale,Syddanmark,29
"Jytte Søgård Mikkelsen, Herning",SF,Midtjylland,28
"Zeb Meier Watz, Odense C",Radikale,Syddanmark,28
"Anders Krojgaard Lund, Horsens",Konservative,Midtjylland,28
Nikolaj C. Andersen,Moderaterne,Nordjylland,28
"Sander Jensen, Aarhus",SF,Midtjylland,28
"Emilie Esmann, Amager",SF,Østdanmark,28
"Lea Grey Haller, Åbyhøj",P,Midtjylland,28
"Nicolai Wang, København",Liberal Alliance,Østdanmark,28
"Jan Andersen, Mariagerfjord",Venstre,Nordjylland,28
"Birgit Jakobsen, Hedensted",Kristendemokraterne,Midtjylland,27
"Annette Bolvig, Hedensted",Venstre,Midtjylland,27
"Helle Lausten, Aabenraa",Venstre,Syddanmark,27
"Jonas René Jensen, Middelfart",Danmarksdemokraterne,Syddanmark,27
"Betina Bugge, Skive",Danmarksdemokraterne,Midtjylland,27
"Astrid Fogh, Fredericia",Alternativet,Syddanmark,27
"Jan Beck-Nielsen, Silkeborg",Liberal Alliance,Midtjylland,27
"Rasmus Bergholdt, Skanderborg Kommune",Radikale,Midtjylland,27
"Peter Askjær, Samsø",Konservative,Midtjylland,26
"Philip Vivet, Herning Kommune",Radikale,Midtjylland,26
"Anna Mette Skov Borring, Årslev",Radikale,Syddanmark,26
"Brian Mørch, Solrød",Danmarksdemokraterne,Østdanmark,26
"Birgit Marie Christensen, Favrskov",Socialdemokratiet,Midtjylland,26
Jesper Riis Hansen,L,Nordjylland,26
"Emilie Haaning, Nyborg",Radikale,Syddanmark,26
"Bo Nielsen, Holsted",Alternativet,Syddanmark,26
"Annette Roed, Silkeborg",Socialdemokratiet,Midtjylland,26
"Kim Andkjær Doberck, Kruså",Dansk Folkeparti,Syddanmark,26
"Mai Jensen, Brønderslev",Enhedslisten,Nordjylland,26
"Lene Burchardt, Aalborg",Konservative,Nordjylland,25
"Kim Johansen, Nordfyn",Socialdemokratiet,Syddanmark,25
"Frederik Storm, Aalborg",Danmarksdemokraterne,Nordjylland,25
"Carli Hækkerup, Ringsted",Enhedslisten,Østdanmark,25
"Thomas Møller, Thisted",Venstre,Nordjylland,25
"Mette Friis, Nyrup",Alternativet,Østdanmark,25
"Hanne Ringgaard Møller, Svendborg",Radikale,Syddanmark,25
"Anette Jensen Smith, Hobro",Alternativet,Nordjylland,25
"Hans-Christian Gjerlevsen, Aabenraa",Dansk Folkeparti,Syddanmark,25
"Christina Hedegaard Hansen, Horsens",Enhedslisten,Midtjylland,25
Dennis Soleymani,Moderaterne,Syddanmark,24
"Thomas Søndergaard Ammons, Vejle",Enhedslisten,Syddanmark,24
"Marianne Bentsen, Holstebro",Enhedslisten,Midtjylland,24
"Bent Olsen, Nordfyn",SF,Syddanmark,24
"Birgitte Majgaard, Galten",Konservative,Midtjylland,24
"Laurids Schack, Bramming",Venstre,Syddanmark,24
Bent Olsen,Moderaterne,Syddanmark,24
"Finn Hartvig Nielsen, Næsbyhoved Broby",Radikale,Syddanmark,24
"Carsten Jäger, Otterup",Konservative,Syddanmark,24
"Lars Christiansen, Maribo",SF,Østdanmark,23
"Vibeke Westh, Frederiksberg",Socialdemokratiet,Østdanmark,23
Kent Budolfsen,Liberal Alliance,Nordjylland,23
"Peder Larsen, Mariagerfjord",SF,Nordjylland,23
"Thue Grum-Schwensen, Skive",SF,Midtjylland,23
"Niels Hörup, Solrød Strand",Venstre,Østdanmark,23
"Charlotte Bagge, Stege",Moderaterne,Østdanmark,23
"Villum Christensen, Slagelse",Liberal Alliance,Østdanmark,23
"Maja Roesen, Køge",SF,Østdanmark,23
"Freja Wirlander, Hvidovre",Radikale,Østdanmark,23
"Joan Kragh, Guldborgsund",SF,Østdanmark,23
"Thor C. Jonasen, Aarhus N",Alternativet,Midtjylland,23
"John Hansen, Guldborgsund",Socialdemokratiet,Østdanmark,23
"Helena Hedegaard Udsen, København",Enhedslisten,Østdanmark,22
"Hari Neupane, Ørestad",Socialdemokratiet,Østdanmark,22
"Nadeem Farooq, Høje-Taastrup",Radikale,Østdanmark,22
"Martin Vestergaard, Christiansbjerg",SF,Midtjylland,22
"Rasmus Lund-Nielsen, Gladsaxe",Moderaterne,Østdanmark,22
"Niels H. Bünemann, Skagen",Venstre,Nordjylland,22
"Amanda Amadea Badu, Lejre",Enhedslisten,Østdanmark,22
"Karlo Brondbjerg, Herning",Kristendemokraterne,Midtjylland,22
Kamila Holt,Moderaterne,Syddanmark,22
"Anders Koefoed, Slagelse",Venstre,Østdanmark,22
Søren Lund Hansen,Dansk Folkeparti,Østdanmark,22
"Thomas Christophersen, Holbæk",Konservative,Østdanmark,22
Rikke Kirstine Lomholt,Moderaterne,Nordjylland,22
"Maria Weisbjerg, Faaborg",Dansk Folkeparti,Syddanmark,22
Lone Hansen,Moderaterne,Syddanmark,22
Bjarne Vium Mikkelsen,Kristendemokraterne,Syddanmark,22
"Susanne Grove, Skive",Socialdemokratiet,Midtjylland,22
"Bjarne B. Madsen, Frederikshavn",Konservative,Nordjylland,22
"Sadek Al-Amood, Valby",SF,Østdanmark,21
"Flemming Nielsen, Hadsten",Konservative,Midtjylland,21
"Signe Vedersø Keldorff, Odense",Dansk Folkeparti,Syddanmark,21
"Hans Mortensen, Esbjerg",Venstre,Syddanmark,21
"Susanne Due Kristensen, Hillerød",Socialdemokratiet,Østdanmark,21
"Daniel  Svendsen, Hjørring",Radikale,Nordjylland,21
"Kåre Spliid, Sorø",Venstre,Østdanmark,21
"Jacob Rosenberg, Frederiksberg",Konservative,Østdanmark,21
"Joacchim Brahtz, Faaborg",Konservative,Syddanmark,21
"Ida Smed, Aabenraa",Danmarksdemokraterne,Syddanmark,21
"Kuno F. Danielsen, Silkeborg",Danmarksdemokraterne,Midtjylland,21
"Jakob Kjærsgaard, Herning",Danmarksdemokraterne,Midtjylland,21
"Annelise Madsen, Ishøj",N,Østdanmark,20
"Sebastian Halkjær-Grauert, Norddjurs",Liberal Alliance,Midtjylland,20
"Michael Nielsen, Kerteminde",Konservative,Syddanmark,20
"Victoria P. Jørgensen, Odense",Venstre,Syddanmark,20
HP Beck,Liberal Alliance,Nordjylland,20
"Per Roswall, Gribskov",Venstre,Østdanmark,20
"Knud Nielsen, Herning",Dansk Folkeparti,Midtjylland,20
John Vind,Dansk Folkeparti,Østdanmark,20
"Bjarne Kongsted, Holbæk",Venstre,Østdanmark,19
"Ole Tyrsted Jørgensen, Nyborg",SF,Syddanmark,19
"Lars Lindskov, Roskilde",Moderaterne,Østdanmark,19
"Martin Baden, Ishøj",Socialdemokratiet,Østdanmark,19
"Malene Holm, København",N,Østdanmark,19
"Birte Markfoged, Skive",Venstre,Midtjylland,19
"Bo H. Hollænder, Bramming",Dansk Folkeparti,Syddanmark,19
"Sune Kragelund, Aalborg",Radikale,Nordjylland,19
"Liselotte Tranekær Fjellø-Jensen, Svendborg",Danmarksdemokraterne,Syddanmark,19
"Lau Sørensen, Holstebro",Konservative,Midtjylland,19
"Tobias Brus Mikkelsen, Sønderborg",Dansk Folkeparti,Syddanmark,19
"Charlotte Aaby, Silkeborg",Dansk Folkeparti,Midtjylland,19
"Jan Skat Riishøj, Østbirk",D,Midtjylland,19
"Jan Buus Larsen, Randers",Venstre,Midtjylland,19
"Emil Hoffmann Madsen, Fanø",Venstre,Syddanmark,19
"Jesper Flensted, Hedensted",Dansk Folkeparti,Midtjylland,18
"Charlotte Aabye, Ærø",Danmarksdemokraterne,Syddanmark,18
Ivar Nørlund,Moderaterne,Syddanmark,18
"Mads Holdgaard, Faaborg-Midtfyn",SF,Syddanmark,18
"Christian Fini, Vejle",Liberal Alliance,Syddanmark,18
"Marc Dyhr Seremet-Bangert, Vojens",Liberal Alliance,Syddanmark,18
"Christina Thorholm, Hillerød",Radikale,Østdanmark,18
"Per Møller Jensen, Viborg",Socialdemokratiet,Midtjylland,18
"Per Salling, Jammerbugt",Danmarksdemokraterne,Nordjylland,18
Johannes Latter,Kristendemokraterne,Syddanmark,18
"Qasam Nazir Ahmad, Frederiksværk",Alternativet,Østdanmark,18
"Christina Falkberg, Gladsaxe",Radikale,Østdanmark,18
"Jette Tibert, Herning",Venstre,Midtjylland,18
"Susanne Lundvald, Næstved",Socialdemokratiet,Østdanmark,18
Hanna-Maria Lyng,Kristendemokraterne,Syddanmark,17
"Mette Marie Thomsen, Holstebro",Venstre,Midtjylland,17
"Ib Bjerregaard, Viborg",Venstre,Midtjylland,17
"Vagn Kjær-Hansen, Brøndby",SF,Østdanmark,17
"Trine Schaltz, København",SF,Østdanmark,17
Markus Hvass,U,Østdanmark,17
"Helle Nørgaard Lundsby, Skive",Enhedslisten,Midtjylland,17
"Vivian Lindberg Larsen, Assens",Danmarksdemokraterne,Syddanmark,17
"René Vejby Kierch, Roskilde",Socialdemokratiet,Østdanmark,17
"Lasse Holt, Lyngby-Taarbæk",Liberal Alliance,Østdanmark,17
"Mathias Sikora, Aarhus Kommune",Radikale,Midtjylland,17
"Peter la Cour, Hvidovre",Enhedslisten,Østdanmark,16
"Kashif Ahmad, København",Radikale,Østdanmark,16
"Karina Aamann, Horsens",Venstre,Midtjylland,16
"Søren Boel Olesen, Holstebro",Dansk Folkeparti,Midtjylland,16
"Kristian Ahle, Ringkøbing-Skjern",Venstre,Midtjylland,16
"Peter L. Sørensen, Gribskov",Radikale,Østdanmark,16
"Ken Guldberg Jespersen, Kerteminde",Venstre,Syddanmark,16
"Lars Olesen, Fredericia",SF,Syddanmark,16
"Niels Voetmann Jepsen, Horsens Kommune",Radikale,Midtjylland,16
"Randi Mondorf, Rudersdal",Venstre,Østdanmark,16
"Niels Christian Dahl, Allerød",Socialdemokratiet,Østdanmark,15
John Bjerg,L,Nordjylland,15
"Charlotte Holst Høybye, Jammerbugt",SF,Nordjylland,15
"Arne Würgler, Gribskov",Enhedslisten,Østdanmark,15
"Lasse Mejer Petersen, Brønderslev",Enhedslisten,Nordjylland,15
"Laurits Kaae, Vejle",SF,Syddanmark,15
"Bjarne Lund Henneberg, Tønder",SF,Syddanmark,15
"Jan K. Pedersen, Hemmet",D,Midtjylland,15
"Morten Weiss-Pedersen, Middelfart",Konservative,Syddanmark,15
"Knud Schøler, Hinnerup",Konservative,Midtjylland,15
"Henrik Jacobsen, Lolland",Konservative,Østdanmark,15
Anette Skafte,Dansk Folkeparti,Østdanmark,15
"Deniz Kücükavci, Herlev",Moderaterne,Østdanmark,15
"Tenna Duch Schaldemose, Aarhus C",Alternativet,Midtjylland,15
"Jeppe Mariager, Svendborg",Enhedslisten,Syddanmark,15
"Linda Nielsen, Videbæk",Socialdemokratiet,Midtjylland,14
"Peter Dits Christensen, Solrød",Liberal Alliance,Østdanmark,14
"Coco Kjærgaard, Børkop",Alternativet,Syddanmark,14
"Christine Dal Thrane, Lyngby-Taarbæk",Venstre,Østdanmark,14
"Gitte Simoni, Roskilde",Socialdemokratiet,Østdanmark,14
Andreas Lausen,Moderaterne,Syddanmark,14
Uffe Bie,Moderaterne,Midtjylland,14
"Annemette Leth Nielsen, Kværndrup",Enhedslisten,Syddanmark,14
Mette Nielsen,Y,Midtjylland,14
"Carl Jørgen Heide, Ærø",Konservative,Syddanmark,14
"Morten Møller, Esbjerg",E,Syddanmark,14
"Nilas Bay-Foged, Aarhus",Alternativet,Midtjylland,14
"Jarl Feyling, København",Socialdemokratiet,Østdanmark,14
"Per de Fries, Mariagerfjord",Danmarksdemokraterne,Nordjylland,14
"Claus Buch, København NV",Venstre,Østdanmark,14
"Ole Holm Petersen, Ærø",Venstre,Syddanmark,14
"Charlotte Petersen, Mariagerfjord",SF,Nordjylland,14
"Kenneth Storm, Aulum",Liberal Alliance,Midtjylland,14
Kasper-Peder Von Bach,Moderaterne,Syddanmark,14
"Lars Findsen, Nyborg",Danmarksdemokraterne,Syddanmark,14
"Emely Wind Thomsen, Gråsten",Dansk Folkeparti,Syddanmark,14
"Kirsten Sander Iversen, Hedensted",Danmarksdemokraterne,Midtjylland,14
Smita Salagare,Moderaterne,Syddanmark,14
"Colin Bradley, Lystrup",P,Midtjylland,14
Allan Blak,Dansk Folkeparti,Østdanmark,14
Frederik Blicher Pedersen,Liberal Alliance,Nordjylland,14
"Bodil Lilliegaard, Rudkøbing",Dansk Folkeparti,Syddanmark,14
"Camilla Holt Jones, Viborg",Socialdemokratiet,Midtjylland,14
"Søren Mikkelsen, Randers Kommune",Radikale,Midtjylland,14
"Peter Mousten, Skive",Dansk Folkeparti,Midtjylland,14
Cæcilia Nilsson,Kristendemokraterne,Østdanmark,14
Margit Lund-Cramer,Kristendemokraterne,Syddanmark,13
"Mikkel Fahlstrøm, Fanø",Enhedslisten,Syddanmark,13
Carsten Bardy Aaen,L,Østdanmark,13
"Kim Hjerrild, Frederiksberg",Alternativet,Østdanmark,13
"Anna Spindler, Holbæk",Danmarksdemokraterne,Østdanmark,13
"Brian Køster, Hvidovre",Radikale,Østdanmark,13
"Camilla Hoffmann, København",Socialdemokratiet,Østdanmark,13
Henrik Rejnholt Andersen,Moderaterne,Midtjylland,13
"Kasper Venning, Viborg",SF,Midtjylland,13
Karl Heinz Tønder,Kristendemokraterne,Syddanmark,13
Jens Winther,Moderaterne,Midtjylland,13
"Torben Thrue, Randers",Danmarksdemokraterne,Midtjylland,13
Flemming Blicher,U,Østdanmark,13
"Michael Schmidt, Halsnæs",Socialdemokratiet,Østdanmark,13
Maria Falk Røjsmose,Moderaterne,Syddanmark,13
"Kent Larsen, Nyborg",Dansk Folkeparti,Syddanmark,13
"Børge Bondeven Frederiksen, Skagen",Enhedslisten,Nordjylland,13
Søren Boje Arvidsen,Moderaterne,Midtjylland,13
"Jan Sylvest Andersen, Aarhus",R,Midtjylland,13
"Kenneth Nielsen, Slagelse",Socialdemokratiet,Østdanmark,13
"Morten Ballegaard Sørensen, Randers",Konservative,Midtjylland,13
"Steffen Daugaard, Middelfart",Dansk Folkeparti,Syddanmark,13
"Jesper Marcus, Gentofte",Konservative,Østdanmark,13
"Rikke Engelbrecht Andersen, Næstved",Venstre,Østdanmark,13
"Ole Terkelsen, Valby",Socialdemokratiet,Østdanmark,12
"Sten Schmidl Søbjærg, Gribskov",Liberal Alliance,Østdanmark,12
"Kim Pagels, Solrød",Radikale,Østdanmark,12
Nana Harring,Dansk Folkeparti,Østdanmark,12
"Esben Iversen, Rødkærsbro",Konservative,Midtjylland,12
Poul Holm Christensen,Moderaterne,Midtjylland,12
"Christina Eilers, Brønderslev",Enhedslisten,Nordjylland,12
"Emil Boost, Aarhus",R,Midtjylland,12
"Torben Krebs, Hadsten",Konservative,Midtjylland,12
Jette Juul,Dansk Folkeparti,Østdanmark,12
"Kirstine Skjødt, Viborg",Konservative,Midtjylland,12
"Claus Bakke, Vordingborg",Venstre,Østdanmark,12
Andreas Simonsen Sinding,Moderaterne,Syddanmark,12
"Helene Vadsten, Sorø",Enhedslisten,Østdanmark,12
Marthin Stadsvold,L,Nordjylland,12
Søren Vanting,Moderaterne,Midtjylland,12
"Frede Hansen, Aalborg",Radikale,Nordjylland,12
"Rikke Christensen, Horsens Kommune",Radikale,Midtjylland,11
"Beatrice W. Korsholm, Horsens",Dansk Folkeparti,Midtjylland,11
"Nanna Marie Muhlig, Aarhus",Venstre,Midtjylland,11
Anita Storgaard,L,Nordjylland,11
"Frederik Edelskov, Sønderborg",Venstre,Syddanmark,11
"Jeanne Blum, Ringsted",Danmarksdemokraterne,Østdanmark,11
"Mogens Hallager, Roskilde",Konservative,Østdanmark,11
"Emilie U. Andersen-Ranberg, Hørsholm",Radikale,Østdanmark,11
"Emil M.D. Christensen, Aarhus",Venstre,Midtjylland,11
"Rikke Mortensen, Egedal",Radikale,Østdanmark,11
"Mark Bjerre Ebbesen, Køge",Venstre,Østdanmark,11
Anders Friis Knudsen,Kristendemokraterne,Syddanmark,11
"Jensa Ottosdóttir, Randers",Kristendemokraterne,Midtjylland,11
"Jan Færch, Solrød",Konservative,Østdanmark,11
"Pernille Mai Brylle, Tønder",Dansk Folkeparti,Syddanmark,11
Hans-Jørgen Jagd,Moderaterne,Syddanmark,11
Søsser Grønnegård,Dansk Folkeparti,Østdanmark,11
"Søren Vang Fischer, Kalundborg",Venstre,Østdanmark,11
"Charlotte Greibe, Hobro",Kristendemokraterne,Nordjylland,11
"Claus Pedersen, Ringkøbing-Skjern Kommune",Radikale,Midtjylland,11
"Søren B. Andersen, Aalborg",Enhedslisten,Nordjylland,11
"Marcus Juul Grønbæk, Ringkøbing-Skjern",Danmarksdemokraterne,Midtjylland,11
"Sanne Friborg, Bornholm",Enhedslisten,Østdanmark,11
"Claus Ljungberg Jørgensen, København",Venstre,Østdanmark,11
"Søren Friis Trebbien, Hvidovre",Konservative,Østdanmark,10
"Jørgen Johansen, Allerød",Konservative,Østdanmark,10
"Kim Lei-Jensen, Odense",Radikale,Syddanmark,10
"Thomas Skov Jensen, Odense",Enhedslisten,Syddanmark,10
"Jeppe Fransson, Roskilde",Radikale,Østdanmark,10
"Jensi Tharsika Thangarajah, Aarhus",Dansk Folkeparti,Midtjylland,10
"Marie Hansen, Kalundborg",Danmarksdemokraterne,Østdanmark,10
"Michael Hemming Nielsen, Gribskov",Enhedslisten,Østdanmark,10
"Stine Østlund, Hillerød",Konservative,Østdanmark,10
"Carina Sarkkinen Jacobsen, Hedensted",SF,Midtjylland,10
"Jesper Adler, Vordingborg",Konservative,Østdanmark,10
"Theis Magle, Hjørring",Radikale,Nordjylland,10
"Claus Sørensen, Hedensted",Konservative,Midtjylland,10
Karen Esmark Hansen,T,Østdanmark,10
"Hans Biering Fonsbøl, Vejle",Alternativet,Syddanmark,10
"John Hyrup Jensen, Sønderborg",SF,Syddanmark,10
Poul Harald Holm,Kristendemokraterne,Syddanmark,10
"Tommy Christensen, Struer",R,Midtjylland,10
Birthe Harritz,Y,Midtjylland,10
"Klaus Kristiansen, Lejre",Liberal Alliance,Østdanmark,10
"Luise Bak, Vallensbæk",Enhedslisten,Østdanmark,10
"Simon Krabbe, Ballerup",Konservative,Østdanmark,10
"Jørgen Ravn Christensen, Jammerbugt",Konservative,Nordjylland,10
"Kim Ries Jensen, Lemvig",Enhedslisten,Midtjylland,10
"Steen Jonsson Agger, Aarhus Kommune",Radikale,Midtjylland,10
"Magnus Rothmann, Aalborg",Kristendemokraterne,Nordjylland,10
"Tobias Daugaard, Løsning",Liberal Alliance,Midtjylland,10
"Heidi Rud, Herning",R,Midtjylland,9
"Søren Wiese, Samsø",Venstre,Midtjylland,9
"René Galsgaard, Holstebro",D,Midtjylland,9
"Frederik Tuxen Bjerrum, Frederiksberg",Liberal Alliance,Østdanmark,9
"Steen Tofteng, Gribskov",Liberal Alliance,Østdanmark,9
Baltser Andersen,R,Syddanmark,9
"Trine Dybkjær, Gentofte",Radikale,Østdanmark,9
Christian Træholt,R,Syddanmark,9
Niclas Aarestrup,Kristendemokraterne,Syddanmark,9
"Sie Grubbe, Ry",R,Midtjylland,9
Evis Sadikaj,Moderaterne,Syddanmark,9
Asger Trier,L,Nordjylland,9
Ida Lildballe,Moderaterne,Syddanmark,9
"Gorm Simonsen, Dronninglund",Radikale,Nordjylland,9
"Daniel Juhl, Faaborg-Midtfyn",Danmarksdemokraterne,Syddanmark,9
"Turan Akbulut, Høje-Taastrup",Konservative,Østdanmark,9
"Birgitte Neergaard-Kofod, Egedal",Konservative,Østdanmark,9
"Line Krogh Lay, Stevns",Radikale,Østdanmark,9
"Jytte Pedersen, Herning",D,Midtjylland,9
"Lars Mejsner, Middelfart",Danmarksdemokraterne,Syddanmark,9
"Lars E. Boesen, Middelfart",Radikale,Syddanmark,9
Jesper Housgaard,Kristendemokraterne,Østdanmark,9
"Johannes Pilgaard, Struer",R,Midtjylland,9
"Jens Lindved, Århus",Enhedslisten,Midtjylland,9
"Bruno Jerup, Næstved",Enhedslisten,Østdanmark,9
"Carsten Petersen, Sorø",Konservative,Østdanmark,9
"Karl Højhus Jeppesen, Kibæk",Konservative,Midtjylland,9
Thue Uhre Lauridsen,Moderaterne,Syddanmark,9
Allan Sørensen,Moderaterne,Syddanmark,8
"Lars Jensen, Løsning",Konservative,Midtjylland,8
Jeppe von Berg,Moderaterne,Midtjylland,8
"Astrid Barslund, Lejre",Danmarksdemokraterne,Østdanmark,8
"Bjørn Bjerrehøj, Tårnby",Radikale,Østdanmark,8
"Majbrit P. Rothmann, Aalborg",Kristendemokraterne,Nordjylland,8
"Hans Bak, Holstebro",Liberal Alliance,Midtjylland,8
"Simon Buus Olsen, Favrskov",Liberal Alliance,Midtjylland,8
"Ivan Damsted, Assens",Socialdemokratiet,Syddanmark,8
"Line Andrup, Egedal",Socialdemokratiet,Østdanmark,8
"Pernille Andreasen, Arentsminde",Enhedslisten,Nordjylland,8
"Arne Otto Ditlevsen, Kerteminde",Danmarksdemokraterne,Syddanmark,8
"Jesper Mayerhofer, Odense",SF,Syddanmark,8
"Natascha Strüwing, Tønder",Dansk Folkeparti,Syddanmark,8
"Lisette Lind Larsen, Faxe",Socialdemokratiet,Østdanmark,8
"Jette Manthey Søgaard, Samsø",Enhedslisten,Midtjylland,8
"Vilhelm Møller, Faxe",Konservative,Østdanmark,8
"Lars Kolling, Assens",Dansk Folkeparti,Syddanmark,8
"Kirsten Rask, Kalundborg",Socialdemokratiet,Østdanmark,8
"Aksel Rosager Johansen, Viborg",Enhedslisten,Midtjylland,8
"Dorte Vilhelmsen, Herlev",Konservative,Østdanmark,8
"Simon Nyborg Jensen, Odense",Alternativet,Syddanmark,8
Elisabeth Bergsøe,J,Østdanmark,8
"Dorthe Mehlberg, Sønderborg",Danmarksdemokraterne,Syddanmark,8
"Jan Strandhave, Svendborg",Venstre,Syddanmark,8
Bjarne Block,Moderaterne,Syddanmark,7
"Michael Mathiesen, Helsingør",Konservative,Østdanmark,7
"Morten Junget, Silkeborg Kommune",Radikale,Midtjylland,7
Lindhardt Højen,L,Nordjylland,7
"Aksel Munch Søndergaard, Aarhus V",SF,Midtjylland,7
Hans-Henning Terp-Hansen,Liberal Alliance,Nordjylland,7
"Morten Pabst Petersen, Middelfart",Enhedslisten,Syddanmark,7
"Morten Stig Pedersen, Holbæk",Enhedslisten,Østdanmark,7
"Egil Hulgaard, Furesø",Konservative,Østdanmark,7
"Johannes Grand, Ballerup",Liberal Alliance,Østdanmark,7
"Bent Jørgensen, Roskilde",Venstre,Østdanmark,7
"Kim Mandix, København",Radikale,Østdanmark,7
"Birthe Oesterling Andersen, Løjt Kirkeby",Enhedslisten,Syddanmark,7
"Patrick Lehto, Tårnby",Konservative,Østdanmark,7
"Palle B. Rosenkilde, Aarhus",Kristendemokraterne,Midtjylland,7
Ove Birk,L,Nordjylland,7
"Dorthe Beck-Nyling, København",Moderaterne,Østdanmark,7
"Oruc Polat, Albertslund",Radikale,Østdanmark,7
"Niels Jessen, Esbjerg",E,Syddanmark,7
"Ole Dupont Kofod, Glamsbjerg",Alternativet,Syddanmark,7
"Njord Fomsgaard Kvistgaard, Randers C",Socialdemokratiet,Midtjylland,7
"Jan Månsson, Sorø",Socialdemokratiet,Østdanmark,7
"Hans Jørgen Kristensen, Kallerup",Radikale,Nordjylland,7
Henrik Viholm,Liberal Alliance,Nordjylland,7
"Bente Borg Donkin, Helsingør",SF,Østdanmark,7
"Lars Carstensen, Furesø",Konservative,Østdanmark,7
"Ruben Kidde, Frederiksberg",Radikale,Østdanmark,7
Rikke Cramer Christiansen,Y,Midtjylland,7
"Victoria Helene Olsen, Roskilde",Konservative,Østdanmark,7
René Danielsson,Dansk Folkeparti,Østdanmark,7
Rasmus Tymm,Liberal Alliance,Nordjylland,7
"Mariann Hansen, Greve",Alternativet,Østdanmark,7
"Michael Grove, Viborg",Konservative,Midtjylland,7
"Marianne Dithmer, Herlev",Enhedslisten,Østdanmark,7
"Rasmus Oxfeldt Larsen, Vordingborg",Socialdemokratiet,Østdanmark,7
"Michael Hendriksen, Bornholm",Danmarksdemokraterne,Østdanmark,7
"Eva Terndrup, Lindelse",Dansk Folkeparti,Syddanmark,7
"Bente Abrahamsen, Faxe",Danmarksdemokraterne,Østdanmark,7
"Glenn Hansen, Vordingborg",Danmarksdemokraterne,Østdanmark,7
"Kirsten Balle, Herlev",SF,Østdanmark,7
Kasper Ibsen,T,Østdanmark,7
"Dorthe Adelsbech, Faxe",Venstre,Østdanmark,6
"Lone Kiilerich, Kerteminde",Dansk Folkeparti,Syddanmark,6
"Jimmi Elley Nielsen, Snejbjerg",Socialdemokratiet,Midtjylland,6
Eva Guldfred,Kristendemokraterne,Østdanmark,6
"Brian Høier, Tårnby",Socialdemokratiet,Østdanmark,6
"Ove Abildgaard, Beder",Enhedslisten,Midtjylland,6
"Katrine Skov, Gladsaxe",Socialdemokratiet,Østdanmark,6
"Per Møller Jacobsen, Herning",R,Midtjylland,6
"Patrizia Venturelli Christensen, Gentofte",Liberal Alliance,Østdanmark,6
"Zishan Ali, Ballerup",Moderaterne,Østdanmark,6
"Per Guldbrandsen, Århus",Enhedslisten,Midtjylland,6
"Lisbeth Dam Larsen, Dragør",Moderaterne,Østdanmark,6
Troels Lillegaard,R,Syddanmark,6
Steen Bjerregaard Jørgensen,Kristendemokraterne,Syddanmark,6
Lars Thomsen,L,Østdanmark,6
"Preben Rasmussen, Aabenraa",Enhedslisten,Syddanmark,6
Steen Løfstrøm,Dansk Folkeparti,Østdanmark,6
"Steffen Jespersen, Horsens",Liberal Alliance,Midtjylland,6
Simon Lavdal,Kristendemokraterne,Syddanmark,6
"Christian Wegener Jørgensen, København",Enhedslisten,Østdanmark,6
Nickolai Hamann,Dansk Folkeparti,Østdanmark,6
"Ida Busk, København",Konservative,Østdanmark,6
"Jakob Svendsen, Viborg",Danmarksdemokraterne,Midtjylland,6
"Marianne Jäger, Nørre Højrup",Dansk Folkeparti,Syddanmark,6
"Jan Carlsen, Roskilde",Moderaterne,Østdanmark,6
"Mads Søe Daugaard, Kalundborg",Moderaterne,Østdanmark,6
Jan Erik Messmann,Dansk Folkeparti,Østdanmark,6
"Thomas Baark, Guldborgsund",Radikale,Østdanmark,6
"Arne Bo Nissen, Odense",Danmarksdemokraterne,Syddanmark,6
"Arne V. Andersen, Ringkøbing",Liberal Alliance,Midtjylland,6
"Martin Ludvigsen, Kerteminde",Danmarksdemokraterne,Syddanmark,6
"Bent Jensen, Silkeborg",Venstre,Midtjylland,6
"Morten Bak Josefsen, Aarhus",Venstre,Midtjylland,6
"Gunnar Sumberg, Gladsaxe",Venstre,Østdanmark,5
"Camilla Sabroe Parbst, Roskilde",Konservative,Østdanmark,5
"Thake Fogh Cordt, Favrskov",Enhedslisten,Midtjylland,5
Bjarne Hartung Kirkegaard,Kristendemokraterne,Østdanmark,5
Jørgen Steen Hansen,Moderaterne,Syddanmark,5
"Claus Græsholm, Hedensted",Enhedslisten,Midtjylland,5
"Malthe Broe, Silkeborg",Venstre,Midtjylland,5
"Claus Rehfeld, København",Radikale,Østdanmark,5
Githa Nelander,Dansk Folkeparti,Østdanmark,5
"Thomas Garfort, Rønne",SF,Østdanmark,5
"Anders Medum Groth, Furesø",Radikale,Østdanmark,5
"Jørgen Bjerregaard, Brovst",Kristendemokraterne,Nordjylland,5
"Mikkel Dam Christensen, Holstebro",Venstre,Midtjylland,5
"Ronny Roy Nielsen, Hedensted Kommune",SF,Midtjylland,5
"Jakup F. Jacobsen, Fjerritslev",Kristendemokraterne,Nordjylland,5
"Yurdal Cicek, Næstved",Alternativet,Østdanmark,5
"Ken Patrick Petersson, Taastrup",SF,Østdanmark,5
"Mette Bram, Frederiksberg",Alternativet,Østdanmark,5
"Emil Karlebjerg, Aarhus N",Konservative,Midtjylland,5
Katrine Johanne Ørnebjerg Larsen,Y,Midtjylland,5
"Martin Buhl, Frederiksberg",Enhedslisten,Østdanmark,5
"Mia Linda Møller, Næstved",Moderaterne,Østdanmark,5
"Kjeld Jeggesen, Fredericia",Danmarksdemokraterne,Syddanmark,5
"Ali Ünsal, Køge",Konservative,Østdanmark,5
"Klara Poder, Rødovre",R,Østdanmark,5
"Tine Hessner, Furesø",Radikale,Østdanmark,5
"Simon Rigét, Gribskov",Alternativet,Østdanmark,5
Michael Lund Markussen,Kristendemokraterne,Syddanmark,5
"Kasper Cederholm, København",Danmarksdemokraterne,Østdanmark,5
Karl Peter Warming,Moderaterne,Syddanmark,5
Ronny Van Tieu,Liberal Alliance,Nordjylland,5
"Arne Raaballe, Vejle",Danmarksdemokraterne,Syddanmark,5
"Karina Dammand, Aarhus",R,Midtjylland,5
"John Madsen, Viborg",Venstre,Midtjylland,5
"Martin Thor Pedersen, Helsingør",Socialdemokratiet,Østdanmark,5
"Henning B. Mikkelsen, Lemvig",Kristendemokraterne,Midtjylland,5
"Mads Damgaard Mortensen, Hedensted",Alternativet,Midtjylland,5
"Mads Justsen, Gentofte",Venstre,Østdanmark,5
"Liselotte Katarina Rotfeld, Næstved",Alternativet,Østdanmark,5
"Jette Leth Buhl, Næstved",SF,Østdanmark,5
"Lisbeth Kjærholt, Høje-Taastrup",Venstre,Østdanmark,5
"Nana L. Buttenschøn, Glostrup",Alternativet,Østdanmark,5
"Magnus Dræby, Halsnæs",Radikale,Østdanmark,5
"Rasmus Meggele Stein, Stevns",Moderaterne,Østdanmark,4
"Katrine Ehlern, København",N,Østdanmark,4
"Noah B. Bandholm, Vejle",Venstre,Syddanmark,4
Søren Pagh Albers,L,Nordjylland,4
"Helle Jørgensen, Glostrup",Danmarksdemokraterne,Østdanmark,4
"Dennis Munk Lionett, Randers",Enhedslisten,Midtjylland,4
"Jørgen Madsen, Silkeborg",Enhedslisten,Midtjylland,4
"Brian Christensen, Lemvig",Kristendemokraterne,Midtjylland,4
"Mogens Anneberg, Bornholm",Konservative,Østdanmark,4
Mette Strange Hagen,L,Østdanmark,4
"Birgitte Kehler Holst, København",Alternativet,Østdanmark,4
"Annie Hagel, Gilleleje",Enhedslisten,Østdanmark,4
"Nils-Erik Thorborg Mulvad, Randers",Kristendemokraterne,Midtjylland,4
"Esben Hedeager, Horsens",Konservative,Midtjylland,4
"Niels Kristian Pilgaard Jensen, Jammerbugt",Radikale,Nordjylland,4
"Bente Lerche-Thomsen, Guldborgsund",Enhedslisten,Østdanmark,4
"Kasper Pagh, Horsens",Konservative,Midtjylland,4
"Bodil Kornbek, Lyngby-Taarbæk",Socialdemokratiet,Østdanmark,4
"Annegrete Jensen, Jammerbugt",Radikale,Nordjylland,4
"Tonny Stenkilde, Vissenbjerg",Konservative,Syddanmark,4
"Frederik Haugstrup Jacobsen, Østerbro",Socialdemokratiet,Østdanmark,4
"Kristian Kirk Mailand, Bornholm",Radikale,Østdanmark,4
Michel Thrysøe,Liberal Alliance,Nordjylland,4
"Ulrik Linvald, Ringkøbing-Skjern",Konservative,Midtjylland,4
"Allan Svendsen, Tønder",Dansk Folkeparti,Syddanmark,4
"Leif Krøyer, Søvind",D,Midtjylland,4
Lave Knud Broch,J,Østdanmark,4
"John Ørtoft, Vejgaard",Enhedslisten,Nordjylland,4
"Lisa Jonasson, Sønderborg",Venstre,Syddanmark,4
"Kenneth Gøtterup, Amager",Konservative,Østdanmark,4
"Claus Heje, Høje-Taastrup",Socialdemokratiet,Østdanmark,4
"Eik Dahl Bidstrup, Dragør",Liberal Alliance,Østdanmark,4
"Jette Julius Kristiansen, Aabenraa",Dansk Folkeparti,Syddanmark,4
"Julie Bruus Jensen, Odense",Venstre,Syddanmark,4
"Dirk Müller, Bogense",Enhedslisten,Syddanmark,4
"John Tefke, Lyngby",Konservative,Østdanmark,4
"Julie Herdal Molbech, København",Radikale,Østdanmark,4
"Thomas Anker, København",Alternativet,Østdanmark,4
"Susanne Damsgaard, Gladsaxe",Danmarksdemokraterne,Østdanmark,4
"Birgit Gedionsen, Solrød",Enhedslisten,Østdanmark,4
Thomas Christiansen,Liberal Alliance,Nordjylland,4
"Jane Christensen, Kalundborg",Konservative,Østdanmark,3
"Marianne Mix, Svendborg",Dansk Folkeparti,Syddanmark,3
"Søren Thomsen, Silkeborg",Enhedslisten,Midtjylland,3
"Therese Hejnfelt, Frederikssund",Konservative,Østdanmark,3
"Jens-Kristian Lütken, København",Venstre,Østdanmark,3
David Gerschwald,Dansk Folkeparti,Østdanmark,3
Joakim Viborg Olesen,Kristendemokraterne,Syddanmark,3
"Søren Kragh, Sorø",Liberal Alliance,Østdanmark,3
"Dorthe Kerschus, Brønderslev",Radikale,Nordjylland,3
"Frank Hedegaard, København",SF,Østdanmark,3
"Sven-Erik Jørgensen, Hinnerup",Kristendemokraterne,Midtjylland,3
"Kim Elmose, Roskilde",SF,Østdanmark,3
"Knud Rasmussen, Solrød",N,Østdanmark,3
"Kim Jørstad, Kerteminde",SF,Syddanmark,3
"Vibeke Grønbæk, Vordingborg",Radikale,Østdanmark,3
"Simon Overby Kristensen, Horsens",Kristendemokraterne,Midtjylland,3
Ole J. J. Jensen,Moderaterne,Syddanmark,3
"Kim Lykkegaard, København N",R,Østdanmark,3
"Edris Qasimi, Sorø",Radikale,Østdanmark,3
"Mathias Skrydstrup Kristensen, Aalborg",Enhedslisten,Nordjylland,3
"Ken Riberholt-Rischel, Gribskov",Danmarksdemokraterne,Østdanmark,3
"Merete Them Kjølholm, Allerød",Radikale,Østdanmark,3
"Emilie Borch Sloth, Glostrup",Radikale,Østdanmark,3
"Ludwig Heldt, København",Socialdemokratiet,Østdanmark,3
"Katrine Schiller, Halsnæs",Danmarksdemokraterne,Østdanmark,3
"Martin Kjærulff, København NV",Alternativet,Østdanmark,3
"Dickte Noël Toft, Hørsholm",Socialdemokratiet,Østdanmark,3
"Louise Theilade Thomsen, København",Venstre,Østdanmark,3
"Mette Bang Larsen, Frederiksberg",Enhedslisten,Østdanmark,3
"Benny Bindslev, Tårnby",Danmarksdemokraterne,Østdanmark,3
Michaell Ravn,J,Østdanmark,3
"Helle Nørregaard, Vordingborg",Enhedslisten,Østdanmark,3
"Phillip Bergenhammer Østergaard, Tårnby",SF,Østdanmark,3
"Nanna Høyrup, Hundested",Alternativet,Østdanmark,3
"Pia Skourup, Ishøj",Venstre,Østdanmark,3
"Jonas Niemann, Gentofte",SF,Østdanmark,3
"Teddy Stafsen, Svendborg",Radikale,Syddanmark,3
"Bodil Helbo, Odense C",Alternativet,Syddanmark,3
"Claus Neergaard, Næstved",Konservative,Østdanmark,3
Lasse Larsen,J,Østdanmark,3
Mikkel Hartwich,Dansk Folkeparti,Østdanmark,3
"John Schmidt Andersen, Frederikssund",Venstre,Østdanmark,3
"Torben Conrad, København N",Enhedslisten,Østdanmark,3
"Lars Dohn, Herning",Enhedslisten,Midtjylland,3
"Palle Kristiansen, Slagelse",Danmarksdemokraterne,Østdanmark,3
"Ronald Kongstad, Fredericia",Danmarksdemokraterne,Syddanmark,3
"Maj Allin Thorup, Hørsholm",Konservative,Østdanmark,3
"Anders Kristian Lyng, Hobro",Kristendemokraterne,Nordjylland,3
"Kaj Meng Petersen, Ringkøbing-Skjern",Danmarksdemokraterne,Midtjylland,3
"Torben Skytte Raahede, København",Venstre,Østdanmark,3
"Inge Jensen, Ringkøbing-Skjern",Kristendemokraterne,Midtjylland,3
"Kurt Pii, Frederiksberg",Moderaterne,Østdanmark,3
"Bob Richard Nielsen, Guldborgsund",Danmarksdemokraterne,Østdanmark,3
"Lars Winther, Egedal",Liberal Alliance,Østdanmark,2
"Lisbeth Skov, Allerød",Venstre,Østdanmark,2
"Stig Ekman, Bispebjerg",Socialdemokratiet,Østdanmark,2
"Maria Katarina Nielsen, Frederikssund",Radikale,Østdanmark,2
"Christian Fink Elkjær, Rudersdal",Radikale,Østdanmark,2
Henrik Vendelbo Petersen,U,Østdanmark,2
"Andreas Raben, København",Moderaterne,Østdanmark,2
Preben Thorsen,Moderaterne,Syddanmark,2
"Thomas von Jessen, Fredensborg",Konservative,Østdanmark,2
"Per Nielsen, Aarhus",R,Midtjylland,2
Angus Skov Axelsen,R,Syddanmark,2
"Jesper Tvilde, Fredensborg",Konservative,Østdanmark,2
Martin Rosbjørn,Dansk Folkeparti,Østdanmark,2
"Kim B. Nielsen, Roskilde",Danmarksdemokraterne,Østdanmark,2
Mathias Rothausen,R,Syddanmark,2
"Jeanette Vedelstjerne, Lyngby-Taarbæk",Moderaterne,Østdanmark,2
"Thomas Skov Rasmussen, Egedal",Venstre,Østdanmark,2
"Arne Olsen, Sorø",Danmarksdemokraterne,Østdanmark,2
"Maiken Huglstad Pedersen, Esbjerg",E,Syddanmark,2
"Steffen Søgaard, Randers",SF,Midtjylland,2
"Therese Skaarup, Gentofte",Danmarksdemokraterne,Østdanmark,2
"Cille Egholm, København",Venstre,Østdanmark,2
"Rico Djernis, København",Konservative,Østdanmark,2
"Frank Østergaard, Jammerbugt Kommune",SF,Nordjylland,2
Kristian Tørning,Dansk Folkeparti,Østdanmark,2
"Rosa Mørch Jørgensen, København S",R,Østdanmark,2
"Thue Christian Thann Nikolajsen, København NV",Enhedslisten,Østdanmark,2
Frank Jørgensen,L,Nordjylland,2
Nicolai Otto Mønsted Hermansen,L,Østdanmark,2
"Kristian Flindt Dyrkjøb, København V",Alternativet,Østdanmark,2
Finn Andersen,Kristendemokraterne,Østdanmark,2
"Sigurd Andersen, Nørresundby",Venstre,Nordjylland,2
Jimmy Abel Nielsen,Liberal Alliance,Nordjylland,2
Rikke Galina Frydensbjerg Carlsson,P,Østdanmark,2
"Michael Monberg, Køge",Alternativet,Østdanmark,2
Imad Daher,L,Østdanmark,2
"Maibritt Nielsen, Frederikssund",Danmarksdemokraterne,Østdanmark,2
"Jan Kjærgaard, Faxe",Enhedslisten,Østdanmark,2
Axel Ljungquist,Kristendemokraterne,Østdanmark,2
"Klavs A. Holm, Hellerup",Moderaterne,Østdanmark,2
"Rebecca Plomin, Gladsaxe",Konservative,Østdanmark,2
"Lars Hoppe Søe, Næstved",Radikale,Østdanmark,2
"Henrik Stamer Hedin, Ry",R,Midtjylland,2
"Olaf Johansen, Slagelse",SF,Østdanmark,2
"Mikkel Krog, Lejre",Socialdemokratiet,Østdanmark,2
Gert Løfgren,Dansk Folkeparti,Østdanmark,2
"Gert Petersen, Roskilde",Enhedslisten,Østdanmark,2
"Søren Rasmussen, Vangede",Enhedslisten,Østdanmark,1
"Søs Haugaard, København",Radikale,Østdanmark,1
Thomas Heuniche,Liberal Alliance,Nordjylland,1
Tobias Christensen,R,Syddanmark,1
"Ulrik Juhl Hansen, Vesterbro",Socialdemokratiet,Østdanmark,1
Abaz Sabani,L,Østdanmark,1
"Søren Hyldgaard, Rudersdal",Moderaterne,Østdanmark,1
"Jan H. Klit, København",Konservative,Østdanmark,1
"Gitte Kjær-Westermann, Lyngby-Taarbæk",Radikale,Østdanmark,1
"Helle Barth, Dragør",Venstre,Østdanmark,1
"Henning Bo Madsen, Ringkøbing",Enhedslisten,Midtjylland,1
"Henning Engelhardt Simonsen, Horsens",Danmarksdemokraterne,Midtjylland,1
"Inge Høgh, Silkeborg",R,Midtjylland,1
"Jacob Olesen, Herning",R,Midtjylland,1
"Jan Kjældgaard, Farum",SF,Østdanmark,1
"Kim Larsen, Kastrup",Enhedslisten,Østdanmark,1
"Jesper Hammer, Fredensborg",Venstre,Østdanmark,1
"Søren Burcharth, København",Radikale,Østdanmark,1
"Jesper Veiby, Aalborg",Kristendemokraterne,Nordjylland,1
Johnnie Gregersen,Kristendemokraterne,Østdanmark,1
"Josée Linnemann, Fredensborg",Moderaterne,Østdanmark,1
"Jørgen Olsson, Birkelse",Enhedslisten,Nordjylland,1
"Gert L. Heglund, Gentofte",Liberal Alliance,Østdanmark,1
"Gert Jensen, Glostrup",Venstre,Østdanmark,1
Flemming Jahns,Moderaterne,Syddanmark,1
"Emin Bülent Kaya, Køge",Moderaterne,Østdanmark,1
"Edvard Aas, Furesø",Danmarksdemokraterne,Østdanmark,1
Don Winther,L,Østdanmark,1
"Dina Person, Slagelse",Danmarksdemokraterne,Østdanmark,1
"Dan Kiving, Sorø",Enhedslisten,Østdanmark,1
"Claus Wachmann, Gladsaxe",Radikale,Østdanmark,1
"Claus Carlsen, Roskilde",R,Østdanmark,1
"Christian Wikström, Hørsholm",Venstre,Østdanmark,1
"Celine Lind Jakobsen, Fredensborg",Konservative,Østdanmark,1
"Brian T. Andersen, Herning",Kristendemokraterne,Midtjylland,1
"Benny Hansen, Ishøj",N,Østdanmark,1
"Bachir Belmajdoub, København",N,Østdanmark,1
"Arne S. Hansen, Tårnby",Danmarksdemokraterne,Østdanmark,1
"Alina Protsyk, København",Radikale,Østdanmark,1
"Jørgen Suhr, Hillerød",Radikale,Østdanmark,1
"Åge Skovrind, Roskilde",Enhedslisten,Østdanmark,1
"Mille Koch Rømer, Østerbro",Socialdemokratiet,Østdanmark,1
Sine Bilfeldt,P,Østdanmark,1
Niels Chresten Andersen,Kristendemokraterne,Østdanmark,1
"Niels Erik Danielsen, Høng",Enhedslisten,Østdanmark,1
"Martin Grønkjær, Brøndby",Venstre,Østdanmark,1
"Niklas Svenningsen, Nivå",R,Østdanmark,1
"Marianne Bredgaard Karlsson, Fredensborg",Radikale,Østdanmark,1
"Rasmus Petersen, Frederikssund",Enhedslisten,Østdanmark,1
"Magnus Mørk, Hårlev",R,Østdanmark,1
"Niels Bjarne Lund, Bogense",Enhedslisten,Syddanmark,1
"Poul Reher Jensen, Gladsaxe",SF,Østdanmark,1
"Nina Skaarup, Måløv",Venstre,Østdanmark,1
"Peter Roswall, Stevns",Enhedslisten,Østdanmark,1
"Lars Green Bach, Ballerup",Radikale,Østdanmark,1
Lars Emanuel,P,Østdanmark,1
"Steen S. Hansen, Stevns",Socialdemokratiet,Østdanmark,1
"Stefan Göttler, Svendborg",Radikale,Syddanmark,1
"Palle Eghjort, Vordingborg",Enhedslisten,Østdanmark,1
"Morten Bille, Ullerød",Venstre,Østdanmark,1
Ditte Sieling Emanuel,L,Østdanmark,0
"Claus Rasmussen, Albertslund",Venstre,Østdanmark,0
"Ravin Gomei, Roskilde",R,Østdanmark,0
"Knud Mogensen, Helsingør",Radikale,Østdanmark,0
"René Arnt, Taastrup",Moderaterne,Østdanmark,0
"Charlotte Saabye Sørensen, København N",Radikale,Østdanmark,0
"Robert Mørck, Furesø",Liberal Alliance,Østdanmark,0
"Paul Thomsen, Farum",Venstre,Østdanmark,0
Britta Kristensen,Kristendemokraterne,Østdanmark,0
"Rune Jørgensen, København Ø",R,Østdanmark,0
"Bjarne Linneberg, Skive",Konservative,Midtjylland,0
Sabine Lind,L,Østdanmark,0
B. Tscherning,P,Østdanmark,0
Auli Romanow,Dansk Folkeparti,Østdanmark,0
Allan Øster Steensen,Dansk Folkeparti,Østdanmark,0
"Alice Rudkjær, Rudersdal",Socialdemokratiet,Østdanmark,0
"Per Fabricius Ramsing, København",Alternativet,Østdanmark,0
"Gert Biilmann, Herlev",Venstre,Østdanmark,0
"Egon Bo, Slagelse",Konservative,Østdanmark,0
"Erik Moesby Nordstrøm, Furesø",Moderaterne,Østdanmark,0
Kim W. Bilfeldt,P,Østdanmark,0
"Kristina Kongsted, Helsingør",Venstre,Østdanmark,0
"Kenneth J. Grinderslev, Skive",Konservative,Midtjylland,0
Kurt Pedersen,Kristendemokraterne,Østdanmark,0
"Lartey Lawson, København",Radikale,Østdanmark,0
"Johannes Jacobsen, Køge",Enhedslisten,Østdanmark,0
"Jette Wied Weiss, Stevns",Danmarksdemokraterne,Østdanmark,0
Lise-Lotte Dahlgaard Mortensen,L,Østdanmark,0
"Jesper Luthman, Espergærde",Radikale,Østdanmark,0
"Janus Balleby Rønbach, Brøndby",Enhedslisten,Østdanmark,0
"Martin Schepelern, København",Radikale,Østdanmark,0
"Jacob Netteberg, Birkerød",Radikale,Østdanmark,0
Mogens Riis Pedersen,Kristendemokraterne,Østdanmark,0
"Morten Hjort, Stege",Enhedslisten,Østdanmark,0
"Harald Viuff, København SV",Enhedslisten,Østdanmark,0
Hans Nielsen,P,Østdanmark,0
"Klaus Kjelstrup, Køge",Danmarksdemokraterne,Østdanmark,0
"Frederik Germann, Halsnæs",Konservative,Østdanmark,0
"Eva Fotland, København",N,Østdanmark,0
Jesper Morville,J,Østdanmark,0
