dagi_id;navn;nummer;afstemningssted_navn;kommune_id;opstillingskreds_nummer;opstillingskreds_dagi_id;afstemningssted_adresse;region;største_parti;pop_up
709812;Langå, Svindinge Og Øksendrup;5;Svindinge Forsamlingshus;450;46;403614;Strædet 2, Svindinge, 5853 Ørbæk;Syddanmark;;"<b style='color:#494949; font-size:1.5em;margin-bottom: 10px'>nan</b><br> blev størst i Svindinge Forsamlingshus<br>"
748590;Nymarken;3;Nymarksskolen;440;46;403614;Nymarken 47, Hundslev, 5300 Kerteminde;Syddanmark;;"<b style='color:#494949; font-size:1.5em;margin-bottom: 10px'>nan</b><br> blev størst i Nymarksskolen<br>"
706574;Kerteminde;2;Kerteminde Idrætscenter;440;46;403614;Enggade 19, 5300 Kerteminde;Syddanmark;;"<b style='color:#494949; font-size:1.5em;margin-bottom: 10px'>nan</b><br> blev størst i Kerteminde Idrætscenter<br>"
703760;Skellerup;8;Skellerup Forsamlingshus;450;46;403614;Skellerup Byvej 16, 5540 Ullerslev;Syddanmark;;"<b style='color:#494949; font-size:1.5em;margin-bottom: 10px'>nan</b><br> blev størst i Skellerup Forsamlingshus<br>"
703754;Nyborghallen;2;Nyborghallen;450;46;403614;Halvej 1, 5800 Nyborg;Syddanmark;;"<b style='color:#494949; font-size:1.5em;margin-bottom: 10px'>nan</b><br> blev størst i Nyborghallen<br>"
708346;Ørbæk;10;Ørbæk Midtpunkt;450;46;403614;Langemosevej 5, 5853 Ørbæk;Syddanmark;;"<b style='color:#494949; font-size:1.5em;margin-bottom: 10px'>nan</b><br> blev størst i Ørbæk Midtpunkt<br>"
712260;Hindsholm;1;Hindsholmskolen;440;46;403614;Dalby Bygade 5, 5380 Dalby;Syddanmark;;"<b style='color:#494949; font-size:1.5em;margin-bottom: 10px'>nan</b><br> blev størst i Hindsholmskolen<br>"
708334;Ullerslev;6;Ullerslev Kultur- og Idrætscenter;450;46;403614;Skolevej 2, 5540 Ullerslev;Syddanmark;;"<b style='color:#494949; font-size:1.5em;margin-bottom: 10px'>nan</b><br> blev størst i Ullerslev Kultur- og Idrætscenter<br>"
705368;Aunslevhallen;1;Aunslevhallen;450;46;403614;Skovgyden 1, Aunslev, 5800 Nyborg;Syddanmark;;"<b style='color:#494949; font-size:1.5em;margin-bottom: 10px'>nan</b><br> blev størst i Aunslevhallen<br>"
706642;Kullerup Og Refsvindinge;13;Refsvindinge Forsamlingshus;450;46;403614;Refsvindinge Byvej 26, Refsvindinge, 5853 Ørbæk;Syddanmark;;"<b style='color:#494949; font-size:1.5em;margin-bottom: 10px'>nan</b><br> blev størst i Refsvindinge Forsamlingshus<br>"
705374;Vindinge Forsamlingshus;4;Vindinge Forsamlingshus;450;46;403614;Bøjdenvej 75, Vindinge, 5800 Nyborg;Syddanmark;;"<b style='color:#494949; font-size:1.5em;margin-bottom: 10px'>nan</b><br> blev størst i Vindinge Forsamlingshus<br>"
708340;Langtved;9;Langtved Forsamlingshus;450;46;403614;Langtvedvej 15, 5540 Ullerslev;Syddanmark;;"<b style='color:#494949; font-size:1.5em;margin-bottom: 10px'>nan</b><br> blev størst i Langtved Forsamlingshus<br>"
705322;Marslev;4;Marslev Skole- og Børnehus;440;46;403614;Marslev Byvej 41, 5290 Marslev;Syddanmark;;"<b style='color:#494949; font-size:1.5em;margin-bottom: 10px'>nan</b><br> blev størst i Marslev Skole- og Børnehus<br>"
707976;Munkebo;6;Munkebo Idrætscenter;440;46;403614;Mosevangen 2, 5330 Munkebo;Syddanmark;;"<b style='color:#494949; font-size:1.5em;margin-bottom: 10px'>nan</b><br> blev størst i Munkebo Idrætscenter<br>"
705316;Langeskov;5;Langeskov Idrætscenter;440;46;403614;Børmosevej 3, 5550 Langeskov;Syddanmark;;"<b style='color:#494949; font-size:1.5em;margin-bottom: 10px'>nan</b><br> blev størst i Langeskov Idrætscenter<br>"
701998;Ellinge;7;Ellinge Forsamlingshus;450;46;403614;Gl. Byvej 12, Ellinge, 5540 Ullerslev;Syddanmark;;"<b style='color:#494949; font-size:1.5em;margin-bottom: 10px'>nan</b><br> blev størst i Ellinge Forsamlingshus<br>"
702004;Ellested Og Herrested;12;Herrested Forsamlingshus;450;46;403614;Odensevej 100, Herrested, 5853 Ørbæk;Syddanmark;;"<b style='color:#494949; font-size:1.5em;margin-bottom: 10px'>nan</b><br> blev størst i Herrested Forsamlingshus<br>"
706634;Bastionen;3;Bastionen;450;46;403614;Nørrevoldgade 63, 5800 Nyborg;Syddanmark;;"<b style='color:#494949; font-size:1.5em;margin-bottom: 10px'>nan</b><br> blev størst i Bastionen<br>"
705380;Frørup Og Tårup;11;Frørup Forsamlingshus;450;46;403614;Kogsbøllevej 83, 5871 Frørup;Syddanmark;;"<b style='color:#494949; font-size:1.5em;margin-bottom: 10px'>nan</b><br> blev størst i Frørup Forsamlingshus<br>"
701908;Dalby/Tved/Rebæk;11;Dalbyhallen;621;60;403627;Dalbyvej 116C, Dalby, 6000 Kolding;Syddanmark;;"<b style='color:#494949; font-size:1.5em;margin-bottom: 10px'>nan</b><br> blev størst i Dalbyhallen<br>"
712326;Vamdrup/Hjarup/Ødis;14;Arena Syd;621;60;403627;Idrætsvej 3, 6580 Vamdrup;Syddanmark;;"<b style='color:#494949; font-size:1.5em;margin-bottom: 10px'>nan</b><br> blev størst i Arena Syd<br>"
712312;Chr.Feld/Stepping/Taps/Hejls;15;Cuben;621;60;403627;Østprøven 1, 6070 Christiansfeld;Syddanmark;;"<b style='color:#494949; font-size:1.5em;margin-bottom: 10px'>nan</b><br> blev størst i Cuben<br>"
701902;Centrum Syd;8;Brændkjærhallen, Idræts- og kulturhus;621;60;403627;Dannersvej 2, 6000 Kolding;Syddanmark;;"<b style='color:#494949; font-size:1.5em;margin-bottom: 10px'>nan</b><br> blev størst i Brændkjærhallen, Idræts- og kulturhus<br>"
712320;Seest;10;Bakkeskolen;621;60;403627;Seestvej 6, Seest, 6000 Kolding;Syddanmark;;"<b style='color:#494949; font-size:1.5em;margin-bottom: 10px'>nan</b><br> blev størst i Bakkeskolen<br>"
705308;S Bjert/S Stenderup/Vejstrup;12;Bjert-Hallen;621;60;403627;Engløkke 7, Agtrup, 6091 Bjert;Syddanmark;;"<b style='color:#494949; font-size:1.5em;margin-bottom: 10px'>nan</b><br> blev størst i Bjert-Hallen<br>"
701916;Sydbyen;9;Pulzion;621;60;403627;Peter Tofts Vej 21, 6000 Kolding;Syddanmark;;"<b style='color:#494949; font-size:1.5em;margin-bottom: 10px'>nan</b><br> blev størst i Pulzion<br>"
707970;Vonsild;13;Vonsildhallen;621;60;403627;Catolhavegyden 19, Vonsild, 6000 Kolding;Syddanmark;;"<b style='color:#494949; font-size:1.5em;margin-bottom: 10px'>nan</b><br> blev størst i Vonsildhallen<br>"
706060;Vester Sottrup;13;Forsamlingsgaarden Sundeved;540;49;403618;Nybølvej 2, Vester Sottrup, 6400 Sønderborg;Syddanmark;;"<b style='color:#494949; font-size:1.5em;margin-bottom: 10px'>nan</b><br> blev størst i Forsamlingsgaarden Sundeved<br>"
704566;Gråsten;16;Ahlmannsparken;540;49;403618;Ahlefeldvej 4, 6300 Gråsten;Syddanmark;;"<b style='color:#494949; font-size:1.5em;margin-bottom: 10px'>nan</b><br> blev størst i Ahlmannsparken<br>"
701416;Dybbøl;12;Skansehallerne - Dybbøl;540;49;403618;Aabenraavej 25, 6400 Sønderborg;Syddanmark;;"<b style='color:#494949; font-size:1.5em;margin-bottom: 10px'>nan</b><br> blev størst i Skansehallerne - Dybbøl<br>"
704588;Sønderskov, Sønderborg;10;Sønderskov Hallen;540;49;403618;B.S.Ingemanns Vej 1, 6400 Sønderborg;Syddanmark;;"<b style='color:#494949; font-size:1.5em;margin-bottom: 10px'>nan</b><br> blev størst i Sønderskov Hallen<br>"
706066;Kværs;17;Kværs Hallerne;540;49;403618;Avntoftvej 8, Kværs, 6300 Gråsten;Syddanmark;;"<b style='color:#494949; font-size:1.5em;margin-bottom: 10px'>nan</b><br> blev størst i Kværs Hallerne<br>"
701408;Egen;3;Guderup Forsamling- og Selskabshus;540;49;403618;Trappen 6, Guderup, 6430 Nordborg;Syddanmark;;"<b style='color:#494949; font-size:1.5em;margin-bottom: 10px'>nan</b><br> blev størst i Guderup Forsamling- og Selskabshus<br>"
706040;Ullerup;14;Bakkensbro Aktivitets- og Kultur Center;540;49;403618;Bakkensbro 6, Ullerup, 6400 Sønderborg;Syddanmark;;"<b style='color:#494949; font-size:1.5em;margin-bottom: 10px'>nan</b><br> blev størst i Bakkensbro Aktivitets- og Kultur Center<br>"
710622;Kongevej, Sønderborg;11;Kongevej - Sønderborg;540;49;403618;Kongevej 19A, 6400 Sønderborg;Syddanmark;;"<b style='color:#494949; font-size:1.5em;margin-bottom: 10px'>nan</b><br> blev størst i Kongevej - Sønderborg<br>"
703032;Sydals;7;Sydals-Hallen;540;49;403618;Mommarkvej 352, Tandslet, 6470 Sydals;Syddanmark;;"<b style='color:#494949; font-size:1.5em;margin-bottom: 10px'>nan</b><br> blev størst i Sydals-Hallen<br>"
706048;Broager;15;Broager-Hallen;540;49;403618;Skolevej 5, 6310 Broager;Syddanmark;;"<b style='color:#494949; font-size:1.5em;margin-bottom: 10px'>nan</b><br> blev størst i Broager-Hallen<br>"
710642;Augustenborg;5;Augustenborghallerne;540;49;403618;Kettingvej 19A, 6440 Augustenborg;Syddanmark;;"<b style='color:#494949; font-size:1.5em;margin-bottom: 10px'>nan</b><br> blev størst i Augustenborghallerne<br>"
703038;Nordborg;1;Nordborg Hallen;540;49;403618;Luffes Plads 2, 6430 Nordborg;Syddanmark;;"<b style='color:#494949; font-size:1.5em;margin-bottom: 10px'>nan</b><br> blev størst i Nordborg Hallen<br>"
707448;Hørup;6;Hørup-Hallerne;540;49;403618;Vestervej 42, Hørup, 6470 Sydals;Syddanmark;;"<b style='color:#494949; font-size:1.5em;margin-bottom: 10px'>nan</b><br> blev størst i Hørup-Hallerne<br>"
707466;Kegnæs;8;Kegnæs Forsamlingshus;540;49;403618;Nørre Landevej 59, Kegnæs, 6470 Sydals;Syddanmark;;"<b style='color:#494949; font-size:1.5em;margin-bottom: 10px'>nan</b><br> blev størst i Kegnæs Forsamlingshus<br>"
701434;Humlehøj, Sønderborg;9;Humlehøj Hallerne;540;49;403618;Stråbjergvej 1, 6400 Sønderborg;Syddanmark;;"<b style='color:#494949; font-size:1.5em;margin-bottom: 10px'>nan</b><br> blev størst i Humlehøj Hallerne<br>"
701428;Fynshav;4;Diamanten;540;49;403618;Gyden 100, Fynshav, 6440 Augustenborg;Syddanmark;;"<b style='color:#494949; font-size:1.5em;margin-bottom: 10px'>nan</b><br> blev størst i Diamanten<br>"
710634;Havnbjerg;2;Musikkens Hus;540;49;403618;Studievej 6, Havnbjerg, 6430 Nordborg;Syddanmark;;"<b style='color:#494949; font-size:1.5em;margin-bottom: 10px'>nan</b><br> blev størst i Musikkens Hus<br>"
748639;Bogense;1;Bogense Hallerne;480;45;403613;Kristianslundsvej 2, 5400 Bogense;Syddanmark;;"<b style='color:#494949; font-size:1.5em;margin-bottom: 10px'>nan</b><br> blev størst i Bogense Hallerne<br>"
748633;Morud;8;Havrehedskolen, afd. Morud;480;45;403613;Rugårdsvej 729, 5462 Morud;Syddanmark;;"<b style='color:#494949; font-size:1.5em;margin-bottom: 10px'>nan</b><br> blev størst i Havrehedskolen, afd. Morud<br>"
706714;Middelfart V;1;Vestre Skole - Multisalen;410;45;403613;Søndergade 41, 5500 Middelfart;Syddanmark;;"<b style='color:#494949; font-size:1.5em;margin-bottom: 10px'>nan</b><br> blev størst i Vestre Skole - Multisalen<br>"
700808;Brenderup;10;Brenderup Forsamlingshus;410;45;403613;Brenderupvej 22, Gl Brenderup, 5464 Brenderup Fyn;Syddanmark;;"<b style='color:#494949; font-size:1.5em;margin-bottom: 10px'>nan</b><br> blev størst i Brenderup Forsamlingshus<br>"
703828;Strib;3;Strib Skole - Hallen;410;45;403613;Røjlemosevej 9, Strib, 5500 Middelfart;Syddanmark;;"<b style='color:#494949; font-size:1.5em;margin-bottom: 10px'>nan</b><br> blev størst i Strib Skole - Hallen<br>"
708394;Middelfart Ø;2;Lillebæltshallen - Hal B;410;45;403613;Færøvej 74, 5500 Middelfart;Syddanmark;;"<b style='color:#494949; font-size:1.5em;margin-bottom: 10px'>nan</b><br> blev størst i Lillebæltshallen - Hal B<br>"
748635;Hårslev;7;Hårslev Hallen;480;45;403613;Ejlskovvej 16, Hårslev, 5471 Søndersø;Syddanmark;;"<b style='color:#494949; font-size:1.5em;margin-bottom: 10px'>nan</b><br> blev størst i Hårslev Hallen<br>"
748632;Krogsbølle;3;Sletten Skole, afd. Krogsbølle;480;45;403613;Krogsbølle Bygade 54, Krogsbølle, 5450 Otterup;Syddanmark;;"<b style='color:#494949; font-size:1.5em;margin-bottom: 10px'>nan</b><br> blev størst i Sletten Skole, afd. Krogsbølle<br>"
748631;Veflinge;6;Havrehedskolen, afd. Veflinge;480;45;403613;Vedel Simonsensvej 31, 5474 Veflinge;Syddanmark;;"<b style='color:#494949; font-size:1.5em;margin-bottom: 10px'>nan</b><br> blev størst i Havrehedskolen, afd. Veflinge<br>"
705422;Ejby;8;Ejby Hallen;410;45;403613;Halvej 5, Ejby, 5592 Ejby;Syddanmark;;"<b style='color:#494949; font-size:1.5em;margin-bottom: 10px'>nan</b><br> blev størst i Ejby Hallen<br>"
711266;Baaring;7;Båring Skole - Multisalen;410;45;403613;Byvejen 29, Baaring, 5466 Asperup;Syddanmark;;"<b style='color:#494949; font-size:1.5em;margin-bottom: 10px'>nan</b><br> blev størst i Båring Skole - Multisalen<br>"
748638;Særslev;9;Særslev Forsamlingshus;480;45;403613;Vestergade 22, Særslev, 5471 Søndersø;Syddanmark;;"<b style='color:#494949; font-size:1.5em;margin-bottom: 10px'>nan</b><br> blev størst i Særslev Forsamlingshus<br>"
748637;Søndersø;10;Søndersø Rådhus, Tingstedet;480;45;403613;Vesterled 8, 5471 Søndersø;Syddanmark;;"<b style='color:#494949; font-size:1.5em;margin-bottom: 10px'>nan</b><br> blev størst i Søndersø Rådhus, Tingstedet<br>"
708388;Gelsted;9;Gelsted Skole - Festsalen;410;45;403613;Gelstedvej 29, Gelsted, 5591 Gelsted;Syddanmark;;"<b style='color:#494949; font-size:1.5em;margin-bottom: 10px'>nan</b><br> blev størst i Gelsted Skole - Festsalen<br>"
748636;Otterup;4;Otterup Idrætscenter;480;45;403613;Stadionvej 50, Otterup, 5450 Otterup;Syddanmark;;"<b style='color:#494949; font-size:1.5em;margin-bottom: 10px'>nan</b><br> blev størst i Otterup Idrætscenter<br>"
705440;Hyllehøj;4;Hyllehøjskolen - Hallen;410;45;403613;Hyllehøjvej 19, Kauslunde, 5500 Middelfart;Syddanmark;;"<b style='color:#494949; font-size:1.5em;margin-bottom: 10px'>nan</b><br> blev størst i Hyllehøjskolen - Hallen<br>"
705434;Fjelsted/Harndrup;11;Fjelsted-Harndrup Skole;410;45;403613;Fjellerupvej 26, Fjellerup, 5463 Harndrup;Syddanmark;;"<b style='color:#494949; font-size:1.5em;margin-bottom: 10px'>nan</b><br> blev størst i Fjelsted-Harndrup Skole<br>"
709862;Nørre Aaby;6;Vestfynshallerne;410;45;403613;Idrætsvej 9, 5580 Nørre Aaby;Syddanmark;;"<b style='color:#494949; font-size:1.5em;margin-bottom: 10px'>nan</b><br> blev størst i Vestfynshallerne<br>"
706728;Aulby;5;Aulby gl. Skole - Mødelokale 1;410;45;403613;Vejlbyvej 9, Aulby, 5500 Middelfart;Syddanmark;;"<b style='color:#494949; font-size:1.5em;margin-bottom: 10px'>nan</b><br> blev størst i Aulby gl. Skole - Mødelokale 1<br>"
748634;Klinte;2;Nørreby Forsamlingshus;480;45;403613;Klintevej 52, Nørreby, 5400 Bogense;Syddanmark;;"<b style='color:#494949; font-size:1.5em;margin-bottom: 10px'>nan</b><br> blev størst i Nørreby Forsamlingshus<br>"
748630;Skovløkken;5;Sletten Skole, afd. Skovløkken;480;45;403613;Skovgyden 60, Ørritslev Skov, 5450 Otterup;Syddanmark;;"<b style='color:#494949; font-size:1.5em;margin-bottom: 10px'>nan</b><br> blev størst i Sletten Skole, afd. Skovløkken<br>"
709602;Skærbæk;61;Skærbækcentret, Hal 1;550;51;403619;Storegade 46, 6780 Skærbæk;Syddanmark;;"<b style='color:#494949; font-size:1.5em;margin-bottom: 10px'>nan</b><br> blev størst i Skærbækcentret, Hal 1<br>"
711066;Arrild;18;Arrild Medborgerhus;550;51;403619;Arrild Ferieby 7, 6520 Toftlund;Syddanmark;;"<b style='color:#494949; font-size:1.5em;margin-bottom: 10px'>nan</b><br> blev størst i Arrild Medborgerhus<br>"
701794;Abild;27;Ungdomsskolen;550;51;403619;Ribelandevej 62, Abild, 6270 Tønder;Syddanmark;;"<b style='color:#494949; font-size:1.5em;margin-bottom: 10px'>nan</b><br> blev størst i Ungdomsskolen<br>"
703566;Bedsted;15;Bedsted Friskole;550;51;403619;Syrenvej 3A, Bedsted, 6240 Løgumkloster;Syddanmark;;"<b style='color:#494949; font-size:1.5em;margin-bottom: 10px'>nan</b><br> blev størst i Bedsted Friskole<br>"
707840;Hostrup;29;Jejsing Forsamlingshus;550;51;403619;Møllevænget 12, Jejsing, 6270 Tønder;Syddanmark;;"<b style='color:#494949; font-size:1.5em;margin-bottom: 10px'>nan</b><br> blev størst i Jejsing Forsamlingshus<br>"
707858;Sdr. Sejerslev;7;Emmerlev Sogns Forsamlingshus;550;51;403619;Sejerslevvej 3, S Sejerslev, 6280 Højer;Syddanmark;;"<b style='color:#494949; font-size:1.5em;margin-bottom: 10px'>nan</b><br> blev størst i Emmerlev Sogns Forsamlingshus<br>"
712106;Bredebro;1;Bredebro Forsamlingshus;550;51;403619;Jepsensvej 1, 6261 Bredebro;Syddanmark;;"<b style='color:#494949; font-size:1.5em;margin-bottom: 10px'>nan</b><br> blev størst i Bredebro Forsamlingshus<br>"
711084;Nr. Løgum;14;Konfirmandstuen v/Præstegården;550;51;403619;Nørregade 7, Løgumgårde, 6240 Løgumkloster;Syddanmark;;"<b style='color:#494949; font-size:1.5em;margin-bottom: 10px'>nan</b><br> blev størst i Konfirmandstuen v/Præstegården<br>"
701806;Agerskov;17;Agerskov Hallen, Cafeteriet;550;51;403619;Nørregade 17B, 6534 Agerskov;Syddanmark;;"<b style='color:#494949; font-size:1.5em;margin-bottom: 10px'>nan</b><br> blev størst i Agerskov Hallen, Cafeteriet<br>"
706374;Højer;4;Højer Hus;550;51;403619;Ballumvej 10, 6280 Højer;Syddanmark;;"<b style='color:#494949; font-size:1.5em;margin-bottom: 10px'>nan</b><br> blev størst i Højer Hus<br>"
709616;Døstrup;21;Forsamlingshuset i Døstrup;550;51;403619;Landevejen 18, Døstrup, 6780 Skærbæk;Syddanmark;;"<b style='color:#494949; font-size:1.5em;margin-bottom: 10px'>nan</b><br> blev størst i Forsamlingshuset i Døstrup<br>"
706368;Møgeltønder;8;Møgeltønderhus;550;51;403619;Højervej 31, Møgeltønder, 6270 Tønder;Syddanmark;;"<b style='color:#494949; font-size:1.5em;margin-bottom: 10px'>nan</b><br> blev størst i Møgeltønderhus<br>"
705136;Tønder;25;Tønderhallerne, Hal 4;550;51;403619;Sønderlandevej 4, 6270 Tønder;Syddanmark;;"<b style='color:#494949; font-size:1.5em;margin-bottom: 10px'>nan</b><br> blev størst i Tønderhallerne, Hal 4<br>"
703560;Ballum;2;Ballum Multihus;550;51;403619;Vestervej 10B, Ballum, 6261 Bredebro;Syddanmark;;"<b style='color:#494949; font-size:1.5em;margin-bottom: 10px'>nan</b><br> blev størst i Ballum Multihus<br>"
709676;Øster Højst;16;Øster Højst Forsamlingshus;550;51;403619;Kløvervej 10, Øster Højst, 6240 Løgumkloster;Syddanmark;;"<b style='color:#494949; font-size:1.5em;margin-bottom: 10px'>nan</b><br> blev størst i Øster Højst Forsamlingshus<br>"
705162;Vodder;71;Vodder Idrætscenter;550;51;403619;Sportsvej 3, Frifelt, 6780 Skærbæk;Syddanmark;;"<b style='color:#494949; font-size:1.5em;margin-bottom: 10px'>nan</b><br> blev størst i Vodder Idrætscenter<br>"
701800;Toftlund;23;Manufakturen, Toftlund Musik og Teaterhus;550;51;403619;Søren Jensens Vej 2, 6520 Toftlund;Syddanmark;;"<b style='color:#494949; font-size:1.5em;margin-bottom: 10px'>nan</b><br> blev størst i Manufakturen, Toftlund Musik og Teaterhus<br>"
709622;Branderup;19;Branderup Forsamlingshus;550;51;403619;Sandbjergvej 36, 6535 Branderup J;Syddanmark;;"<b style='color:#494949; font-size:1.5em;margin-bottom: 10px'>nan</b><br> blev størst i Branderup Forsamlingshus<br>"
701834;Løgumkloster;12;Klosterhallerne (Multihallen);550;51;403619;Idrætsvej 3, 6240 Løgumkloster;Syddanmark;;"<b style='color:#494949; font-size:1.5em;margin-bottom: 10px'>nan</b><br> blev størst i Klosterhallerne (Multihallen)<br>"
705128;Rømø;51;Havneby Kro;550;51;403619;Skansen 3, Havneby, 6792 Rømø;Syddanmark;;"<b style='color:#494949; font-size:1.5em;margin-bottom: 10px'>nan</b><br> blev størst i Havneby Kro<br>"
711072;Visby;3;Visby Forsamlingshus;550;51;403619;Parkvej 1, Visby, 6261 Bredebro;Syddanmark;;"<b style='color:#494949; font-size:1.5em;margin-bottom: 10px'>nan</b><br> blev størst i Visby Forsamlingshus<br>"
711078;Brøns;24;Rejsby Europæiske Efterskole;550;51;403619;Kogsvej 3, Rejsby, 6780 Skærbæk;Syddanmark;;"<b style='color:#494949; font-size:1.5em;margin-bottom: 10px'>nan</b><br> blev størst i Rejsby Europæiske Efterskole<br>"
711692;Sanderumhallen;26;Sanderumhallen;461;43;403611;Væddeløbsvej 4, Sanderum, 5250 Odense SV;Syddanmark;;"<b style='color:#494949; font-size:1.5em;margin-bottom: 10px'>nan</b><br> blev størst i Sanderumhallen<br>"
702866;Dalumskolen;30;Dalumskolen, Gymnastiksalen;461;43;403611;Demantsvej 30, Hjallese, 5260 Odense S;Syddanmark;;"<b style='color:#494949; font-size:1.5em;margin-bottom: 10px'>nan</b><br> blev størst i Dalumskolen, Gymnastiksalen<br>"
708800;Fangel Forsamlingshus;32;Fangel Forsamlingshus, Salen;461;43;403611;Fangel Bygade 1, Fangel, 5260 Odense S;Syddanmark;;"<b style='color:#494949; font-size:1.5em;margin-bottom: 10px'>nan</b><br> blev størst i Fangel Forsamlingshus, Salen<br>"
705894;Rosengårdskolen;25;Rosengårdskolen, Sportshallen;461;43;403611;Stærmosegårdsvej 51, 5230 Odense M;Syddanmark;;"<b style='color:#494949; font-size:1.5em;margin-bottom: 10px'>nan</b><br> blev størst i Rosengårdskolen, Sportshallen<br>"
711698;Tingløkkeskolen;29;Tingløkkeskolen, Gymnastiksalen;461;43;403611;Bergendals Allé 25, Dalum, 5250 Odense SV;Syddanmark;;"<b style='color:#494949; font-size:1.5em;margin-bottom: 10px'>nan</b><br> blev størst i Tingløkkeskolen, Gymnastiksalen<br>"
711704;Højby Skole;33;Højby Skole, Idrætshallen;461;43;403611;Nørrelunden 20, Højby, 5260 Odense S;Syddanmark;;"<b style='color:#494949; font-size:1.5em;margin-bottom: 10px'>nan</b><br> blev størst i Højby Skole, Idrætshallen<br>"
705888;Rådhuset;23;Rådhuset, Rådhushallen;461;43;403611;Flakhaven 2, 5000 Odense C;Syddanmark;;"<b style='color:#494949; font-size:1.5em;margin-bottom: 10px'>nan</b><br> blev størst i Rådhuset, Rådhushallen<br>"
708794;Skt. Klemensskolen;31;Skt. Klemensskolen, Gymnastiksalen;461;43;403611;Dahlsvej 1, Stenløse, 5260 Odense S;Syddanmark;;"<b style='color:#494949; font-size:1.5em;margin-bottom: 10px'>nan</b><br> blev størst i Skt. Klemensskolen, Gymnastiksalen<br>"
705882;Rasmus Rask-Skolen;28;Rasmus Rask-Skolen, Hallen;461;43;403611;Brændekildevej 30, Bellinge, 5250 Odense SV;Syddanmark;;"<b style='color:#494949; font-size:1.5em;margin-bottom: 10px'>nan</b><br> blev størst i Rasmus Rask-Skolen, Hallen<br>"
705876;Sct. Knuds Gymnasium;24;Sct. Knuds Gymnasium, Drengegymnastiksalen;461;43;403611;Læssøegade 154, 5230 Odense M;Syddanmark;;"<b style='color:#494949; font-size:1.5em;margin-bottom: 10px'>nan</b><br> blev størst i Sct. Knuds Gymnasium, Drengegymnastiksalen<br>"
711436;Give;17;Give Idrætscenter;630;56;403641;Søndermarken 1, 7323 Give;Syddanmark;;"<b style='color:#494949; font-size:1.5em;margin-bottom: 10px'>nan</b><br> blev størst i Give Idrætscenter<br>"
710054;Grejs Nord;26;Grejs Kulturcenter;630;56;403641;Vestermarksvej 13A, Grejs, 7100 Vejle;Syddanmark;;"<b style='color:#494949; font-size:1.5em;margin-bottom: 10px'>nan</b><br> blev størst i Grejs Kulturcenter<br>"
700940;Thyregod Nord;18;Center Thyregod;630;56;403641;Søndergade 27D, Thyregod, 7323 Give;Syddanmark;;"<b style='color:#494949; font-size:1.5em;margin-bottom: 10px'>nan</b><br> blev størst i Center Thyregod<br>"
703960;Engum Nord;31;Bredal Kro;630;56;403641;Horsensvej 581, 7120 Vejle Øst;Syddanmark;;"<b style='color:#494949; font-size:1.5em;margin-bottom: 10px'>nan</b><br> blev størst i Bredal Kro<br>"
702258;Vandel Nord;29;Vandel Idrætshal;630;56;403641;Skolevej 8, 7184 Vandel;Syddanmark;;"<b style='color:#494949; font-size:1.5em;margin-bottom: 10px'>nan</b><br> blev størst i Vandel Idrætshal<br>"
708586;Jelling Nord;24;Bredagerskolen;630;56;403641;Bredager 26A, 7300 Jelling;Syddanmark;;"<b style='color:#494949; font-size:1.5em;margin-bottom: 10px'>nan</b><br> blev størst i Bredagerskolen<br>"
708580;Nørup Nord;28;Nørup Hallen;630;56;403641;Tørskindvej 3R, Ny Nørup, 7182 Bredsten;Syddanmark;;"<b style='color:#494949; font-size:1.5em;margin-bottom: 10px'>nan</b><br> blev størst i Nørup Hallen<br>"
700946;Givskud Nord;20;Givskud Skole;630;56;403641;Vejlevej 47A, Givskud, 7323 Give;Syddanmark;;"<b style='color:#494949; font-size:1.5em;margin-bottom: 10px'>nan</b><br> blev størst i Givskud Skole<br>"
703968;Kollerup-Sandvad Nord;25;Kollerup Skole - Multihallen;630;56;403641;Kollerupvej 12A, Kollerup, 7300 Jelling;Syddanmark;;"<b style='color:#494949; font-size:1.5em;margin-bottom: 10px'>nan</b><br> blev størst i Kollerup Skole - Multihallen<br>"
703974;Øster Nykirke Nord;23;Øster Nykirke Skole;630;56;403641;Skolestien 10D, 7173 Vonge;Syddanmark;;"<b style='color:#494949; font-size:1.5em;margin-bottom: 10px'>nan</b><br> blev størst i Øster Nykirke Skole<br>"
706968;Hældagerhallen Nord;32;Hældagerhallen;630;56;403641;Nørremarksvej 159, Bredballe, 7120 Vejle Øst;Syddanmark;;"<b style='color:#494949; font-size:1.5em;margin-bottom: 10px'>nan</b><br> blev størst i Hældagerhallen<br>"
705594;Grejsdalen Nord;33;Selskabslokale v. Grejsdalens Fritidscenter;630;56;403641;Grejsdalsvej 155B, 7100 Vejle;Syddanmark;;"<b style='color:#494949; font-size:1.5em;margin-bottom: 10px'>nan</b><br> blev størst i Selskabslokale v. Grejsdalens Fritidscenter<br>"
702272;Bredsten Nord;27;Bredsten Skole;630;56;403641;Skolevænget 2D, 7182 Bredsten;Syddanmark;;"<b style='color:#494949; font-size:1.5em;margin-bottom: 10px'>nan</b><br> blev størst i Bredsten Skole<br>"
702280;Skibet Hallen;16;Skibet Hallen - Kabyssen;630;56;403641;Jennumvej 10, 7100 Vejle;Syddanmark;;"<b style='color:#494949; font-size:1.5em;margin-bottom: 10px'>nan</b><br> blev størst i Skibet Hallen - Kabyssen<br>"
706962;Grønbjerg Nord;21;Elkjærskolen;630;56;403641;Gammelbyvej 41A, Grønbjerg, 7323 Give;Syddanmark;;"<b style='color:#494949; font-size:1.5em;margin-bottom: 10px'>nan</b><br> blev størst i Elkjærskolen<br>"
706950;Gadbjerg Nord;19;Gadbjerg Skole;630;56;403641;Langgade 78B, 7321 Gadbjerg;Syddanmark;;"<b style='color:#494949; font-size:1.5em;margin-bottom: 10px'>nan</b><br> blev størst i Gadbjerg Skole<br>"
705588;Nørremarkshallen Nord;30;Nørremarkshallen;630;56;403641;Grundet Bygade 20, 7100 Vejle;Syddanmark;;"<b style='color:#494949; font-size:1.5em;margin-bottom: 10px'>nan</b><br> blev størst i Nørremarkshallen<br>"
702264;Lindeballe Nord;22;Lindeballe Forsamlingshus;630;56;403641;Åstvej 54, Lindeballe, 7321 Gadbjerg;Syddanmark;;"<b style='color:#494949; font-size:1.5em;margin-bottom: 10px'>nan</b><br> blev størst i Lindeballe Forsamlingshus<br>"
703980;Petersmindehallen Nord;34;Petersmindehallen;630;56;403641;Petersmindevej 25D, 7100 Vejle;Syddanmark;;"<b style='color:#494949; font-size:1.5em;margin-bottom: 10px'>nan</b><br> blev størst i Petersmindehallen<br>"
710674;Søllinge;16;Søllinge Forsamlingshus;430;48;403616;Sdr. Højrupvejen 104A, Søllinge, 5750 Ringe;Syddanmark;;"<b style='color:#494949; font-size:1.5em;margin-bottom: 10px'>nan</b><br> blev størst i Søllinge Forsamlingshus<br>"
711756;Avernakø;5;Avernakø Forsamlingshus;430;48;403616;Hovedvejen 27, 5602 Avernakø;Syddanmark;;"<b style='color:#494949; font-size:1.5em;margin-bottom: 10px'>nan</b><br> blev størst i Avernakø Forsamlingshus<br>"
704582;Kværndrup;18;Kværndrup Forsamlingshus;430;48;403616;Svendborgvej 39, 5772 Kværndrup;Syddanmark;;"<b style='color:#494949; font-size:1.5em;margin-bottom: 10px'>nan</b><br> blev størst i Kværndrup Forsamlingshus<br>"
711798;Ringe;15;Idrætscenter Midtfyn;430;48;403616;Søvej 34, 5750 Ringe;Syddanmark;;"<b style='color:#494949; font-size:1.5em;margin-bottom: 10px'>nan</b><br> blev størst i Idrætscenter Midtfyn<br>"
704554;Svanninge;11;Svanninge Sognegaard;430;48;403616;Kirkegyden 3, Svanninge, 5642 Millinge;Syddanmark;;"<b style='color:#494949; font-size:1.5em;margin-bottom: 10px'>nan</b><br> blev størst i Svanninge Sognegaard<br>"
703044;Hillerslev;14;Hillerslev Landsbycenter;430;48;403616;Kirkegyden 1A, Hillerslev, 5750 Ringe;Syddanmark;;"<b style='color:#494949; font-size:1.5em;margin-bottom: 10px'>nan</b><br> blev størst i Hillerslev Landsbycenter<br>"
709014;Espe;13;Espe Forsamlingshus;430;48;403616;Lydinge Mølle Vej 8, Espe, 5750 Ringe;Syddanmark;;"<b style='color:#494949; font-size:1.5em;margin-bottom: 10px'>nan</b><br> blev størst i Espe Forsamlingshus<br>"
704544;Lyø;10;Damgaarden;430;48;403616;Lyø Bygade 26, Lyø, 5601 Lyø;Syddanmark;;"<b style='color:#494949; font-size:1.5em;margin-bottom: 10px'>nan</b><br> blev størst i Damgaarden<br>"
707442;Nørre Broby;3;Nr. Broby Forsamlingshus;430;48;403616;Verningevej 11, Nr Broby, 5672 Broby;Syddanmark;;"<b style='color:#494949; font-size:1.5em;margin-bottom: 10px'>nan</b><br> blev størst i Nr. Broby Forsamlingshus<br>"
701392;Faaborg;7;Forum Faaborg;430;48;403616;Sundvænget 8, 5600 Faaborg;Syddanmark;;"<b style='color:#494949; font-size:1.5em;margin-bottom: 10px'>nan</b><br> blev størst i Forum Faaborg<br>"
704576;Gislev;17;Gislev Forsamlingshus;430;48;403616;Faaborgvej 31, 5854 Gislev;Syddanmark;;"<b style='color:#494949; font-size:1.5em;margin-bottom: 10px'>nan</b><br> blev størst i Gislev Forsamlingshus<br>"
704606;Vester Hæsinge;4;X-huset;430;48;403616;Birkevej 15A, V Hæsinge, 5672 Broby;Syddanmark;;"<b style='color:#494949; font-size:1.5em;margin-bottom: 10px'>nan</b><br> blev størst i X-huset<br>"
707454;Ferritslev;21;Ferritslev Fritidshus;430;48;403616;Ørbækvej 916A, Ferritslev, 5863 Ferritslev Fyn;Syddanmark;;"<b style='color:#494949; font-size:1.5em;margin-bottom: 10px'>nan</b><br> blev størst i Ferritslev Fritidshus<br>"
702246;Ærøskøbing;2;Ærø Rådhus;492;48;403616;Statene 2, 5970 Ærøskøbing;Syddanmark;;"<b style='color:#494949; font-size:1.5em;margin-bottom: 10px'>nan</b><br> blev størst i Ærø Rådhus<br>"
701422;Ryslinge;19;Ryslinge Forsamlingshus;430;48;403616;Graabjergvej 16, 5856 Ryslinge;Syddanmark;;"<b style='color:#494949; font-size:1.5em;margin-bottom: 10px'>nan</b><br> blev størst i Ryslinge Forsamlingshus<br>"
706902;Marstal;1;Marstal Skole;492;48;403616;Halvejen 24, 5960 Marstal;Syddanmark;;"<b style='color:#494949; font-size:1.5em;margin-bottom: 10px'>nan</b><br> blev størst i Marstal Skole<br>"
708944;Vester Aaby;12;Bøgebjerghallen;430;48;403616;Bøgebjergvej 11, Vester Åby, 5600 Faaborg;Syddanmark;;"<b style='color:#494949; font-size:1.5em;margin-bottom: 10px'>nan</b><br> blev størst i Bøgebjerghallen<br>"
709008;Korinth;9;Korinth Kulturhus;430;48;403616;Vinkelvej 6A, Korinth, 5600 Faaborg;Syddanmark;;"<b style='color:#494949; font-size:1.5em;margin-bottom: 10px'>nan</b><br> blev størst i Korinth Kulturhus<br>"
707460;Nr. Lyndelse;20;Carl Nielsen Hallen;430;48;403616;Lumbyvej 62, Nørre Lyndelse, 5792 Årslev;Syddanmark;;"<b style='color:#494949; font-size:1.5em;margin-bottom: 10px'>nan</b><br> blev størst i Carl Nielsen Hallen<br>"
706054;Årslev;22;Årslev Hallen;430;48;403616;Bøgehøjvej 2, 5792 Årslev;Syddanmark;;"<b style='color:#494949; font-size:1.5em;margin-bottom: 10px'>nan</b><br> blev størst i Årslev Hallen<br>"
709036;Allested-Vejle;1;Allested-Vejle Fritidscenter;430;48;403616;Skolevej 1B, Allested, 5672 Broby;Syddanmark;;"<b style='color:#494949; font-size:1.5em;margin-bottom: 10px'>nan</b><br> blev størst i Allested-Vejle Fritidscenter<br>"
710612;Horne;8;Horne Forsamlingshus;430;48;403616;Hornelandevej 33, 5600 Faaborg;Syddanmark;;"<b style='color:#494949; font-size:1.5em;margin-bottom: 10px'>nan</b><br> blev størst i Horne Forsamlingshus<br>"
700952;Søby;3;Café Arthur;492;48;403616;Ellehøjvej 1, 5985 Søby Ærø;Syddanmark;;"<b style='color:#494949; font-size:1.5em;margin-bottom: 10px'>nan</b><br> blev størst i Café Arthur<br>"
707478;Brobyværk;2;Brobyværk Kro;430;48;403616;Marsk Billesvej 15, Brobyværk, 5672 Broby;Syddanmark;;"<b style='color:#494949; font-size:1.5em;margin-bottom: 10px'>nan</b><br> blev størst i Brobyværk Kro<br>"
701362;Askov-Malt;16;Askov-Malt Skole, idrætssalen;575;55;403623;Maltvej 86, Askov, 6600 Vejen;Syddanmark;;"<b style='color:#494949; font-size:1.5em;margin-bottom: 10px'>nan</b><br> blev størst i Askov-Malt Skole, idrætssalen<br>"
701374;Sdr. Omme;2;Sdr. Omme Kro;530;55;403623;Hovedgaden 1, 7260 Sønder Omme;Syddanmark;;"<b style='color:#494949; font-size:1.5em;margin-bottom: 10px'>nan</b><br> blev størst i Sdr. Omme Kro<br>"
710594;St./Krogager;5;Teglgaardshallen;530;55;403623;Teglgaardsvej 7, Stend-Krogag, 7200 Grindsted;Syddanmark;;"<b style='color:#494949; font-size:1.5em;margin-bottom: 10px'>nan</b><br> blev størst i Teglgaardshallen<br>"
701368;Holsted;3;Medius Holsted;575;55;403623;Højmarksvej 18, 6670 Holsted;Syddanmark;;"<b style='color:#494949; font-size:1.5em;margin-bottom: 10px'>nan</b><br> blev størst i Medius Holsted<br>"
706028;Føvling;4;Landsbyhuset Føvling;575;55;403623;Åttevej 8A, 6683 Føvling;Syddanmark;;"<b style='color:#494949; font-size:1.5em;margin-bottom: 10px'>nan</b><br> blev størst i Landsbyhuset Føvling<br>"
701386;Bække;19;Hærvejshallen;575;55;403623;Møllevænget 5, 6622 Bække;Syddanmark;;"<b style='color:#494949; font-size:1.5em;margin-bottom: 10px'>nan</b><br> blev størst i Hærvejshallen<br>"
703014;Læborg;15;Læborg Forsamlingshus;575;55;403623;Læborgvej 10, 6600 Vejen;Syddanmark;;"<b style='color:#494949; font-size:1.5em;margin-bottom: 10px'>nan</b><br> blev størst i Læborg Forsamlingshus<br>"
707412;Glejbjerg;5;Glejbjerg Fritidscenter;575;55;403623;Stadionvej 2A, 6752 Glejbjerg;Syddanmark;;"<b style='color:#494949; font-size:1.5em;margin-bottom: 10px'>nan</b><br> blev størst i Glejbjerg Fritidscenter<br>"
703026;Brørup;1;Brørup Hallerne;575;55;403623;Byagervej 3, 6650 Brørup;Syddanmark;;"<b style='color:#494949; font-size:1.5em;margin-bottom: 10px'>nan</b><br> blev størst i Brørup Hallerne<br>"
704526;Sdr. Hygum;8;Sdr. Hygum Forsamlingshus;575;55;403623;Ribevej 51, Sdr Hygum, 6630 Rødding;Syddanmark;;"<b style='color:#494949; font-size:1.5em;margin-bottom: 10px'>nan</b><br> blev størst i Sdr. Hygum Forsamlingshus<br>"
707418;Hovborg;6;Hovborg Kro;575;55;403623;Holmeåvej 2, 6682 Hovborg;Syddanmark;;"<b style='color:#494949; font-size:1.5em;margin-bottom: 10px'>nan</b><br> blev størst i Hovborg Kro<br>"
706016;Jels;9;Thorhallen;575;55;403623;Ørstedvej 10, Jels, 6630 Rødding;Syddanmark;;"<b style='color:#494949; font-size:1.5em;margin-bottom: 10px'>nan</b><br> blev størst i Thorhallen<br>"
710606;Lintrup;10;Lintrup Aktivitetscenter;575;55;403623;Nørretoft 4, 6660 Lintrup;Syddanmark;;"<b style='color:#494949; font-size:1.5em;margin-bottom: 10px'>nan</b><br> blev størst i Lintrup Aktivitetscenter<br>"
707400;Grindsted;6;Magion, Hal 3;530;55;403623;Tinghusgade 15, 7200 Grindsted;Syddanmark;;"<b style='color:#494949; font-size:1.5em;margin-bottom: 10px'>nan</b><br> blev størst i Magion, Hal 3<br>"
704500;Billund;1;Hans Jensensvej 6;530;55;403623;Hans Jensensvej 6, 7190 Billund;Syddanmark;;"<b style='color:#494949; font-size:1.5em;margin-bottom: 10px'>nan</b><br> blev størst i Hans Jensensvej 6<br>"
704514;Vejen;14;Vejen Idrætscenter;575;55;403623;Petersmindevej 1, 6600 Vejen;Syddanmark;;"<b style='color:#494949; font-size:1.5em;margin-bottom: 10px'>nan</b><br> blev størst i Vejen Idrætscenter<br>"
701350;Rødding;7;Rødding Centret;575;55;403623;Søndergyden 15, 6630 Rødding;Syddanmark;;"<b style='color:#494949; font-size:1.5em;margin-bottom: 10px'>nan</b><br> blev størst i Rødding Centret<br>"
702968;Filskov;4;Filskov Kro;530;55;403623;Amtsvejen 34, Filskov, 7200 Grindsted;Syddanmark;;"<b style='color:#494949; font-size:1.5em;margin-bottom: 10px'>nan</b><br> blev størst i Filskov Kro<br>"
708930;Hejnsvig;7;Hejnsvig Skole;530;55;403623;Bakkevej 9, 7250 Hejnsvig;Syddanmark;;"<b style='color:#494949; font-size:1.5em;margin-bottom: 10px'>nan</b><br> blev størst i Hejnsvig Skole<br>"
704538;Skodborg;11;Skodborg Børnecenter;575;55;403623;Parkvej 4, Skodborg, 6630 Rødding;Syddanmark;;"<b style='color:#494949; font-size:1.5em;margin-bottom: 10px'>nan</b><br> blev størst i Skodborg Børnecenter<br>"
704532;Vorbasse;3;Vorbasse Fritidscenter;530;55;403623;Drivvejen 1, 6623 Vorbasse;Syddanmark;;"<b style='color:#494949; font-size:1.5em;margin-bottom: 10px'>nan</b><br> blev størst i Vorbasse Fritidscenter<br>"
703020;Gesten;18;Gesten Forsamlingshus;575;55;403623;Hovedgaden 30, 6621 Gesten;Syddanmark;;"<b style='color:#494949; font-size:1.5em;margin-bottom: 10px'>nan</b><br> blev størst i Gesten Forsamlingshus<br>"
706022;Lindknud;2;Aktivitetscenter Bøgevang;575;55;403623;Favrskovvej 8, Lindknud, 6650 Brørup;Syddanmark;;"<b style='color:#494949; font-size:1.5em;margin-bottom: 10px'>nan</b><br> blev størst i Aktivitetscenter Bøgevang<br>"
710600;Øster Lindet;13;Øster Lindet Forsamlingshus;575;55;403623;Terpvej 19, Øster Lindet, 6630 Rødding;Syddanmark;;"<b style='color:#494949; font-size:1.5em;margin-bottom: 10px'>nan</b><br> blev størst i Øster Lindet Forsamlingshus<br>"
704520;Andst;17;Andst Borger- og Aktivitetscenter;575;55;403623;Østervang 20, Andst, 6600 Vejen;Syddanmark;;"<b style='color:#494949; font-size:1.5em;margin-bottom: 10px'>nan</b><br> blev størst i Andst Borger- og Aktivitetscenter<br>"
701380;Københoved;12;Københoved Forsamlingshus;575;55;403623;Københovedvej 36, Københoved, 6630 Rødding;Syddanmark;;"<b style='color:#494949; font-size:1.5em;margin-bottom: 10px'>nan</b><br> blev størst i Københoved Forsamlingshus<br>"
701552;Brylle;15;BRYLLE FRITIDSCENTER;420;44;403609;Tobovej 30, Brylle, 5690 Tommerup;Syddanmark;;"<b style='color:#494949; font-size:1.5em;margin-bottom: 10px'>nan</b><br> blev størst i BRYLLE FRITIDSCENTER<br>"
710784;Tommerup;16;TOMMERUP BYS FORSAMLINGSHUS;420;44;403609;Kirkebjerg 6, 5690 Tommerup;Syddanmark;;"<b style='color:#494949; font-size:1.5em;margin-bottom: 10px'>nan</b><br> blev størst i TOMMERUP BYS FORSAMLINGSHUS<br>"
704912;Glamsbjerg/Søllested;8;GLAMSBJERG FRITIDSCENTER;420;44;403609;Mågevej 7, 5620 Glamsbjerg;Syddanmark;;"<b style='color:#494949; font-size:1.5em;margin-bottom: 10px'>nan</b><br> blev størst i GLAMSBJERG FRITIDSCENTER<br>"
748072;Køng;10;KØNG FORSAMLINGSHUS;420;44;403609;Byvejen 39, Køng, 5620 Glamsbjerg;Syddanmark;;"<b style='color:#494949; font-size:1.5em;margin-bottom: 10px'>nan</b><br> blev størst i KØNG FORSAMLINGSHUS<br>"
748070;Vissenbjerg;11;VISSENBJERG IDRÆTS- OG KULTURCENT.;420;44;403609;Idrætsvej 3, 5492 Vissenbjerg;Syddanmark;;"<b style='color:#494949; font-size:1.5em;margin-bottom: 10px'>nan</b><br> blev størst i VISSENBJERG IDRÆTS- OG KULTURCENT.<br>"
707704;Verninge/Nårup;18;VERNINGE FORSAMLINGSHUS;420;44;403609;Fuglekildevej 85, Verninge, 5690 Tommerup;Syddanmark;;"<b style='color:#494949; font-size:1.5em;margin-bottom: 10px'>nan</b><br> blev størst i VERNINGE FORSAMLINGSHUS<br>"
748071;Rørup;6;RØRUP BORGERHUS;420;44;403609;Gelstedvej 10, Rørup, 5560 Aarup;Syddanmark;;"<b style='color:#494949; font-size:1.5em;margin-bottom: 10px'>nan</b><br> blev størst i RØRUP BORGERHUS<br>"
707710;Haarby;13;HAARBY HALLERNE;420;44;403609;Svinget 1, 5683 Haarby;Syddanmark;;"<b style='color:#494949; font-size:1.5em;margin-bottom: 10px'>nan</b><br> blev størst i HAARBY HALLERNE<br>"
710764;Assens;1;ARENA ASSENS;420;44;403609;Rådhus Allé 25, 5610 Assens;Syddanmark;;"<b style='color:#494949; font-size:1.5em;margin-bottom: 10px'>nan</b><br> blev størst i ARENA ASSENS<br>"
709286;Salbrovad;4;SALBROVAD-HALLEN;420;44;403609;Salbrovad 30, Sandager, 5610 Assens;Syddanmark;;"<b style='color:#494949; font-size:1.5em;margin-bottom: 10px'>nan</b><br> blev størst i SALBROVAD-HALLEN<br>"
748073;Aarup/Kerte;5;AARUP FRITIDSCENTER;420;44;403609;Ormehøjvej 4, Ormehøj, 5560 Aarup;Syddanmark;;"<b style='color:#494949; font-size:1.5em;margin-bottom: 10px'>nan</b><br> blev størst i AARUP FRITIDSCENTER<br>"
701526;Dreslette;12;DRESLETTE FORSAMLINGSHUS;420;44;403609;Ørbækvej 1, Snave, 5683 Haarby;Syddanmark;;"<b style='color:#494949; font-size:1.5em;margin-bottom: 10px'>nan</b><br> blev størst i DRESLETTE FORSAMLINGSHUS<br>"
701534;Flemløse;9;FLEMLØSE GL. KRO;420;44;403609;Langgade 3, Flemløse, 5620 Glamsbjerg;Syddanmark;;"<b style='color:#494949; font-size:1.5em;margin-bottom: 10px'>nan</b><br> blev størst i FLEMLØSE GL. KRO<br>"
711914;Turup;3;TURUP FORSAMLINGSHUS;420;44;403609;Kærvangen 17, Turup, 5610 Assens;Syddanmark;;"<b style='color:#494949; font-size:1.5em;margin-bottom: 10px'>nan</b><br> blev størst i TURUP FORSAMLINGSHUS<br>"
704924;Tommerup St;17;FYRTÅRN TOMMERUP;420;44;403609;Tallerupvej 85, Tommerup St, 5690 Tommerup;Syddanmark;;"<b style='color:#494949; font-size:1.5em;margin-bottom: 10px'>nan</b><br> blev størst i FYRTÅRN TOMMERUP<br>"
709318;Ebberup/Helnæs;2;EBBERUP HALLEN;420;44;403609;Skolevej 7, 5631 Ebberup;Syddanmark;;"<b style='color:#494949; font-size:1.5em;margin-bottom: 10px'>nan</b><br> blev størst i EBBERUP HALLEN<br>"
711908;Jordløse;14;JORDLØSE FORSAMLINGSHUS;420;44;403609;Haastrupvej 1, Jordløse, 5683 Haarby;Syddanmark;;"<b style='color:#494949; font-size:1.5em;margin-bottom: 10px'>nan</b><br> blev størst i JORDLØSE FORSAMLINGSHUS<br>"
710796;Orte/Ørsted;7;FRØBJERG SAMLINGS- OG KULTURHUS;420;44;403609;Frøbjergvej 76, Frøbjerg, 5560 Aarup;Syddanmark;;"<b style='color:#494949; font-size:1.5em;margin-bottom: 10px'>nan</b><br> blev størst i FRØBJERG SAMLINGS- OG KULTURHUS<br>"
703778;Aabenraa Syd;17;Kongehøjskolen;580;50;403621;Tøndervej 90, 6200 Aabenraa;Syddanmark;;"<b style='color:#494949; font-size:1.5em;margin-bottom: 10px'>nan</b><br> blev størst i Kongehøjskolen<br>"
700772;Aabenraa Nord;18;Agoraen;580;50;403621;Nyløkke 2, 6200 Aabenraa;Syddanmark;;"<b style='color:#494949; font-size:1.5em;margin-bottom: 10px'>nan</b><br> blev størst i Agoraen<br>"
702016;Aabenraa Midt;16;Sønderjyllandshallen;580;50;403621;H P Hanssens Gade 7, 6200 Aabenraa;Syddanmark;;"<b style='color:#494949; font-size:1.5em;margin-bottom: 10px'>nan</b><br> blev størst i Sønderjyllandshallen<br>"
711228;Tinglev;12;Borgerhuset;580;50;403621;Tinglev Midt 2, 6360 Tinglev;Syddanmark;;"<b style='color:#494949; font-size:1.5em;margin-bottom: 10px'>nan</b><br> blev størst i Borgerhuset<br>"
706660;Kliplev;13;Kliplevhallen;580;50;403621;Skolegade 13, Kliplev, 6200 Aabenraa;Syddanmark;;"<b style='color:#494949; font-size:1.5em;margin-bottom: 10px'>nan</b><br> blev størst i Kliplevhallen<br>"
709794;Kruså;14;Grænsehallerne;580;50;403621;Harkærvej 13, 6340 Kruså;Syddanmark;;"<b style='color:#494949; font-size:1.5em;margin-bottom: 10px'>nan</b><br> blev størst i Grænsehallerne<br>"
708364;Bolderslev;7;Bolderslev Forsamlingshus;580;50;403621;Stadionvej 34B, 6392 Bolderslev;Syddanmark;;"<b style='color:#494949; font-size:1.5em;margin-bottom: 10px'>nan</b><br> blev størst i Bolderslev Forsamlingshus<br>"
705392;Hjordkær;5;Hjordkær Forsamlingshus;580;50;403621;Aabenraavej 10, Hjordkær, 6230 Rødekro;Syddanmark;;"<b style='color:#494949; font-size:1.5em;margin-bottom: 10px'>nan</b><br> blev størst i Hjordkær Forsamlingshus<br>"
705386;Hovslund;1;Hovslund Børneunivers (Gym. salen);580;50;403621;Hovslundvej 12A, Hovslund St, 6230 Rødekro;Syddanmark;;"<b style='color:#494949; font-size:1.5em;margin-bottom: 10px'>nan</b><br> blev størst i Hovslund Børneunivers (Gym. salen)<br>"
703772;Hellevad;2;Hellevad Børneunivers (Gym. salen);580;50;403621;Skolegade 8, Hellevad, 6230 Rødekro;Syddanmark;;"<b style='color:#494949; font-size:1.5em;margin-bottom: 10px'>nan</b><br> blev størst i Hellevad Børneunivers (Gym. salen)<br>"
703784;Ensted;8;Stubbæk Skole;580;50;403621;Stubbæk Skolegade 3, Stubbæk, 6200 Aabenraa;Syddanmark;;"<b style='color:#494949; font-size:1.5em;margin-bottom: 10px'>nan</b><br> blev størst i Stubbæk Skole<br>"
708358;Felsted;9;Felstedhallen;580;50;403621;Sønderborgvej 129, Felsted, 6200 Aabenraa;Syddanmark;;"<b style='color:#494949; font-size:1.5em;margin-bottom: 10px'>nan</b><br> blev størst i Felstedhallen<br>"
701976;Løjt;4;Løjt Forsamlingshus;580;50;403621;Løjt Nørregade 1, Løjt Kirkeby, 6200 Aabenraa;Syddanmark;;"<b style='color:#494949; font-size:1.5em;margin-bottom: 10px'>nan</b><br> blev størst i Løjt Forsamlingshus<br>"
706666;Rødekro;3;Rødekrohallen;580;50;403621;Østergade 40B, 6230 Rødekro;Syddanmark;;"<b style='color:#494949; font-size:1.5em;margin-bottom: 10px'>nan</b><br> blev størst i Rødekrohallen<br>"
709832;Padborg;15;Valdemarshus;580;50;403621;Valdemarsgade 11, 6330 Padborg;Syddanmark;;"<b style='color:#494949; font-size:1.5em;margin-bottom: 10px'>nan</b><br> blev størst i Valdemarshus<br>"
706648;Ravsted;6;Ravsted Forsamlingsgård;580;50;403621;Ravsted Storegade 2, 6372 Bylderup-Bov;Syddanmark;;"<b style='color:#494949; font-size:1.5em;margin-bottom: 10px'>nan</b><br> blev størst i Ravsted Forsamlingsgård<br>"
706654;Bylderup;11;Slogs Herreds Hus;580;50;403621;Slogsherredsvej 20, Bylderup, 6372 Bylderup-Bov;Syddanmark;;"<b style='color:#494949; font-size:1.5em;margin-bottom: 10px'>nan</b><br> blev størst i Slogs Herreds Hus<br>"
708352;Varnæs;10;Varnæs Skole;580;50;403621;Varnæs Kirkevej 15A, Varnæs, 6200 Aabenraa;Syddanmark;;"<b style='color:#494949; font-size:1.5em;margin-bottom: 10px'>nan</b><br> blev størst i Varnæs Skole<br>"
703542;Bramming;25;Bramming Kultur- og Fritidscenter;561;53;403624;Idræts Alle 10, 6740 Bramming;Syddanmark;;"<b style='color:#494949; font-size:1.5em;margin-bottom: 10px'>nan</b><br> blev størst i Bramming Kultur- og Fritidscenter<br>"
711090;Sønderris;24;Sognehuset Sønderris;561;53;403624;Krebsens Kvarter 74, 6710 Esbjerg V;Syddanmark;;"<b style='color:#494949; font-size:1.5em;margin-bottom: 10px'>nan</b><br> blev størst i Sognehuset Sønderris<br>"
703522;Tjæreborg;20;Tjæreborg Skole;561;53;403624;Tjæreborg Stationsv 41, 6731 Tjæreborg;Syddanmark;;"<b style='color:#494949; font-size:1.5em;margin-bottom: 10px'>nan</b><br> blev størst i Tjæreborg Skole<br>"
703580;Ribe;28;Ribe Fritidscenter;561;53;403624;Sportsvej 8, 6760 Ribe;Syddanmark;;"<b style='color:#494949; font-size:1.5em;margin-bottom: 10px'>nan</b><br> blev størst i Ribe Fritidscenter<br>"
701840;Bryndum;12;Bryndum Skole  (Gymnastiksalen);561;53;403624;Bryndumvej 16, Tarp, 6715 Esbjerg N;Syddanmark;;"<b style='color:#494949; font-size:1.5em;margin-bottom: 10px'>nan</b><br> blev størst i Bryndum Skole  (Gymnastiksalen)<br>"
712150;Hjerting;16;Hjerting Skole (Indgang Plantagevej);561;53;403624;Gl Guldagervej 53, Hjerting, 6710 Esbjerg V;Syddanmark;;"<b style='color:#494949; font-size:1.5em;margin-bottom: 10px'>nan</b><br> blev størst i Hjerting Skole (Indgang Plantagevej)<br>"
703586;Mandø;35;Restaurant Vadehavet Mandø;561;53;403624;Vestervej 1, Mandø, 6760 Ribe;Syddanmark;;"<b style='color:#494949; font-size:1.5em;margin-bottom: 10px'>nan</b><br> blev størst i Restaurant Vadehavet Mandø<br>"
707864;Gørding;40;Gørding Idræts- og Kulturcenter;561;53;403624;Skolegade 14, 6690 Gørding;Syddanmark;;"<b style='color:#494949; font-size:1.5em;margin-bottom: 10px'>nan</b><br> blev størst i Gørding Idræts- og Kulturcenter<br>"
707876;Høm;38;Høm Forsamlingshus;561;53;403624;Hømvej 25, Høm, 6760 Ribe;Syddanmark;;"<b style='color:#494949; font-size:1.5em;margin-bottom: 10px'>nan</b><br> blev størst i Høm Forsamlingshus<br>"
701812;Gredstedbro;33;Kongeåhallen;561;53;403624;Gredsted Kjærvej 10, Gredsted, 6771 Gredstedbro;Syddanmark;;"<b style='color:#494949; font-size:1.5em;margin-bottom: 10px'>nan</b><br> blev størst i Kongeåhallen<br>"
705174;Skads;8;Skads Skole (Energien);561;53;403624;Andrup Byvej 79E, 6705 Esbjerg Ø;Syddanmark;;"<b style='color:#494949; font-size:1.5em;margin-bottom: 10px'>nan</b><br> blev størst i Skads Skole (Energien)<br>"
709664;Guldager;17;Guldager Forsamlingshus;561;53;403624;Guldagervej 72, Guldager, 6710 Esbjerg V;Syddanmark;;"<b style='color:#494949; font-size:1.5em;margin-bottom: 10px'>nan</b><br> blev størst i Guldager Forsamlingshus<br>"
707870;Egebæk-Hviding;32;Kultur- og Aktivitetscenter;561;53;403624;Egebækvej 30, Egebæk, 6760 Ribe;Syddanmark;;"<b style='color:#494949; font-size:1.5em;margin-bottom: 10px'>nan</b><br> blev størst i Kultur- og Aktivitetscenter<br>"
701204;Rørkjær;4;Rørkjær Skole;561;52;403625;Ringen 61, 6700 Esbjerg;Syddanmark;;"<b style='color:#494949; font-size:1.5em;margin-bottom: 10px'>nan</b><br> blev størst i Rørkjær Skole<br>"
705826;Esbjerg Rådhus;2;Esbjerg Rådhus;561;52;403625;Torvegade 74, 6700 Esbjerg;Syddanmark;;"<b style='color:#494949; font-size:1.5em;margin-bottom: 10px'>nan</b><br> blev størst i Esbjerg Rådhus<br>"
702746;Boldesager;6;Boldesager Skole (indgang Edelsvej);561;52;403625;Nørrebrogade 100, 6700 Esbjerg;Syddanmark;;"<b style='color:#494949; font-size:1.5em;margin-bottom: 10px'>nan</b><br> blev størst i Boldesager Skole (indgang Edelsvej)<br>"
710374;Jerne;5;Bakkeskolen;561;52;403625;Skolebakken 166, 6705 Esbjerg Ø;Syddanmark;;"<b style='color:#494949; font-size:1.5em;margin-bottom: 10px'>nan</b><br> blev størst i Bakkeskolen<br>"
708726;Skovbo;3;Skovbo Centeret (Indgang Gl Vardevej);561;52;403625;Ved Skoven 41, 6700 Esbjerg;Syddanmark;;"<b style='color:#494949; font-size:1.5em;margin-bottom: 10px'>nan</b><br> blev størst i Skovbo Centeret (Indgang Gl Vardevej)<br>"
704330;Sædding;15;Sædding Fritidscenter;561;52;403625;Fyrparken 1B, 6710 Esbjerg V;Syddanmark;;"<b style='color:#494949; font-size:1.5em;margin-bottom: 10px'>nan</b><br> blev størst i Sædding Fritidscenter<br>"
708768;Gjesing;11;Vitaskolen (Blok A);561;52;403625;Vester Gjesingvej 28, 6715 Esbjerg N;Syddanmark;;"<b style='color:#494949; font-size:1.5em;margin-bottom: 10px'>nan</b><br> blev størst i Vitaskolen (Blok A)<br>"
710532;Sønderho;2;Sønderho Forsamlingshus;563;52;403625;Gammel Byvej 8, Sønderho, 6720 Fanø;Syddanmark;;"<b style='color:#494949; font-size:1.5em;margin-bottom: 10px'>nan</b><br> blev størst i Sønderho Forsamlingshus<br>"
702806;Østerbyen;7;Østerbycentret;561;52;403625;Ribegade 169A, 6700 Esbjerg;Syddanmark;;"<b style='color:#494949; font-size:1.5em;margin-bottom: 10px'>nan</b><br> blev størst i Østerbycentret<br>"
710398;Grønlandsparken;23;Studie 10, Esbjerg Ungdomsskole;561;52;403625;Grønlandsparken 300, 6715 Esbjerg N;Syddanmark;;"<b style='color:#494949; font-size:1.5em;margin-bottom: 10px'>nan</b><br> blev størst i Studie 10, Esbjerg Ungdomsskole<br>"
702962;Nordby;1;Fanø Hallen;563;52;403625;Stadionvej 13, Nordby, 6720 Fanø;Syddanmark;;"<b style='color:#494949; font-size:1.5em;margin-bottom: 10px'>nan</b><br> blev størst i Fanø Hallen<br>"
710368;Ådalen;22;Ådalskolen (Gymnastiksalen);561;52;403625;Åmoseparken 252, 6710 Esbjerg V;Syddanmark;;"<b style='color:#494949; font-size:1.5em;margin-bottom: 10px'>nan</b><br> blev størst i Ådalskolen (Gymnastiksalen)<br>"
702740;Kvaglund;21;Kvaglundhallen;561;52;403625;Askekrattet 4, 6705 Esbjerg Ø;Syddanmark;;"<b style='color:#494949; font-size:1.5em;margin-bottom: 10px'>nan</b><br> blev størst i Kvaglundhallen<br>"
708618;DGI-Huset Syd;9;DGI-Huset Vejle;630;57;403640;Willy Sørensens Pl 5E, 7100 Vejle;Syddanmark;;"<b style='color:#494949; font-size:1.5em;margin-bottom: 10px'>nan</b><br> blev størst i DGI-Huset Vejle<br>"
710128;Multihuset Højen Syd;10;Multihuset Højen;630;57;403640;Jenlevej 5, 7100 Vejle;Syddanmark;;"<b style='color:#494949; font-size:1.5em;margin-bottom: 10px'>nan</b><br> blev størst i Multihuset Højen<br>"
710134;Egtved Syd;6;Roberthus;630;57;403640;Tybovej 2, 6040 Egtved;Syddanmark;;"<b style='color:#494949; font-size:1.5em;margin-bottom: 10px'>nan</b><br> blev størst i Roberthus<br>"
711442;Børkop Syd;2;Englystshallen;630;57;403640;Skolebakken 1, 7080 Børkop;Syddanmark;;"<b style='color:#494949; font-size:1.5em;margin-bottom: 10px'>nan</b><br> blev størst i Englystshallen<br>"
710122;Øster Starup Syd;8;Øster Starup Skole;630;57;403640;Ådalsvej 66, Gravens, 6040 Egtved;Syddanmark;;"<b style='color:#494949; font-size:1.5em;margin-bottom: 10px'>nan</b><br> blev størst i Øster Starup Skole<br>"
703998;Rødkilde Gymnasium Syd;15;Rødkilde Gymnasium;630;57;403640;Rødkildevej 42B, 7100 Vejle;Syddanmark;;"<b style='color:#494949; font-size:1.5em;margin-bottom: 10px'>nan</b><br> blev størst i Rødkilde Gymnasium<br>"
711448;Jerlev Syd;7;Jerlev Kulturhus;630;57;403640;Smedevej 18, Jerlev, 7100 Vejle;Syddanmark;;"<b style='color:#494949; font-size:1.5em;margin-bottom: 10px'>nan</b><br> blev størst i Jerlev Kulturhus<br>"
702298;Smidstrup Syd;4;Smidstruphallen;630;57;403640;Tiufkærvej 3D, Smidstrup, 7000 Fredericia;Syddanmark;;"<b style='color:#494949; font-size:1.5em;margin-bottom: 10px'>nan</b><br> blev størst i Smidstruphallen<br>"
703992;Vinding Idræts Center Syd;11;Vinding Idræts Center;630;57;403640;Nygårdsvej 10, 7100 Vejle;Syddanmark;;"<b style='color:#494949; font-size:1.5em;margin-bottom: 10px'>nan</b><br> blev størst i Vinding Idræts Center<br>"
710116;Ødsted Syd;5;Brunmosehallen;630;57;403640;Mølkærparken 5, Ødsted, 7100 Vejle;Syddanmark;;"<b style='color:#494949; font-size:1.5em;margin-bottom: 10px'>nan</b><br> blev størst i Brunmosehallen<br>"
708612;Brejning Syd;1;Læringscenter Brejning;630;57;403640;Borgergade 19, Brejning, 7080 Børkop;Syddanmark;;"<b style='color:#494949; font-size:1.5em;margin-bottom: 10px'>nan</b><br> blev størst i Læringscenter Brejning<br>"
700976;Gårslev Syd;3;Gårslev Sognegård;630;57;403640;Skolegade 22, Gårslev, 7080 Børkop;Syddanmark;;"<b style='color:#494949; font-size:1.5em;margin-bottom: 10px'>nan</b><br> blev størst i Gårslev Sognegård<br>"
705620;CSV - Vejle Syd;14;CSV - Vejle;630;57;403640;Solsikkevej 8F, 7100 Vejle;Syddanmark;;"<b style='color:#494949; font-size:1.5em;margin-bottom: 10px'>nan</b><br> blev størst i CSV - Vejle<br>"
700984;Kvartershuset Syd;13;Kvartershuset;630;57;403640;Løget Høj 2A, 7100 Vejle;Syddanmark;;"<b style='color:#494949; font-size:1.5em;margin-bottom: 10px'>nan</b><br> blev størst i Kvartershuset<br>"
705630;Mølholmhallen Syd;12;Mølholmhallen;630;57;403640;Badevænget 14, 7100 Vejle;Syddanmark;;"<b style='color:#494949; font-size:1.5em;margin-bottom: 10px'>nan</b><br> blev størst i Mølholmhallen<br>"
709786;Gudme;23;Gudmehallerne;479;47;403615;Stærkærvej 1, 5884 Gudme;Syddanmark;;"<b style='color:#494949; font-size:1.5em;margin-bottom: 10px'>nan</b><br> blev størst i Gudmehallerne<br>"
705276;Byen;1;Midtbyhallen;479;47;403615;Johs Jørgensens Vej 10, 5700 Svendborg;Syddanmark;;"<b style='color:#494949; font-size:1.5em;margin-bottom: 10px'>nan</b><br> blev størst i Midtbyhallen<br>"
748510;Snøde;11;Nordlangelandshallen;482;47;403615;Snødevej 140B, Snøde, 5953 Tranekær;Syddanmark;;"<b style='color:#494949; font-size:1.5em;margin-bottom: 10px'>nan</b><br> blev størst i Nordlangelandshallen<br>"
705328;Egense;7;Egense Forsamlingshus;479;47;403615;Skovsbovej 338, Skovsbo, 5700 Svendborg;Syddanmark;;"<b style='color:#494949; font-size:1.5em;margin-bottom: 10px'>nan</b><br> blev størst i Egense Forsamlingshus<br>"
709768;Thurø;10;Thurøhallen;479;47;403615;Rolf Krakes Vej 20B, Thurø, 5700 Svendborg;Syddanmark;;"<b style='color:#494949; font-size:1.5em;margin-bottom: 10px'>nan</b><br> blev størst i Thurøhallen<br>"
705350;Gudbjerg;21;Gudbjerg Forsamlingshus;479;47;403615;Byvej 44, 5892 Gudbjerg Sydfyn;Syddanmark;;"<b style='color:#494949; font-size:1.5em;margin-bottom: 10px'>nan</b><br> blev størst i Gudbjerg Forsamlingshus<br>"
705344;Landet;8;Tåsinge Forsamlingshus;479;47;403615;Elvira Madigans Vej 41, Tåsinge, 5700 Svendborg;Syddanmark;;"<b style='color:#494949; font-size:1.5em;margin-bottom: 10px'>nan</b><br> blev størst i Tåsinge Forsamlingshus<br>"
707982;Oure;27;Majorgården;479;47;403615;Landevejen 155, 5883 Oure;Syddanmark;;"<b style='color:#494949; font-size:1.5em;margin-bottom: 10px'>nan</b><br> blev størst i Majorgården<br>"
709774;Kirkeby;14;Kirkeby Forsamlingshus;479;47;403615;Vævervej 6, Kirkeby, 5771 Stenstrup;Syddanmark;;"<b style='color:#494949; font-size:1.5em;margin-bottom: 10px'>nan</b><br> blev størst i Kirkeby Forsamlingshus<br>"
701964;Stenstrup;17;Stenstrup Forsamlingshus;479;47;403615;Stenstrup Torv 1, 5771 Stenstrup;Syddanmark;;"<b style='color:#494949; font-size:1.5em;margin-bottom: 10px'>nan</b><br> blev størst i Stenstrup Forsamlingshus<br>"
703708;Drejø;6;Drejø Kro;479;47;403615;Vigsvej 1, Drejø, 5700 Svendborg;Syddanmark;;"<b style='color:#494949; font-size:1.5em;margin-bottom: 10px'>nan</b><br> blev størst i Drejø Kro<br>"
704594;Rudkøbing;5;Værkstedsgården;482;47;403615;Havnegade 118B, 5900 Rudkøbing;Syddanmark;;"<b style='color:#494949; font-size:1.5em;margin-bottom: 10px'>nan</b><br> blev størst i Værkstedsgården<br>"
703734;Skårup;9;Skåruphallen;479;47;403615;Åbyvejen 43, 5881 Skårup Fyn;Syddanmark;;"<b style='color:#494949; font-size:1.5em;margin-bottom: 10px'>nan</b><br> blev størst i Skåruphallen<br>"
701464;Tullebølle;7;Tullebøllehallen;482;47;403615;Løkkebyvej 2A, Tullebølle, 5953 Tranekær;Syddanmark;;"<b style='color:#494949; font-size:1.5em;margin-bottom: 10px'>nan</b><br> blev størst i Tullebøllehallen<br>"
703728;Tved;11;Tved Forsamlingshus;479;47;403615;Skolevej 4, Tved, 5700 Svendborg;Syddanmark;;"<b style='color:#494949; font-size:1.5em;margin-bottom: 10px'>nan</b><br> blev størst i Tved Forsamlingshus<br>"
704630;Humble;2;Humblehallen;482;47;403615;Hallinggade 25B, 5932 Humble;Syddanmark;;"<b style='color:#494949; font-size:1.5em;margin-bottom: 10px'>nan</b><br> blev størst i Humblehallen<br>"
706616;Ollerup;16;Ø. Skerninge Forsamlingshus;479;47;403615;Midtervej 30, 5762 Vester Skerninge;Syddanmark;;"<b style='color:#494949; font-size:1.5em;margin-bottom: 10px'>nan</b><br> blev størst i Ø. Skerninge Forsamlingshus<br>"
708006;V.Skerninge;19;Vester Skerninge Forsamlingshus;479;47;403615;Fåborgvej 72B, 5762 Vester Skerninge;Syddanmark;;"<b style='color:#494949; font-size:1.5em;margin-bottom: 10px'>nan</b><br> blev størst i Vester Skerninge Forsamlingshus<br>"
701944;Nordre;2;Svendborg Erhvervsskole og Gym;479;47;403615;Porthusvej 71A, 5700 Svendborg;Syddanmark;;"<b style='color:#494949; font-size:1.5em;margin-bottom: 10px'>nan</b><br> blev størst i Svendborg Erhvervsskole og Gym<br>"
748110;Bjerreby;4;Bjerreby Forsamlingshus;479;47;403615;Bjerrebyvej 66, Tåsinge, 5700 Svendborg;Syddanmark;;"<b style='color:#494949; font-size:1.5em;margin-bottom: 10px'>nan</b><br> blev størst i Bjerreby Forsamlingshus<br>"
705356;Østre;3;Nymarkskolens Hal;479;47;403615;Marslevvej 1, 5700 Svendborg;Syddanmark;;"<b style='color:#494949; font-size:1.5em;margin-bottom: 10px'>nan</b><br> blev størst i Nymarkskolens Hal<br>"
707990;Bregninge;5;Taasingehallen;479;47;403615;Eskærvej 65, Tåsinge, 5700 Svendborg;Syddanmark;;"<b style='color:#494949; font-size:1.5em;margin-bottom: 10px'>nan</b><br> blev størst i Taasingehallen<br>"
707504;Bagenkop;1;Bagenkophallen;482;47;403615;Stationsvej 6A, 5935 Bagenkop;Syddanmark;;"<b style='color:#494949; font-size:1.5em;margin-bottom: 10px'>nan</b><br> blev størst i Bagenkophallen<br>"
712298;Hesselager;25;Stokkebækskolen, afd. Hesselager;479;47;403615;Skolevej 50, 5874 Hesselager;Syddanmark;;"<b style='color:#494949; font-size:1.5em;margin-bottom: 10px'>nan</b><br> blev størst i Stokkebækskolen, afd. Hesselager<br>"
702812;Lumby Skole;13;Lumby Skole, Gymnastiksalen;461;42;403612;Harlekinvej 74, Lumby, 5270 Odense N;Syddanmark;;"<b style='color:#494949; font-size:1.5em;margin-bottom: 10px'>nan</b><br> blev størst i Lumby Skole, Gymnastiksalen<br>"
702830;Paarup Hallen;19;Paarup Hallen, Anneks Hallen;461;42;403612;Paarupvej 21, Paarup, 5210 Odense NV;Syddanmark;;"<b style='color:#494949; font-size:1.5em;margin-bottom: 10px'>nan</b><br> blev størst i Paarup Hallen, Anneks Hallen<br>"
708782;CSV-Skolen;12;CSV-Skolen, Sportshallen;461;42;403612;Rismarksvej 80, Højstrup, 5200 Odense V;Syddanmark;;"<b style='color:#494949; font-size:1.5em;margin-bottom: 10px'>nan</b><br> blev størst i CSV-Skolen, Sportshallen<br>"
701218;Spurvelundskolen;16;Spurvelundskolen, Gymnastiksalen;461;42;403612;Spurvelundsvej 16, Næsbyhoved-Broby, 5270 Odense N;Syddanmark;;"<b style='color:#494949; font-size:1.5em;margin-bottom: 10px'>nan</b><br> blev størst i Spurvelundskolen, Gymnastiksalen<br>"
702824;Stige Skole;14;Stige Skole, Gymnastiksalen;461;42;403612;Stigevej 247, Stige, 5270 Odense N;Syddanmark;;"<b style='color:#494949; font-size:1.5em;margin-bottom: 10px'>nan</b><br> blev størst i Stige Skole, Gymnastiksalen<br>"
702818;Kroggårdsskolen;17;Kroggårdsskolen, Gymnastiksalen;461;42;403612;Smedebakken 24, Næsby, 5270 Odense N;Syddanmark;;"<b style='color:#494949; font-size:1.5em;margin-bottom: 10px'>nan</b><br> blev størst i Kroggårdsskolen, Gymnastiksalen<br>"
701224;Tarup Skole;18;Tarup Skole, Aulaen;461;42;403612;Tarupgårdsvej 1, Tarup, 5210 Odense NV;Syddanmark;;"<b style='color:#494949; font-size:1.5em;margin-bottom: 10px'>nan</b><br> blev størst i Tarup Skole, Aulaen<br>"
707300;UCL Seebladsgade;11;UCL Seebladsgade;461;42;403612;Seebladsgade 1, 5000 Odense C;Syddanmark;;"<b style='color:#494949; font-size:1.5em;margin-bottom: 10px'>nan</b><br> blev størst i UCL Seebladsgade<br>"
710430;Korup Skole;20;Korup Skole, Gymnastiksalen;461;42;403612;Præstevej 2, Korup, 5210 Odense NV;Syddanmark;;"<b style='color:#494949; font-size:1.5em;margin-bottom: 10px'>nan</b><br> blev størst i Korup Skole, Gymnastiksalen<br>"
707308;Ubberud Kultur og Bevægelseshus;21;Ubberud Kultur og Bevægelseshus;461;42;403612;Ubberudvej 30, Ubberud, 5491 Blommenslyst;Syddanmark;;"<b style='color:#494949; font-size:1.5em;margin-bottom: 10px'>nan</b><br> blev størst i Ubberud Kultur og Bevægelseshus<br>"
709732;Herslev;4;Herslev Forsamlingshus;607;58;403622;Herslev Kirkevej 4, Herslev, 7000 Fredericia;Syddanmark;;"<b style='color:#494949; font-size:1.5em;margin-bottom: 10px'>nan</b><br> blev størst i Herslev Forsamlingshus<br>"
749377;Gymnasiet 2;9;Fredericia Gymnasium 2;607;58;403622;Nørrebrogade 88, 7000 Fredericia;Syddanmark;;"<b style='color:#494949; font-size:1.5em;margin-bottom: 10px'>nan</b><br> blev størst i Fredericia Gymnasium 2<br>"
709738;Bredstrup-Pjedsted;2;Bredstrup-Pjedstedhallen;607;58;403622;Ågade 70, Bredstrup, 7000 Fredericia;Syddanmark;;"<b style='color:#494949; font-size:1.5em;margin-bottom: 10px'>nan</b><br> blev størst i Bredstrup-Pjedstedhallen<br>"
711148;Bøgeskov;7;Bøgeskovhallen;607;58;403622;Bøgeskovvej 37C, Bøgeskov, 7000 Fredericia;Syddanmark;;"<b style='color:#494949; font-size:1.5em;margin-bottom: 10px'>nan</b><br> blev størst i Bøgeskovhallen<br>"
701876;Erritsø;3;Erritsø Idrætscenter;607;58;403622;Krogsagervej 40, Erritsø, 7000 Fredericia;Syddanmark;;"<b style='color:#494949; font-size:1.5em;margin-bottom: 10px'>nan</b><br> blev størst i Erritsø Idrætscenter<br>"
707936;Gymnasiet 1;1;Fredericia Gymnasium 1;607;58;403622;Nørrebrogade 88, 7000 Fredericia;Syddanmark;;"<b style='color:#494949; font-size:1.5em;margin-bottom: 10px'>nan</b><br> blev størst i Fredericia Gymnasium 1<br>"
712216;Indre By;8;Fredericia Rådhus;607;58;403622;Gothersgade 20, 7000 Fredericia;Syddanmark;;"<b style='color:#494949; font-size:1.5em;margin-bottom: 10px'>nan</b><br> blev størst i Fredericia Rådhus<br>"
707944;Søndermarken;6;Fredericia Idrætscenter;607;58;403622;Vestre Ringvej 100, 7000 Fredericia;Syddanmark;;"<b style='color:#494949; font-size:1.5em;margin-bottom: 10px'>nan</b><br> blev størst i Fredericia Idrætscenter<br>"
705216;Taulov;5;Elbo-Hallen;607;58;403622;Tingvejen 24A, Taulov, 7000 Fredericia;Syddanmark;;"<b style='color:#494949; font-size:1.5em;margin-bottom: 10px'>nan</b><br> blev størst i Elbo-Hallen<br>"
709148;Arnum;21;Arnum Forsamlingshus;510;61;403617;Vinkelvej 1, Arnum, 6510 Gram;Syddanmark;;"<b style='color:#494949; font-size:1.5em;margin-bottom: 10px'>nan</b><br> blev størst i Arnum Forsamlingshus<br>"
711866;Øsby;8;Øsby Hallen;510;61;403617;Øsby Stadionvej 6, Øsby, 6100 Haderslev;Syddanmark;;"<b style='color:#494949; font-size:1.5em;margin-bottom: 10px'>nan</b><br> blev størst i Øsby Hallen<br>"
711872;Kelstrup;10;Næs Hallen;510;61;403617;Kelstrup Bygade 45, 6100 Haderslev;Syddanmark;;"<b style='color:#494949; font-size:1.5em;margin-bottom: 10px'>nan</b><br> blev størst i Næs Hallen<br>"
703422;Marstrup;12;Marstrup Hallen;510;61;403617;Kærsmindevej 3A, Marstrup, 6100 Haderslev;Syddanmark;;"<b style='color:#494949; font-size:1.5em;margin-bottom: 10px'>nan</b><br> blev størst i Marstrup Hallen<br>"
703202;Hammelev;13;Hammelev Hallen;510;61;403617;Hammelev Bygade 28A, Hammelev, 6500 Vojens;Syddanmark;;"<b style='color:#494949; font-size:1.5em;margin-bottom: 10px'>nan</b><br> blev størst i Hammelev Hallen<br>"
710748;Nustrup;19;Nustrup Sogns Forsamlingsgaard;510;61;403617;Skolevej 62, Nustrup, 6500 Vojens;Syddanmark;;"<b style='color:#494949; font-size:1.5em;margin-bottom: 10px'>nan</b><br> blev størst i Nustrup Sogns Forsamlingsgaard<br>"
709300;Aarø;7;Aarø Forsamlingshus;510;61;403617;Aarø 182, 6100 Haderslev;Syddanmark;;"<b style='color:#494949; font-size:1.5em;margin-bottom: 10px'>nan</b><br> blev størst i Aarø Forsamlingshus<br>"
704736;Fjelstrup;5;Fjelstrup Forsamlingshus;510;61;403617;Stadion Alle 4, Fjelstrup, 6100 Haderslev;Syddanmark;;"<b style='color:#494949; font-size:1.5em;margin-bottom: 10px'>nan</b><br> blev størst i Fjelstrup Forsamlingshus<br>"
701494;Moltrup;4;Moltrup Idrætsforenings Klubhus;510;61;403617;Møllesvinget 58, Moltrup, 6100 Haderslev;Syddanmark;;"<b style='color:#494949; font-size:1.5em;margin-bottom: 10px'>nan</b><br> blev størst i Moltrup Idrætsforenings Klubhus<br>"
709390;Fole;22;Fole Forsamlingshus;510;61;403617;Folevej 54, Fole, 6510 Gram;Syddanmark;;"<b style='color:#494949; font-size:1.5em;margin-bottom: 10px'>nan</b><br> blev størst i Fole Forsamlingshus<br>"
707620;Vojens;17;Vojens Hallerne;510;61;403617;Stadionparken 6, 6500 Vojens;Syddanmark;;"<b style='color:#494949; font-size:1.5em;margin-bottom: 10px'>nan</b><br> blev størst i Vojens Hallerne<br>"
704724;Haderslev Vest;3;Sct. Severin Skolen;510;61;403617;Moltrupvej 1A, 6100 Haderslev;Syddanmark;;"<b style='color:#494949; font-size:1.5em;margin-bottom: 10px'>nan</b><br> blev størst i Sct. Severin Skolen<br>"
709412;Hoptrup;11;Hoptrup Aktivitetscenter;510;61;403617;Lillegård 7, Hoptrup, 6100 Haderslev;Syddanmark;;"<b style='color:#494949; font-size:1.5em;margin-bottom: 10px'>nan</b><br> blev størst i Hoptrup Aktivitetscenter<br>"
704730;Skrydstrup;16;Skrydstrup Sognehus;510;61;403617;Ribevej 51, Skrydstrup, 6500 Vojens;Syddanmark;;"<b style='color:#494949; font-size:1.5em;margin-bottom: 10px'>nan</b><br> blev størst i Skrydstrup Sognehus<br>"
706202;Over Jerstal;14;Skausminde Områdecenter;510;61;403617;Hovedgaden Øst 61A, Over Jerstal, 6500 Vojens;Syddanmark;;"<b style='color:#494949; font-size:1.5em;margin-bottom: 10px'>nan</b><br> blev størst i Skausminde Områdecenter<br>"
706096;Haderslev Nord;1;Haderslev Idrætscenter;510;61;403617;Stadionvej 5, 6100 Haderslev;Syddanmark;;"<b style='color:#494949; font-size:1.5em;margin-bottom: 10px'>nan</b><br> blev størst i Haderslev Idrætscenter<br>"
707612;Sommersted;18;Sommersted Hallen;510;61;403617;Vestermarksvej 2C, 6560 Sommersted;Syddanmark;;"<b style='color:#494949; font-size:1.5em;margin-bottom: 10px'>nan</b><br> blev størst i Sommersted Hallen<br>"
703080;Bevtoft;15;Bevtoft Forsamlingshus;510;61;403617;Neder Jerstalvej 2, 6541 Bevtoft;Syddanmark;;"<b style='color:#494949; font-size:1.5em;margin-bottom: 10px'>nan</b><br> blev størst i Bevtoft Forsamlingshus<br>"
710846;Starup;9;Starup Hallen;510;61;403617;Starup Skolevej 33A, 6100 Haderslev;Syddanmark;;"<b style='color:#494949; font-size:1.5em;margin-bottom: 10px'>nan</b><br> blev størst i Starup Hallen<br>"
707626;Haderslev Syd;2;Erlev Skole;510;61;403617;Gammel Hørregårdsvej 29, 6100 Haderslev;Syddanmark;;"<b style='color:#494949; font-size:1.5em;margin-bottom: 10px'>nan</b><br> blev størst i Erlev Skole<br>"
709256;Aastrup;6;Nordenfjords Huset;510;61;403617;Aastrup Alle 73, 6100 Haderslev;Syddanmark;;"<b style='color:#494949; font-size:1.5em;margin-bottom: 10px'>nan</b><br> blev størst i Nordenfjords Huset<br>"
703400;Gram;20;Gram Fritidscenter;510;61;403617;Stadionvej 15, 6510 Gram;Syddanmark;;"<b style='color:#494949; font-size:1.5em;margin-bottom: 10px'>nan</b><br> blev størst i Gram Fritidscenter<br>"
701932;Alminde-Viuf/Vester Nebel;6;Alminde-Viuf Hallen;621;59;403626;Storgaden 9, 6052 Viuf;Syddanmark;;"<b style='color:#494949; font-size:1.5em;margin-bottom: 10px'>nan</b><br> blev størst i Alminde-Viuf Hallen<br>"
708000;Lunderskov/Jordrup;7;Lunderskovhallen;621;59;403626;Kobbelvænget 1, 6640 Lunderskov;Syddanmark;;"<b style='color:#494949; font-size:1.5em;margin-bottom: 10px'>nan</b><br> blev størst i Lunderskovhallen<br>"
706610;Centrum Nord;1;Parkhallen;621;59;403626;Fynsvej 49, 6000 Kolding;Syddanmark;;"<b style='color:#494949; font-size:1.5em;margin-bottom: 10px'>nan</b><br> blev størst i Parkhallen<br>"
705338;Strandhuse/Nr. Bjert/ Eltang;4;Lyshøjhallen;621;59;403626;Lyshøj Alle 1, Strandhuse, 6000 Kolding;Syddanmark;;"<b style='color:#494949; font-size:1.5em;margin-bottom: 10px'>nan</b><br> blev størst i Lyshøjhallen<br>"
706604;Vestbyen;3;Munkevængets Hal;621;59;403626;Munkevænget 4, 6000 Kolding;Syddanmark;;"<b style='color:#494949; font-size:1.5em;margin-bottom: 10px'>nan</b><br> blev størst i Munkevængets Hal<br>"
701938;Nordbyen;2;Kolding Realskole;621;59;403626;Dyrehavevej 108, 6000 Kolding;Syddanmark;;"<b style='color:#494949; font-size:1.5em;margin-bottom: 10px'>nan</b><br> blev størst i Kolding Realskole<br>"
706622;Bramdrupdam;5;Forum Kolding;621;59;403626;Bramdrupskovvej 110, Bramdrupdam, 6000 Kolding;Syddanmark;;"<b style='color:#494949; font-size:1.5em;margin-bottom: 10px'>nan</b><br> blev størst i Forum Kolding<br>"
711662;Camp U;35;Camp U (tidl. Humlehaveskolen), Konferencerum;461;41;403610;Risingsvej 118, 5240 Odense NØ;Syddanmark;;"<b style='color:#494949; font-size:1.5em;margin-bottom: 10px'>nan</b><br> blev størst i Camp U (tidl. Humlehaveskolen), Konferencerum<br>"
746369;Skt. Jørgens Hallen;1;Skt. Jørgens Hallen;461;41;403610;Danmarksgade 12, 5000 Odense C;Syddanmark;;"<b style='color:#494949; font-size:1.5em;margin-bottom: 10px'>nan</b><br> blev størst i Skt. Jørgens Hallen<br>"
705850;Risingskolen;3;Risingskolen, Festsalen;461;41;403610;Risingsvej 25, 5000 Odense C;Syddanmark;;"<b style='color:#494949; font-size:1.5em;margin-bottom: 10px'>nan</b><br> blev størst i Risingskolen, Festsalen<br>"
705856;Agedrup Skole;6;Agedrup Skole, Foredragssalen;461;41;403610;Brolandvej 16, Agedrup, 5320 Agedrup;Syddanmark;;"<b style='color:#494949; font-size:1.5em;margin-bottom: 10px'>nan</b><br> blev størst i Agedrup Skole, Foredragssalen<br>"
707258;Marienlystcentret;2;Marienlystcentret;461;41;403610;Windelsvej 138, 5000 Odense C;Syddanmark;;"<b style='color:#494949; font-size:1.5em;margin-bottom: 10px'>nan</b><br> blev størst i Marienlystcentret<br>"
705862;UngOdense (Tidl.Bækholmskolen);36;UngOdense, (tidl. Bækholmskolen), Tumlesalen;461;41;403610;Niels Bohrs Allé 210, Tornbjerg, 5220 Odense SØ;Syddanmark;;"<b style='color:#494949; font-size:1.5em;margin-bottom: 10px'>nan</b><br> blev størst i UngOdense, (tidl. Bækholmskolen), Tumlesalen<br>"
711668;Munkebjergskolen;4;Munkebjergskolen, Sportshallen;461;41;403610;Fengersvej 6, 5230 Odense M;Syddanmark;;"<b style='color:#494949; font-size:1.5em;margin-bottom: 10px'>nan</b><br> blev størst i Munkebjergskolen, Sportshallen<br>"
708762;Fjordager-Hallen;7;Fjordager-Hallen;461;41;403610;Strandvejen 39, Seden, 5240 Odense NØ;Syddanmark;;"<b style='color:#494949; font-size:1.5em;margin-bottom: 10px'>nan</b><br> blev størst i Fjordager-Hallen<br>"
707294;Ejerslykkeskolen;5;Ejerslykkeskolen, Gymnastiksalen;461;41;403610;Rødegårdsvej 164, 5230 Odense M;Syddanmark;;"<b style='color:#494949; font-size:1.5em;margin-bottom: 10px'>nan</b><br> blev størst i Ejerslykkeskolen, Gymnastiksalen<br>"
710386;Fraugde Fritidscenter;9;Fraugde Fritidscenter, Hallen;461;41;403610;Stat-Ene-Vej 18, Fraugde, 5220 Odense SØ;Syddanmark;;"<b style='color:#494949; font-size:1.5em;margin-bottom: 10px'>nan</b><br> blev størst i Fraugde Fritidscenter, Hallen<br>"
709030;Billum;5;Billum Kro;573;54;403620;Vesterhavsvej 25, 6852 Billum;Syddanmark;;"<b style='color:#494949; font-size:1.5em;margin-bottom: 10px'>nan</b><br> blev størst i Billum Kro<br>"
707498;Oksbøl;18;Rådhussalen (Det Gamle Rådhus);573;54;403620;Kirkegade 5, 6840 Oksbøl;Syddanmark;;"<b style='color:#494949; font-size:1.5em;margin-bottom: 10px'>nan</b><br> blev størst i Rådhussalen (Det Gamle Rådhus)<br>"
706078;Nordenskov;28;Nordenskov-Næsbjerg Skole, NUIF´s klublokale;573;54;403620;Sønderskovvej 107, Nordenskov, 6800 Varde;Syddanmark;;"<b style='color:#494949; font-size:1.5em;margin-bottom: 10px'>nan</b><br> blev størst i Nordenskov-Næsbjerg Skole, NUIF´s klublokale<br>"
704654;Fåborg;24;Fåborg Kro;573;54;403620;Krosvinget 1, Fåborg, 6818 Årre;Syddanmark;;"<b style='color:#494949; font-size:1.5em;margin-bottom: 10px'>nan</b><br> blev størst i Fåborg Kro<br>"
710662;Outrup;15;Hotel Outrup;573;54;403620;Jernbanegade 2, 6855 Outrup;Syddanmark;;"<b style='color:#494949; font-size:1.5em;margin-bottom: 10px'>nan</b><br> blev størst i Hotel Outrup<br>"
704624;Tistrup;31;Hodde-Tistrup Hallen;573;54;403620;Lærkevej 23, 6862 Tistrup;Syddanmark;;"<b style='color:#494949; font-size:1.5em;margin-bottom: 10px'>nan</b><br> blev størst i Hodde-Tistrup Hallen<br>"
703068;Henne;14;Restaurant Stausø;573;54;403620;Klintingvej 204, Stausø, 6854 Henne;Syddanmark;;"<b style='color:#494949; font-size:1.5em;margin-bottom: 10px'>nan</b><br> blev størst i Restaurant Stausø<br>"
709054;Skovlund;33;Skovlund Kulturhus;573;54;403620;Solbakken 2B, Skovlund, 6823 Ansager;Syddanmark;;"<b style='color:#494949; font-size:1.5em;margin-bottom: 10px'>nan</b><br> blev størst i Skovlund Kulturhus<br>"
704648;Starup;27;Starup Multihus;573;54;403620;Smedebakken 16, Starup, 7200 Grindsted;Syddanmark;;"<b style='color:#494949; font-size:1.5em;margin-bottom: 10px'>nan</b><br> blev størst i Starup Multihus<br>"
706084;Janderup;9;Eventyrgården;573;54;403620;Vesterled 52, 6851 Janderup Vestj;Syddanmark;;"<b style='color:#494949; font-size:1.5em;margin-bottom: 10px'>nan</b><br> blev størst i Eventyrgården<br>"
707430;Nørre Nebel;13;Form & Fritid Nørre Nebel;573;54;403620;Klintingvej 21, 6830 Nørre Nebel;Syddanmark;;"<b style='color:#494949; font-size:1.5em;margin-bottom: 10px'>nan</b><br> blev størst i Form & Fritid Nørre Nebel<br>"
710668;Lunde;10;Lunde Forsamlingshus;573;54;403620;Skolegade 51, Lunde, 6830 Nørre Nebel;Syddanmark;;"<b style='color:#494949; font-size:1.5em;margin-bottom: 10px'>nan</b><br> blev størst i Lunde Forsamlingshus<br>"
709048;Tinghøj;6;Tinghøj Forsamlingshus;573;54;403620;Stilbjergvej 57, Tinghøj, 6800 Varde;Syddanmark;;"<b style='color:#494949; font-size:1.5em;margin-bottom: 10px'>nan</b><br> blev størst i Tinghøj Forsamlingshus<br>"
704642;Alslev;7;Alslev Forsamlingshus;573;54;403620;Bredgade 34, Alslev, 6800 Varde;Syddanmark;;"<b style='color:#494949; font-size:1.5em;margin-bottom: 10px'>nan</b><br> blev størst i Alslev Forsamlingshus<br>"
707562;Næsbjerg;26;Næsbjerg Skole - Hallen. Indgang fra Hovedgaden 55;573;54;403620;Hovedgaden 55, Næsbjerg, 6800 Varde;Syddanmark;;"<b style='color:#494949; font-size:1.5em;margin-bottom: 10px'>nan</b><br> blev størst i Næsbjerg Skole - Hallen. Indgang fra Hovedgaden 55<br>"
707556;Horne;8;Horne Hallen;573;54;403620;Stadionvej 21, Horne, 6800 Varde;Syddanmark;;"<b style='color:#494949; font-size:1.5em;margin-bottom: 10px'>nan</b><br> blev størst i Horne Hallen<br>"
701470;Varde By;1;Sportium, mødelokale 1 og 2;573;54;403620;Lerpøtvej 55, 6800 Varde;Syddanmark;;"<b style='color:#494949; font-size:1.5em;margin-bottom: 10px'>nan</b><br> blev størst i Sportium, mødelokale 1 og 2<br>"
709060;Årre;22;Årre Kro;573;54;403620;Skolegade 13, 6818 Årre;Syddanmark;;"<b style='color:#494949; font-size:1.5em;margin-bottom: 10px'>nan</b><br> blev størst i Årre Kro<br>"
707512;Sig;4;Birgittegården, Rød Stue;573;54;403620;Falkevej 4A, Sig, 6800 Varde;Syddanmark;;"<b style='color:#494949; font-size:1.5em;margin-bottom: 10px'>nan</b><br> blev størst i Birgittegården, Rød Stue<br>"
710690;Ølgod;30;Ølgod Hallen - Bemærk NYT afstemningssted;573;54;403620;Skolegade 18, 6870 Ølgod;Syddanmark;;"<b style='color:#494949; font-size:1.5em;margin-bottom: 10px'>nan</b><br> blev størst i Ølgod Hallen - Bemærk NYT afstemningssted<br>"
708972;Blåvand;19;Blåvand Borgerhus;573;54;403620;Blåvandvej 30A, 6857 Blåvand;Syddanmark;;"<b style='color:#494949; font-size:1.5em;margin-bottom: 10px'>nan</b><br> blev størst i Blåvand Borgerhus<br>"
704694;Agerbæk;23;Agerbæk Hotel;573;54;403620;Storegade 7, 6753 Agerbæk;Syddanmark;;"<b style='color:#494949; font-size:1.5em;margin-bottom: 10px'>nan</b><br> blev størst i Agerbæk Hotel<br>"
701482;Ansager;32;Skovlund-Ansager Hallen, Mini-hallen;573;54;403620;Lærkevej 16, 6823 Ansager;Syddanmark;;"<b style='color:#494949; font-size:1.5em;margin-bottom: 10px'>nan</b><br> blev størst i Skovlund-Ansager Hallen, Mini-hallen<br>"
